{
  "type": "FeatureCollection",
  "generator": "overpass-turbo",
  "copyright": "The data included in this document is from www.openstreetmap.org. The data is made available under ODbL.",
  "timestamp": "2026-08-11T20:17:01Z",
  "features": [
    {
      "type": "Feature",
      "properties": {
        "@id": "node/32924797",
        "amenity": "fuel",
        "branch": "Františkovy Lázně, Horní Lomany",
        "brand": "MOL",
        "brand:facebook": "molcesko",
        "brand:instagram": "mol_cesko",
        "brand:website": "https://molcesko.cz/cz",
        "brand:wikidata": "Q549181",
        "brand:wikipedia": "cs:MOL (holding)",
        "compressed_air": "yes",
        "fuel:HGV_diesel": "yes",
        "fuel:diesel": "yes",
        "fuel:lpg": "yes",
        "fuel:octane_100": "yes",
        "fuel:octane_95": "yes",
        "internet_access": "wlan",
        "internet_access:fee": "customers",
        "name": "MOL",
        "opening_hours": "Mo-Su 05:30-22:00",
        "operator": "MOL Česká republika",
        "payment:american_express": "yes",
        "payment:cash": "yes",
        "payment:ccs": "yes",
        "payment:dkv": "yes",
        "payment:e100": "yes",
        "payment:eurooil": "yes",
        "payment:ina": "yes",
        "payment:maestro": "yes",
        "payment:mastercard": "yes",
        "payment:mol": "yes",
        "payment:slovnaft": "yes",
        "payment:uta": "yes",
        "payment:v_pay": "yes",
        "payment:visa": "yes",
        "source": "local knowledge",
        "toilets": "yes",
        "wheelchair": "yes"
      },
      "geometry": {
        "type": "Point",
        "coordinates": [
          12.3581804,
          50.1274567
        ]
      },
      "id": "node/32924797"
    },
    {
      "type": "Feature",
      "properties": {
        "@id": "node/33711408",
        "amenity": "fuel",
        "branch": "Františkovy Lázně",
        "brand": "Orlen",
        "brand:facebook": "orlencz",
        "brand:website": "https://www.orlen.cz",
        "brand:wikidata": "Q971649",
        "brand:wikipedia": "cs:Orlen",
        "compressed_air": "yes",
        "fuel:HGV_diesel": "yes",
        "fuel:diesel": "yes",
        "fuel:octane_100": "yes",
        "fuel:octane_95": "yes",
        "internet_access": "wlan",
        "internet_access:fee": "customers",
        "name": "Orlen",
        "opening_hours": "24/7",
        "operator": "Orlen Unipetrol RPA",
        "phone": "+420354542271",
        "toilets": "yes",
        "wheelchair": "yes"
      },
      "geometry": {
        "type": "Point",
        "coordinates": [
          12.3684521,
          50.1225014
        ]
      },
      "id": "node/33711408"
    },
    {
      "type": "Feature",
      "properties": {
        "@id": "node/39826162",
        "amenity": "fuel",
        "brand": "Orlen",
        "brand:facebook": "https://www.facebook.com/orlencz",
        "brand:website": "https://www.orlen.cz",
        "brand:wikidata": "Q971649",
        "brand:wikipedia": "cs:Orlen",
        "compressed_air": "yes",
        "fuel:diesel": "yes",
        "fuel:octane_100": "yes",
        "fuel:octane_95": "yes",
        "internet_access": "wlan",
        "internet_access:fee": "customers",
        "name": "Orlen",
        "opening_hours": "Mo-Su 05:00-24:00",
        "operator": "Orlen Unipetrol RPA s.r.o. - Benzina, odštěpný závod",
        "phone": "+420474629511",
        "toilets": "yes",
        "wheelchair": "yes"
      },
      "geometry": {
        "type": "Point",
        "coordinates": [
          13.3883901,
          50.4580367
        ]
      },
      "id": "node/39826162"
    },
    {
      "type": "Feature",
      "properties": {
        "@id": "node/43141125",
        "addr:city": "Praha 5",
        "addr:housenumber": "1136/6",
        "addr:place": "Hlubočepy",
        "addr:postcode": "15200",
        "addr:street": "K Barrandovu",
        "amenity": "fuel",
        "brand": "MOL",
        "brand:wikidata": "Q549181",
        "brand:wikipedia": "en:MOL (company)",
        "compressed_air": "yes",
        "fuel:diesel": "yes",
        "fuel:octane_100": "yes",
        "fuel:octane_95": "yes",
        "name": "MOL, Praha 5, K Barrandovu",
        "opening_hours": "24/7",
        "operator": "MOL Česká republika, s.r.o.",
        "ref:CZ:evcs": "02616150",
        "ref:zabaged": "4199605499592704",
        "website": "https://molcesko.cz/"
      },
      "geometry": {
        "type": "Point",
        "coordinates": [
          14.3807179,
          50.0301569
        ]
      },
      "id": "node/43141125"
    },
    {
      "type": "Feature",
      "properties": {
        "@id": "node/51214822",
        "amenity": "fuel",
        "brand": "Free1 GAS",
        "email": "liskova@f1gas.cz",
        "fuel:diesel": "yes",
        "fuel:octane_95": "yes",
        "fuel:octane_98": "yes",
        "name": "Free1 GAS Lísková",
        "opening_hours": "off",
        "operator": "TOP TANK s.r.o.",
        "phone": "+420 379 422 087",
        "website": "https://www.f1gas.eu/station/map-detail/21",
        "wheelchair": "no"
      },
      "geometry": {
        "type": "Point",
        "coordinates": [
          12.7194349,
          49.4197245
        ]
      },
      "id": "node/51214822"
    },
    {
      "type": "Feature",
      "properties": {
        "@id": "node/60609942",
        "amenity": "fuel",
        "brand": "EuroOil",
        "contact:website": "https://www.ceproas.cz/eurooil",
        "fuel:diesel": "yes",
        "fuel:lpg": "yes",
        "fuel:octane_95": "yes",
        "fuel:octane_98": "yes",
        "internet_access": "wlan",
        "internet_access:fee": "no",
        "name": "EuroOil Nehvizdy",
        "opening_hours": "24/7",
        "operator": "Čepro, a.s.",
        "payment:cash": "Mo-Su 05:30-22:00",
        "ref": "129",
        "shop": "gas"
      },
      "geometry": {
        "type": "Point",
        "coordinates": [
          14.7230009,
          50.1301262
        ]
      },
      "id": "node/60609942"
    },
    {
      "type": "Feature",
      "properties": {
        "@id": "node/70835150",
        "addr:conscriptionnumber": "234",
        "addr:housenumber": "234",
        "addr:place": "Žerůvky",
        "addr:postcode": "77900",
        "amenity": "fuel",
        "brand": "Benzina",
        "brand:wikidata": "Q11130894",
        "compressed_air": "no",
        "description": "STOP Cafe",
        "fuel:diesel": "yes",
        "fuel:discount": "Vitay",
        "fuel:octane_95": "yes",
        "fuel:octane_98": "yes",
        "name": "Benzina - Orlen",
        "name:pl": "Orlen",
        "opening_hours": "24/7",
        "operator": "PKN Orlen",
        "payment:credit_cards": "yes",
        "ref:ruian:addr": "73284351",
        "toilets": "yes",
        "toilets:wheelchair": "yes"
      },
      "geometry": {
        "type": "Point",
        "coordinates": [
          17.1834732,
          49.5517913
        ]
      },
      "id": "node/70835150"
    },
    {
      "type": "Feature",
      "properties": {
        "@id": "node/70835439",
        "amenity": "fuel",
        "brand": "MOL",
        "brand:wikidata": "Q549181",
        "brand:wikipedia": "cs:MOL (holding)",
        "fuel:diesel": "yes",
        "fuel:lpg": "yes",
        "fuel:octane_95": "yes",
        "fuel:octane_98": "yes",
        "name": "MOL, Vyškov - D1",
        "opening_hours": "24/7",
        "operator": "MOL Česká republika, s.r.o.",
        "website": "https://molcesko.cz/"
      },
      "geometry": {
        "type": "Point",
        "coordinates": [
          16.9917636,
          49.2601831
        ]
      },
      "id": "node/70835439"
    },
    {
      "type": "Feature",
      "properties": {
        "@id": "node/78342516",
        "amenity": "fuel",
        "brand": "OMV",
        "brand:wikidata": "Q168238",
        "brand:wikipedia": "en:OMV",
        "fuel:adblue": "yes",
        "fuel:diesel": "yes",
        "fuel:lpg": "yes",
        "fuel:octane_100": "yes",
        "fuel:octane_95": "yes",
        "name": "OMV",
        "opening_hours": "24/7",
        "operator": "OMV",
        "phone": "+420 582 330 333",
        "shop": "yes",
        "toilets": "yes",
        "toilets:access": "permissive",
        "wheelchair": "yes"
      },
      "geometry": {
        "type": "Point",
        "coordinates": [
          17.1147016,
          49.4470203
        ]
      },
      "id": "node/78342516"
    },
    {
      "type": "Feature",
      "properties": {
        "@id": "node/82566351",
        "addr:city": "Libiš",
        "addr:conscriptionnumber": "617",
        "addr:country": "CZ",
        "addr:housenumber": "617",
        "addr:postcode": "27711",
        "addr:street": "Mělnická",
        "amenity": "fuel",
        "brand": "MOL",
        "brand:wikidata": "Q549181",
        "brand:wikipedia": "en:MOL (company)",
        "compressed_air": "no",
        "fuel:diesel": "yes",
        "fuel:lpg": "yes",
        "fuel:octane_95": "yes",
        "fuel:octane_98": "yes",
        "name": "MOL, Libiš",
        "opening_hours": "Mo-Su 05:30-22:00",
        "operator": "MOL Česká republika, s.r.o.",
        "payment:coins": "yes",
        "payment:mastercard": "yes",
        "payment:notes": "yes",
        "payment:visa": "yes",
        "self_service": "yes",
        "wheelchair": "yes"
      },
      "geometry": {
        "type": "Point",
        "coordinates": [
          14.4963533,
          50.2817771
        ]
      },
      "id": "node/82566351"
    },
    {
      "type": "Feature",
      "properties": {
        "@id": "node/88085430",
        "amenity": "fuel",
        "brand": "Orlen",
        "brand:wikidata": "Q971649",
        "fuel:adblue": "yes",
        "fuel:diesel": "yes",
        "fuel:octane_100": "yes",
        "fuel:octane_95": "yes",
        "name": "Orlen",
        "opening_hours": "05:00-22:00",
        "website": "https://www.orlen.cz/"
      },
      "geometry": {
        "type": "Point",
        "coordinates": [
          17.7280122,
          49.5567809
        ]
      },
      "id": "node/88085430"
    },
    {
      "type": "Feature",
      "properties": {
        "@id": "node/95162826",
        "amenity": "fuel",
        "brand": "MOL",
        "brand:wikidata": "Q549181",
        "brand:wikipedia": "en:MOL (company)",
        "fuel:diesel": "yes",
        "fuel:octane_95": "yes",
        "fuel:octane_98": "yes",
        "name": "MOL, Praha 10 - Bohdalec I.",
        "opening_hours": "06:00-22:00",
        "operator": "MOL Česká republika, s.r.o.",
        "toilets": "yes",
        "website": "https://molcesko.cz/"
      },
      "geometry": {
        "type": "Point",
        "coordinates": [
          14.4708636,
          50.0591432
        ]
      },
      "id": "node/95162826"
    },
    {
      "type": "Feature",
      "properties": {
        "@id": "node/141466308",
        "amenity": "fuel",
        "branch": "Praha, Lhotecká",
        "brand": "OMV",
        "brand:facebook": "omvceskarepublika",
        "brand:website": "https://www.omv.cz/cs-cz",
        "brand:wikidata": "Q168238",
        "brand:wikipedia": "cs:OMV",
        "compressed_air": "yes",
        "fuel:HGV_diesel": "yes",
        "fuel:diesel": "yes",
        "fuel:octane_100": "yes",
        "fuel:octane_95": "yes",
        "name": "OMV",
        "opening_hours": "24/7",
        "operator": "OMV Česká republika",
        "payment:cash": "yes",
        "payment:dkv": "yes",
        "payment:mastercard": "yes",
        "payment:omv_card": "yes",
        "payment:routex": "yes",
        "payment:uta": "yes",
        "payment:visa": "yes",
        "phone": "+420 241 770 065",
        "wheelchair": "yes"
      },
      "geometry": {
        "type": "Point",
        "coordinates": [
          14.4252255,
          50.0145137
        ]
      },
      "id": "node/141466308"
    },
    {
      "type": "Feature",
      "properties": {
        "@id": "node/206170387",
        "amenity": "fuel",
        "brand": "Unicorn",
        "fuel:diesel": "yes",
        "fuel:octane_95": "yes",
        "fuel:octane_98": "yes",
        "name": "Unicorn, Kozlov, D1, směr Brno",
        "opening_hours": "24/7",
        "operator": "UNIXAN s.r.o.",
        "payment:american_express": "yes",
        "payment:ccs": "yes",
        "payment:mastercard": "yes",
        "payment:uta": "yes",
        "payment:visa": "yes",
        "website": "https://unicorn-cs.cz/"
      },
      "geometry": {
        "type": "Point",
        "coordinates": [
          15.7211036,
          49.4116747
        ]
      },
      "id": "node/206170387"
    },
    {
      "type": "Feature",
      "properties": {
        "@id": "node/247638048",
        "amenity": "fuel",
        "branch": "Domažlice",
        "brand": "Orlen",
        "brand:wikidata": "Q971649",
        "compressed_air": "yes",
        "contact:facebook": "https://www.facebook.com/orlencz",
        "fuel:GTL_diesel": "yes",
        "fuel:adblue": "yes",
        "fuel:diesel": "yes",
        "fuel:octane_100": "yes",
        "fuel:octane_95": "yes",
        "internet_access": "wlan",
        "internet_access:fee": "customers",
        "name": "Orlen",
        "opening_hours": "Mo-Su 05:00-23:00",
        "operator": "Orlen Unipetrol RPA s.r.o. - Benzina, odštěpný závod",
        "toilets": "yes",
        "website": "https://www.orlen.cz/",
        "wheelchair": "yes"
      },
      "geometry": {
        "type": "Point",
        "coordinates": [
          12.9118089,
          49.4371025
        ]
      },
      "id": "node/247638048"
    },
    {
      "type": "Feature",
      "properties": {
        "@id": "node/249506336",
        "amenity": "fuel",
        "branch": "Hamry nad Sázavou",
        "brand": "OMV",
        "brand:facebook": "https://www.facebook.com/omvceskarepublika",
        "brand:website": "https://www.omv.cz/cs-cz",
        "brand:wikidata": "Q168238",
        "brand:wikipedia": "cs:OMV",
        "compressed_air": "yes",
        "fuel:diesel": "yes",
        "fuel:octane_100": "yes",
        "fuel:octane_95": "yes",
        "name": "OMV",
        "opening_hours": "Mo-Su 05:00-23:00",
        "operator": "OMV Česká republika",
        "payment:cash": "yes",
        "payment:dkv": "yes",
        "payment:mastercard": "yes",
        "payment:omv_card": "yes",
        "payment:routex": "yes",
        "payment:uta": "yes",
        "payment:visa": "yes",
        "phone": "+420566628752",
        "shop": "yes",
        "wheelchair": "yes"
      },
      "geometry": {
        "type": "Point",
        "coordinates": [
          15.9196467,
          49.565416
        ]
      },
      "id": "node/249506336"
    },
    {
      "type": "Feature",
      "properties": {
        "@id": "node/249507291",
        "amenity": "fuel",
        "brand": "Benzina",
        "brand:wikidata": "Q11130894",
        "fuel:adblue:canister": "yes",
        "fuel:diesel": "yes",
        "fuel:lpg": "yes",
        "fuel:octane_100": "yes",
        "fuel:octane_95": "yes",
        "internet_access": "wlan",
        "internet_access:fee": "no",
        "name": "Benzina, Žďár nad Sázavou",
        "opening_hours": "24/7",
        "operator": "Unipetrol RPA, s.r.o. – Benzina",
        "website": "https://www.benzina.cz/"
      },
      "geometry": {
        "type": "Point",
        "coordinates": [
          15.9465714,
          49.5538945
        ]
      },
      "id": "node/249507291"
    },
    {
      "type": "Feature",
      "properties": {
        "@id": "node/252463639",
        "amenity": "fuel",
        "branch": "Uničov",
        "brand": "OMV",
        "brand:facebook": "https://www.facebook.com/omvceskarepublika",
        "brand:website": "https://www.omv.cz/cs-cz",
        "brand:wikidata": "Q168238",
        "brand:wikipedia": "cs:OMV",
        "compressed_air": "yes",
        "fuel:HGV_diesel": "yes",
        "fuel:diesel": "yes",
        "fuel:octane_100": "yes",
        "fuel:octane_95": "yes",
        "name": "OMV",
        "opening_hours": "Mo-Su 06:00-21:00",
        "operator": "OMV Česká republika",
        "payment:cash": "yes",
        "payment:dkv": "yes",
        "payment:mastercard": "yes",
        "payment:omv_card": "yes",
        "payment:routex": "yes",
        "payment:uta": "yes",
        "payment:visa": "yes",
        "phone": "+420585051272",
        "wheelchair": "yes"
      },
      "geometry": {
        "type": "Point",
        "coordinates": [
          17.1114023,
          49.7638532
        ]
      },
      "id": "node/252463639"
    },
    {
      "type": "Feature",
      "properties": {
        "@id": "node/253079844",
        "amenity": "fuel",
        "brand": "MOL",
        "brand:wikidata": "Q549181",
        "brand:wikipedia": "cs:MOL (holding)",
        "fuel:diesel": "yes",
        "fuel:e10": "yes",
        "fuel:octane_100": "yes",
        "name": "MOL Rožany",
        "opening_hours": "07:00-20:00",
        "operator": "MOL Česká republika, s.r.o.",
        "website": "https://molcesko.cz/"
      },
      "geometry": {
        "type": "Point",
        "coordinates": [
          14.4530559,
          51.0251639
        ]
      },
      "id": "node/253079844"
    },
    {
      "type": "Feature",
      "properties": {
        "@id": "node/254088925",
        "amenity": "fuel",
        "branch": "Nemilany, D35",
        "brand": "OMV",
        "brand:facebook": "https://www.facebook.com/omvceskarepublika",
        "brand:website": "https://www.omv.cz/cs-cz",
        "brand:wikidata": "Q168238",
        "brand:wikipedia": "cs:OMV",
        "compressed_air": "yes",
        "fuel:HGV_diesel": "yes",
        "fuel:diesel": "yes",
        "fuel:lpg": "yes",
        "fuel:octane_100": "yes",
        "fuel:octane_95": "yes",
        "name": "OMV",
        "opening_hours": "24/7",
        "operator": "OMV Česká republika",
        "payment:cash": "yes",
        "payment:dkv": "yes",
        "payment:mastercard": "yes",
        "payment:omv_card": "yes",
        "payment:routex": "yes",
        "payment:uta": "yes",
        "payment:visa": "yes",
        "wheelchair": "yes"
      },
      "geometry": {
        "type": "Point",
        "coordinates": [
          17.2292176,
          49.553167
        ]
      },
      "id": "node/254088925"
    },
    {
      "type": "Feature",
      "properties": {
        "@id": "node/255552947",
        "amenity": "fuel",
        "brand": "MOL",
        "brand:wikidata": "Q549181",
        "brand:wikipedia": "en:MOL (company)",
        "fuel:adblue": "yes",
        "fuel:butane": "yes",
        "fuel:diesel": "yes",
        "fuel:lpg": "yes",
        "fuel:octane_95": "yes",
        "fuel:octane_98": "yes",
        "fuel:propane": "yes",
        "level": "0",
        "name": "Mol",
        "opening_hours": "24/7",
        "operator": "MOL",
        "payment:cards": "yes",
        "payment:cash": "yes",
        "payment:ccs": "yes",
        "payment:coins": "yes",
        "payment:contactless": "yes",
        "payment:credit_cards": "yes",
        "payment:debit_cards": "yes",
        "payment:google_pay": "yes",
        "payment:mastercard": "yes",
        "payment:notes": "yes",
        "payment:visa": "yes",
        "self_service": "partially"
      },
      "geometry": {
        "type": "Point",
        "coordinates": [
          17.2691647,
          49.5844056
        ]
      },
      "id": "node/255552947"
    },
    {
      "type": "Feature",
      "properties": {
        "@id": "node/256011231",
        "amenity": "fuel",
        "compressed_air": "yes",
        "fuel:diesel": "yes",
        "fuel:e10": "yes",
        "fuel:octane_98": "yes",
        "name": "Pasoil"
      },
      "geometry": {
        "type": "Point",
        "coordinates": [
          14.2977486,
          50.9825058
        ]
      },
      "id": "node/256011231"
    },
    {
      "type": "Feature",
      "properties": {
        "@id": "node/257605371",
        "amenity": "fuel",
        "changing_table": "no",
        "compressed_air": "yes",
        "fuel:diesel": "yes",
        "fuel:octane_95": "yes",
        "fuel:octane_98": "yes",
        "name": "Tank&Café",
        "opening_hours": "24/7",
        "valves": "schrader",
        "website": "https://www.cshalamky.cz/",
        "wheelchair": "yes"
      },
      "geometry": {
        "type": "Point",
        "coordinates": [
          14.9319343,
          48.844416
        ]
      },
      "id": "node/257605371"
    },
    {
      "type": "Feature",
      "properties": {
        "@id": "node/259242495",
        "amenity": "fuel",
        "brand": "Free1 GAS",
        "check_date": "2026-02-27",
        "email": "folmava@f1gas.cz",
        "fuel:diesel": "yes",
        "fuel:lpg": "yes",
        "fuel:octane_95": "yes",
        "fuel:octane_98": "yes",
        "name": "Free1 GAS Folmava",
        "opening_hours": "24/7",
        "operator": "TOP TANK s.r.o.",
        "phone": "+420 379 427 830",
        "website": "https://www.f1gas.eu/station/map-detail/12"
      },
      "geometry": {
        "type": "Point",
        "coordinates": [
          12.8509461,
          49.3447283
        ]
      },
      "id": "node/259242495"
    },
    {
      "type": "Feature",
      "properties": {
        "@id": "node/259242499",
        "amenity": "fuel",
        "brand": "Orlen",
        "brand:wikidata": "Q971649",
        "compressed_air": "yes",
        "fuel:diesel": "yes",
        "fuel:octane_100": "yes",
        "fuel:octane_95": "yes",
        "name": "Orlen",
        "opening_hours": "05:00-23:00",
        "website": "https://www.orlen.cz/"
      },
      "geometry": {
        "type": "Point",
        "coordinates": [
          12.8546126,
          49.3493471
        ]
      },
      "id": "node/259242499"
    },
    {
      "type": "Feature",
      "properties": {
        "@id": "node/260413775",
        "amenity": "fuel",
        "branch": "Karlovy Vary, Stará cesta",
        "brand": "Orlen",
        "brand:wikidata": "Q971649",
        "compressed_air": "yes",
        "contact:facebook": "https://www.facebook.com/orlencz",
        "fuel:GTL_diesel": "yes",
        "fuel:diesel": "yes",
        "fuel:octane_100": "yes",
        "fuel:octane_95": "yes",
        "internet_access": "wlan",
        "internet_access:fee": "customers",
        "name": "Orlen",
        "opening_hours": "Mo-Su 05:00-23:00",
        "operator": "Orlen Unipetrol RPA s.r.o. - Benzina, odštěpný závod",
        "toilets": "yes",
        "website": "https://www.orlen.cz/",
        "wheelchair": "yes"
      },
      "geometry": {
        "type": "Point",
        "coordinates": [
          12.8990514,
          50.2442289
        ]
      },
      "id": "node/260413775"
    },
    {
      "type": "Feature",
      "properties": {
        "@id": "node/260947356",
        "amenity": "fuel",
        "brand": "MOL",
        "brand:wikidata": "Q549181",
        "brand:wikipedia": "cs:MOL (holding)",
        "fuel:diesel": "yes",
        "fuel:lpg": "yes",
        "fuel:octane_95": "yes",
        "fuel:octane_98": "yes",
        "name": "MOL Hrádek nad Nisou",
        "opening_hours": "06:00-22:00",
        "operator": "MOL Česká republika, s.r.o.",
        "phone": "+420 724 634 051",
        "website": "https://molcesko.cz/"
      },
      "geometry": {
        "type": "Point",
        "coordinates": [
          14.8596877,
          50.8523016
        ]
      },
      "id": "node/260947356"
    },
    {
      "type": "Feature",
      "properties": {
        "@id": "node/262409566",
        "amenity": "fuel",
        "branch": "Prostějov, Brněnská",
        "brand": "Orlen",
        "brand:wikidata": "Q971649",
        "compressed_air": "yes",
        "contact:facebook": "https://www.facebook.com/orlencz",
        "fuel:GTL_diesel": "yes",
        "fuel:adblue:canister": "yes",
        "fuel:diesel": "yes",
        "fuel:octane_100": "yes",
        "fuel:octane_95": "yes",
        "internet_access": "wlan",
        "internet_access:fee": "customers",
        "name": "Orlen",
        "opening_hours": "Mo-Su 05:00-21:00",
        "operator": "Orlen Unipetrol RPA s.r.o. - Benzina, odštěpný závod",
        "toilets": "yes",
        "website": "https://www.orlen.cz/",
        "wheelchair": "yes"
      },
      "geometry": {
        "type": "Point",
        "coordinates": [
          17.1116929,
          49.4548914
        ]
      },
      "id": "node/262409566"
    },
    {
      "type": "Feature",
      "properties": {
        "@id": "node/262416071",
        "addr:city": "Odrava",
        "addr:conscriptionnumber": "23",
        "addr:country": "CZ",
        "addr:housenumber": "23",
        "addr:place": "Obilná",
        "addr:postcode": "35002",
        "amenity": "fuel",
        "brand": "Tank ONO",
        "brand:wikidata": "Q2392813",
        "contact:email": "cheb@tank-ono.cz",
        "contact:fax": "+420 354 432294",
        "contact:phone": "+420 354 430318",
        "contact:website": "https://tank-ono.cz/de/index.php?page=pumpcard&pump=6",
        "description": "ONO - Cheb",
        "fuel:GTL_diesel": "yes",
        "fuel:HGV_diesel": "yes",
        "fuel:adblue": "yes",
        "fuel:diesel": "yes",
        "fuel:octane_95": "yes",
        "fuel:octane_98": "yes",
        "internet_access": "wlan",
        "name": "ONO",
        "opening_hours": "24/7",
        "operator": "Tank ONO s.r.o.",
        "payment:cash": "yes",
        "payment:ccs": "yes",
        "payment:dkv": "yes",
        "payment:maestro": "yes",
        "payment:mastercard": "yes",
        "payment:uta": "yes",
        "payment:visa": "yes",
        "shop": "yes",
        "shower": "yes",
        "toilets": "yes",
        "wheelchair": "yes"
      },
      "geometry": {
        "type": "Point",
        "coordinates": [
          12.4593821,
          50.0861367
        ]
      },
      "id": "node/262416071"
    },
    {
      "type": "Feature",
      "properties": {
        "@id": "node/262608995",
        "amenity": "fuel",
        "brand": "Orlen",
        "brand:wikidata": "Q971649",
        "fuel:diesel": "yes",
        "fuel:octane_100": "yes",
        "fuel:octane_95": "yes",
        "name": "Orlen",
        "opening_hours": "24/7"
      },
      "geometry": {
        "type": "Point",
        "coordinates": [
          14.4894154,
          50.058821
        ]
      },
      "id": "node/262608995"
    },
    {
      "type": "Feature",
      "properties": {
        "@id": "node/264338697",
        "amenity": "fuel",
        "branch": "Rumburk",
        "brand": "Orlen",
        "brand:wikidata": "Q971649",
        "compressed_air": "yes",
        "contact:facebook": "https://www.facebook.com/orlencz",
        "fuel:GTL_diesel": "yes",
        "fuel:adblue:canister": "yes",
        "fuel:diesel": "yes",
        "fuel:octane_100": "yes",
        "fuel:octane_95": "yes",
        "internet_access": "wlan",
        "internet_access:fee": "customers",
        "name": "Orlen",
        "opening_hours": "Mo-Su 05:00-22:00",
        "operator": "Orlen Unipetrol RPA s.r.o. - Benzina, odštěpný závod",
        "phone": "+420412333201",
        "toilets": "yes",
        "website": "https://www.orlen.cz/",
        "wheelchair": "yes"
      },
      "geometry": {
        "type": "Point",
        "coordinates": [
          14.5638241,
          50.9680763
        ]
      },
      "id": "node/264338697"
    },
    {
      "type": "Feature",
      "properties": {
        "@id": "node/265745269",
        "amenity": "fuel",
        "brand": "Tank Ono",
        "brand:wikidata": "Q2392813",
        "check_date": "2025-07-30",
        "compressed_air": "yes",
        "email": "d.mecholupy@tank-ono.cz",
        "fax": "+420 274 867 371",
        "fuel:GTL_diesel": "yes",
        "fuel:HGV_diesel": "yes",
        "fuel:biodiesel": "yes",
        "fuel:diesel": "yes",
        "fuel:e85": "yes",
        "fuel:lpg": "yes",
        "fuel:octane_95": "yes",
        "fuel:octane_98": "yes",
        "name": "Tank Ono - ČS Praha, Dolní Měcholupy",
        "opening_hours": "24/7",
        "operator": "Tank ONO s.r.o.",
        "phone": "+420 724 305 485",
        "website": "https://tank-ono.cz/"
      },
      "geometry": {
        "type": "Point",
        "coordinates": [
          14.5671777,
          50.0514397
        ]
      },
      "id": "node/265745269"
    },
    {
      "type": "Feature",
      "properties": {
        "@id": "node/273735896",
        "amenity": "fuel",
        "branch": "Plzeň, Gerská",
        "brand": "MOL",
        "brand:facebook": "https://www.facebook.com/molcesko",
        "brand:instagram": "https://www.instagram.com/mol_cesko",
        "brand:website": "https://molcesko.cz/cz",
        "brand:wikidata": "Q549181",
        "check_date:opening_hours": "2023-11-26",
        "compressed_air": "yes",
        "fuel:GTL_diesel": "yes",
        "fuel:diesel": "yes",
        "fuel:octane_100": "yes",
        "fuel:octane_95": "yes",
        "internet_access": "wlan",
        "internet_access:fee": "customers",
        "name": "MOL",
        "opening_hours": "Mo-Su 06:00-22:00",
        "operator": "MOL Česká republika",
        "payment:american_express": "yes",
        "payment:cash": "yes",
        "payment:ccs": "yes",
        "payment:dkv": "yes",
        "payment:e100": "yes",
        "payment:eurooil": "yes",
        "payment:ina": "yes",
        "payment:maestro": "yes",
        "payment:mastercard": "yes",
        "payment:mol": "yes",
        "payment:slovnaft": "yes",
        "payment:uta": "yes",
        "payment:v_pay": "yes",
        "payment:visa": "yes",
        "toilets": "yes",
        "wheelchair": "yes"
      },
      "geometry": {
        "type": "Point",
        "coordinates": [
          13.3705463,
          49.781151
        ]
      },
      "id": "node/273735896"
    },
    {
      "type": "Feature",
      "properties": {
        "@id": "node/273735897",
        "amenity": "fuel",
        "brand": "MOL",
        "brand:wikidata": "Q549181",
        "brand:wikipedia": "en:MOL (company)",
        "fuel:diesel": "yes",
        "fuel:lpg": "no",
        "fuel:octane_100": "yes",
        "fuel:octane_95": "yes",
        "name": "MOL, Plzeň Gerská",
        "opening_hours": "24/7",
        "operator": "MOL Česká republika, s.r.o.",
        "website": "https://molcesko.cz/"
      },
      "geometry": {
        "type": "Point",
        "coordinates": [
          13.3662611,
          49.772951
        ]
      },
      "id": "node/273735897"
    },
    {
      "type": "Feature",
      "properties": {
        "@id": "node/273735901",
        "amenity": "fuel",
        "brand": "Tank ONO",
        "brand:wikidata": "Q2392813",
        "email": "studentska@tank-ono.cz",
        "fax": "+420 377 544 257",
        "fuel:HGV_diesel": "yes",
        "fuel:diesel": "yes",
        "fuel:lpg": "yes",
        "fuel:octane_95": "yes",
        "fuel:octane_98": "yes",
        "name": "ONO - Plzeň, Studentská",
        "opening_hours": "24/7",
        "operator": "Tank ONO s.r.o.",
        "payment:american_express": "yes",
        "payment:cash": "yes",
        "payment:ccs": "yes",
        "payment:dkv": "yes",
        "payment:maestro": "yes",
        "payment:mastercard": "yes",
        "payment:uta": "yes",
        "payment:visa": "yes",
        "phone": "+420 602 348 506",
        "shop": "yes",
        "toilets": "yes",
        "website": "https://www.tank-ono.cz/",
        "wheelchair": "yes"
      },
      "geometry": {
        "type": "Point",
        "coordinates": [
          13.3604944,
          49.7751287
        ]
      },
      "id": "node/273735901"
    },
    {
      "type": "Feature",
      "properties": {
        "@id": "node/274839694",
        "amenity": "fuel",
        "brand": "Orlen",
        "brand:wikidata": "Q971649",
        "fuel:adblue": "yes",
        "fuel:diesel": "yes",
        "fuel:lpg": "yes",
        "fuel:octane_95": "yes",
        "fuel:octane_98": "yes",
        "internet_access": "wlan",
        "internet_access:fee": "no",
        "name": "Orlen",
        "opening_hours": "05:00-22:00"
      },
      "geometry": {
        "type": "Point",
        "coordinates": [
          14.8440362,
          49.9926538
        ]
      },
      "id": "node/274839694"
    },
    {
      "type": "Feature",
      "properties": {
        "@id": "node/278588468",
        "amenity": "fuel",
        "branch": "Cheb, Klášterní",
        "brand": "Orlen",
        "brand:wikidata": "Q971649",
        "compressed_air": "yes",
        "contact:facebook": "https://www.facebook.com/orlencz",
        "fuel:GTL_diesel": "yes",
        "fuel:adblue": "yes",
        "fuel:adblue:canister": "yes",
        "fuel:diesel": "yes",
        "fuel:lpg": "yes",
        "fuel:octane_100": "yes",
        "fuel:octane_95": "yes",
        "internet_access": "wlan",
        "internet_access:fee": "customers",
        "name": "Orlen",
        "opening_hours": "Mo-Su 05:00-22:00",
        "operator": "Orlen Unipetrol RPA s.r.o. - Benzina, odštěpný závod",
        "phone": "+420 354 433771",
        "toilets": "yes",
        "website": "https://www.orlen.cz/",
        "wheelchair": "yes"
      },
      "geometry": {
        "type": "Point",
        "coordinates": [
          12.361411,
          50.0729427
        ]
      },
      "id": "node/278588468"
    },
    {
      "type": "Feature",
      "properties": {
        "@id": "node/280911638",
        "amenity": "fuel",
        "brand": "Orlen",
        "brand:wikidata": "Q971649",
        "fuel:diesel": "yes",
        "fuel:octane_100": "yes",
        "fuel:octane_95": "yes",
        "name": "Orlen",
        "opening_hours": "24/7"
      },
      "geometry": {
        "type": "Point",
        "coordinates": [
          14.4851496,
          50.0592839
        ]
      },
      "id": "node/280911638"
    },
    {
      "type": "Feature",
      "properties": {
        "@id": "node/283601485",
        "amenity": "fuel",
        "branch": "Vimperk",
        "brand": "Orlen",
        "brand:wikidata": "Q971649",
        "check_date:opening_hours": "2026-08-09",
        "compressed_air": "yes",
        "contact:facebook": "https://www.facebook.com/orlencz",
        "fuel:GTL_diesel": "yes",
        "fuel:diesel": "yes",
        "fuel:octane_100": "yes",
        "fuel:octane_95": "yes",
        "internet_access": "wlan",
        "internet_access:fee": "customers",
        "name": "Orlen",
        "opening_hours": "Mo-Su 06:00-22:00",
        "operator": "Orlen Unipetrol RPA s.r.o. - Benzina, odštěpný závod",
        "toilets": "yes",
        "website": "https://www.orlen.cz/",
        "wheelchair": "yes"
      },
      "geometry": {
        "type": "Point",
        "coordinates": [
          13.7819616,
          49.0668332
        ]
      },
      "id": "node/283601485"
    },
    {
      "type": "Feature",
      "properties": {
        "@id": "node/283615910",
        "amenity": "fuel",
        "branch": "Strakonice, Písecká",
        "brand": "OMV",
        "brand:facebook": "omvceskarepublika",
        "brand:website": "https://www.omv.cz/cs-cz",
        "brand:wikidata": "Q168238",
        "brand:wikipedia": "cs:OMV",
        "compressed_air": "yes",
        "fuel:HGV_diesel": "yes",
        "fuel:diesel": "yes",
        "fuel:octane_100": "yes",
        "fuel:octane_95": "yes",
        "internet_access": "wlan",
        "name": "OMV",
        "opening_hours": "24/7",
        "operator": "OMV Česká republika",
        "payment:cash": "yes",
        "payment:dkv": "yes",
        "payment:mastercard": "yes",
        "payment:omv_card": "yes",
        "payment:routex": "yes",
        "payment:uta": "yes",
        "payment:visa": "yes",
        "wheelchair": "yes"
      },
      "geometry": {
        "type": "Point",
        "coordinates": [
          13.913754,
          49.2571737
        ]
      },
      "id": "node/283615910"
    },
    {
      "type": "Feature",
      "properties": {
        "@id": "node/291457353",
        "amenity": "fuel",
        "branch": "Vílanec",
        "brand": "Orlen",
        "brand:facebook": "https://www.facebook.com/orlencz",
        "brand:website": "https://www.orlen.cz",
        "brand:wikidata": "Q971649",
        "compressed_air": "yes",
        "fuel:HGV_diesel": "yes",
        "fuel:adblue": "yes",
        "fuel:diesel": "yes",
        "fuel:octane_100": "yes",
        "fuel:octane_95": "yes",
        "internet_access": "wlan",
        "internet_access:fee": "customers",
        "name": "Orlen",
        "opening_hours": "Mo-Su 05:00-21:00",
        "operator": "Orlen Unipetrol RPA s.r.o. - Benzina, odštěpný závod",
        "toilets": "yes",
        "wheelchair": "yes"
      },
      "geometry": {
        "type": "Point",
        "coordinates": [
          15.5777697,
          49.3310436
        ]
      },
      "id": "node/291457353"
    },
    {
      "type": "Feature",
      "properties": {
        "@id": "node/292928318",
        "amenity": "fuel",
        "brand": "Benzina",
        "brand:wikidata": "Q11878499",
        "brand:wikipedia": "cs:Benzina",
        "fuel:GTL_diesel": "yes",
        "fuel:adblue": "yes",
        "fuel:diesel": "yes",
        "fuel:octane_100": "yes",
        "fuel:octane_95": "yes",
        "internet_access": "wlan",
        "internet_access:fee": "no",
        "name": "Benzina - Chlumec Nad Cidlinou",
        "opening_hours": "24/7",
        "operator": "Unipetrol RPA, s.r.o. – Benzina",
        "website": "https://www.benzina.cz/"
      },
      "geometry": {
        "type": "Point",
        "coordinates": [
          15.446442,
          50.1590053
        ]
      },
      "id": "node/292928318"
    },
    {
      "type": "Feature",
      "properties": {
        "@id": "node/292977408",
        "amenity": "fuel",
        "email": "as@f1gas.cz",
        "fuel:adblue": "yes",
        "fuel:diesel": "yes",
        "fuel:e85": "yes",
        "fuel:octane_95": "yes",
        "fuel:octane_98": "yes",
        "name": "F1 Gas",
        "opening_hours": "24/7",
        "operator": "TOP TANK s.r.o.",
        "website": "https://www.f1gas.eu/station/map-detail/7"
      },
      "geometry": {
        "type": "Point",
        "coordinates": [
          12.1708913,
          50.2156096
        ]
      },
      "id": "node/292977408"
    },
    {
      "type": "Feature",
      "properties": {
        "@id": "node/295137067",
        "amenity": "fuel",
        "brand": "Benzina",
        "brand:wikidata": "Q11130894",
        "fuel:GTL_diesel": "yes",
        "fuel:adblue:canister": "yes",
        "fuel:diesel": "yes",
        "fuel:lpg": "yes",
        "fuel:octane_100": "yes",
        "fuel:octane_95": "yes",
        "internet_access": "wlan",
        "internet_access:fee": "no",
        "name": "Benzina - Doksy",
        "opening_hours": "24/7",
        "operator": "Orlen Benzina",
        "phone": "+420 487 873 211",
        "shop": "yes",
        "website": "https://www.benzina.cz/"
      },
      "geometry": {
        "type": "Point",
        "coordinates": [
          14.6446556,
          50.5711626
        ]
      },
      "id": "node/295137067"
    },
    {
      "type": "Feature",
      "properties": {
        "@id": "node/298455366",
        "amenity": "fuel",
        "brand": "Shell",
        "brand:wikidata": "Q110716465",
        "brand:wikipedia": "en:Royal Dutch Shell",
        "fuel:diesel": "yes",
        "fuel:octane_100": "yes",
        "fuel:octane_95": "yes",
        "internet_access": "wlan",
        "internet_access:fee": "no",
        "name": "Shell",
        "opening_hours": "24/7",
        "operator": "Shell Czech Republic a.s.",
        "toilets": "yes"
      },
      "geometry": {
        "type": "Point",
        "coordinates": [
          12.948532,
          49.5283628
        ]
      },
      "id": "node/298455366"
    },
    {
      "type": "Feature",
      "properties": {
        "@id": "node/302325506",
        "amenity": "fuel",
        "brand": "Avia",
        "brand:wikidata": "Q300147",
        "fuel:diesel": "yes",
        "fuel:octane_95": "yes",
        "fuel:octane_98": "yes",
        "name": "Avia",
        "payment:cash": "yes",
        "payment:credit_cards": "yes",
        "payment:debit_cards": "yes",
        "payment:mastercard": "yes",
        "payment:visa": "yes",
        "phone": "+420603803091",
        "ref:CZ:evcs": "06672210",
        "ref:zabaged": "4199732536672256",
        "website": "https://aviaczech.cz/"
      },
      "geometry": {
        "type": "Point",
        "coordinates": [
          13.4192611,
          49.7471804
        ]
      },
      "id": "node/302325506"
    },
    {
      "type": "Feature",
      "properties": {
        "@id": "node/303186160",
        "amenity": "fuel",
        "brand": "OMV",
        "brand:wikidata": "Q168238",
        "brand:wikipedia": "en:OMV",
        "fuel:diesel": "yes",
        "fuel:octane_95": "yes",
        "fuel:octane_98": "yes",
        "name": "OMV",
        "opening_hours": "24/7"
      },
      "geometry": {
        "type": "Point",
        "coordinates": [
          14.4717297,
          50.0829913
        ]
      },
      "id": "node/303186160"
    },
    {
      "type": "Feature",
      "properties": {
        "@id": "node/303873565",
        "amenity": "fuel",
        "branch": "Šternberk, Nádražní",
        "brand": "Orlen",
        "brand:wikidata": "Q971649",
        "compressed_air": "yes",
        "contact:facebook": "https://www.facebook.com/orlencz",
        "fuel:GTL_diesel": "yes",
        "fuel:diesel": "yes",
        "fuel:octane_100": "yes",
        "fuel:octane_95": "yes",
        "internet_access": "wlan",
        "internet_access:fee": "customers",
        "name": "Orlen",
        "opening_hours": "Mo-Su 05:00-22:00",
        "operator": "Orlen Unipetrol RPA s.r.o. - Benzina, odštěpný závod",
        "toilets": "yes",
        "website": "https://www.orlen.cz/",
        "wheelchair": "yes"
      },
      "geometry": {
        "type": "Point",
        "coordinates": [
          17.2856589,
          49.7223828
        ]
      },
      "id": "node/303873565"
    },
    {
      "type": "Feature",
      "properties": {
        "@id": "node/304095583",
        "amenity": "fuel",
        "brand": "Orlen",
        "compressed_air": "yes",
        "fuel:adblue:canister": "yes",
        "fuel:cng": "yes",
        "fuel:diesel": "yes",
        "fuel:octane_100": "yes",
        "fuel:octane_95": "yes",
        "internet_access": "wlan",
        "internet_access:fee": "no",
        "name": "Orlen - Rožnov pod Radhoštěm, Horní Paseky",
        "opening_hours": "24/7",
        "operator": "Orlen",
        "self_service": "yes",
        "website": "https://www.orlen.cz/stanice"
      },
      "geometry": {
        "type": "Point",
        "coordinates": [
          18.162168,
          49.4658573
        ]
      },
      "id": "node/304095583"
    },
    {
      "type": "Feature",
      "properties": {
        "@id": "node/305475068",
        "amenity": "fuel",
        "fuel:diesel": "yes",
        "fuel:octane_95": "yes",
        "fuel:octane_98": "yes",
        "name": "Adosa Moutnice",
        "opening_hours": "05:00-22:00",
        "operator": "ADOSA a.s.",
        "shop": "kiosk"
      },
      "geometry": {
        "type": "Point",
        "coordinates": [
          16.7349797,
          49.0558255
        ]
      },
      "id": "node/305475068"
    },
    {
      "type": "Feature",
      "properties": {
        "@id": "node/308450719",
        "amenity": "fuel",
        "brand": "Shell",
        "brand:wikidata": "Q110716465",
        "brand:wikipedia": "en:Shell plc",
        "fuel:1_25": "no",
        "fuel:1_50": "no",
        "fuel:GTL_diesel": "no",
        "fuel:HGV_diesel": "no",
        "fuel:biodiesel": "no",
        "fuel:biogas": "no",
        "fuel:cng": "no",
        "fuel:diesel": "yes",
        "fuel:e10": "no",
        "fuel:e85": "no",
        "fuel:electricity": "no",
        "fuel:lpg": "no",
        "fuel:octane_100": "no",
        "fuel:octane_91": "no",
        "fuel:octane_95": "no",
        "fuel:octane_98": "yes",
        "name": "Shell",
        "ref:CZ:evcs": "00984210",
        "ref:zabaged": "4199566794555392",
        "source": "gps",
        "wikidata": "Q106690259"
      },
      "geometry": {
        "type": "Point",
        "coordinates": [
          15.762289,
          50.0271986
        ]
      },
      "id": "node/308450719"
    },
    {
      "type": "Feature",
      "properties": {
        "@id": "node/308496583",
        "amenity": "fuel",
        "brand": "Tank Ono",
        "compressed_air": "yes",
        "email": "trutnov@tank-ono.cz",
        "fax": "+420 499 811 959",
        "fuel:adblue": "yes",
        "fuel:diesel": "yes",
        "fuel:e10": "yes",
        "fuel:octane_98": "yes",
        "name": "ONO - Trutnov",
        "opening_hours": "24/7",
        "operator": "Tank ONO s.r.o.",
        "phone": "+420 724 326 732",
        "shop": "yes",
        "website": "https://tank-ono.cz/"
      },
      "geometry": {
        "type": "Point",
        "coordinates": [
          15.9070802,
          50.5503567
        ]
      },
      "id": "node/308496583"
    },
    {
      "type": "Feature",
      "properties": {
        "@id": "node/309906411",
        "amenity": "fuel",
        "branch": "Milovice u Hořic",
        "brand": "Tank Ono",
        "brand:website": "https://tank-ono.cz",
        "brand:wikidata": "Q2392813",
        "cafe": "yes",
        "compressed_air": "yes",
        "email": "milovice@tank-ono.cz",
        "fax": "+420 493 592 377",
        "fuel:HGV_diesel": "yes",
        "fuel:diesel": "yes",
        "fuel:lpg": "yes",
        "fuel:octane_95": "yes",
        "fuel:octane_98": "yes",
        "internet_access": "wlan",
        "internet_access:fee": "customers",
        "name": "Tank Ono",
        "opening_hours": "24/7",
        "operator": "Tank Ono",
        "payment:cash": "yes",
        "payment:ccs": "yes",
        "payment:dkv": "yes",
        "payment:maestro": "yes",
        "payment:mastercard": "yes",
        "payment:uta": "yes",
        "payment:visa": "yes",
        "phone": "+420 602 659 111",
        "toilets": "yes",
        "website": "https://www.tank-ono.cz/cz/index.php?page=pumpcard&pump=7",
        "wheelchair": "yes"
      },
      "geometry": {
        "type": "Point",
        "coordinates": [
          15.6363853,
          50.3278468
        ]
      },
      "id": "node/309906411"
    },
    {
      "type": "Feature",
      "properties": {
        "@id": "node/314395247",
        "amenity": "fuel",
        "brand": "Orlen",
        "brand:wikidata": "Q971649",
        "compressed_air": "yes",
        "fuel:GTL_diesel": "yes",
        "fuel:adblue:canister": "yes",
        "fuel:diesel": "yes",
        "fuel:octane_100": "yes",
        "fuel:octane_95": "yes",
        "name": "Orlen"
      },
      "geometry": {
        "type": "Point",
        "coordinates": [
          16.5754426,
          49.2189948
        ]
      },
      "id": "node/314395247"
    },
    {
      "type": "Feature",
      "properties": {
        "@id": "node/314686915",
        "amenity": "fuel",
        "brand": "Shell",
        "brand:wikidata": "Q110716465",
        "fuel:diesel": "yes",
        "fuel:octane_95": "yes",
        "fuel:octane_98": "yes",
        "name": "Shell"
      },
      "geometry": {
        "type": "Point",
        "coordinates": [
          16.1658942,
          49.9421803
        ]
      },
      "id": "node/314686915"
    },
    {
      "type": "Feature",
      "properties": {
        "@id": "node/317935436",
        "amenity": "fuel",
        "branch": "Hradec Králové, Okružní",
        "brand": "OMV",
        "brand:facebook": "omvceskarepublika",
        "brand:website": "https://www.omv.cz/cs-cz",
        "brand:wikidata": "Q168238",
        "brand:wikipedia": "cs:OMV",
        "compressed_air": "yes",
        "fuel:HGV_diesel": "yes",
        "fuel:diesel": "yes",
        "fuel:octane_100": "yes",
        "fuel:octane_95": "yes",
        "name": "OMV",
        "opening_hours": "24/7",
        "operator": "OMV Česká republika",
        "payment:cash": "yes",
        "payment:dkv": "yes",
        "payment:mastercard": "yes",
        "payment:omv_card": "yes",
        "payment:routex": "yes",
        "payment:uta": "yes",
        "payment:visa": "yes",
        "phone": "+420495220032",
        "wheelchair": "yes"
      },
      "geometry": {
        "type": "Point",
        "coordinates": [
          15.8337232,
          50.2177139
        ]
      },
      "id": "node/317935436"
    },
    {
      "type": "Feature",
      "properties": {
        "@id": "node/317935968",
        "amenity": "fuel",
        "brand": "Orlen",
        "brand:wikidata": "Q971649",
        "compressed_air": "yes",
        "fuel:GTL_diesel": "yes",
        "fuel:adblue:canister": "yes",
        "fuel:diesel": "yes",
        "fuel:octane_100": "yes",
        "fuel:octane_95": "yes",
        "internet_access": "wlan",
        "internet_access:fee": "customers",
        "name": "Orlen",
        "opening_hours": "05:00-22:00"
      },
      "geometry": {
        "type": "Point",
        "coordinates": [
          15.840271,
          50.2031255
        ]
      },
      "id": "node/317935968"
    },
    {
      "type": "Feature",
      "properties": {
        "@id": "node/319022167",
        "amenity": "fuel",
        "branch": "Vysokov u Náchoda",
        "brand": "Tank Ono",
        "brand:wikidata": "Q2392813",
        "email": "vysokov@tank-ono.cz",
        "fax": "+420 491 451 018",
        "fuel:HGV_diesel": "yes",
        "fuel:biodiesel": "yes",
        "fuel:diesel": "yes",
        "fuel:e85": "yes",
        "fuel:octane_95": "yes",
        "fuel:octane_98": "yes",
        "name": "Tank Ono",
        "opening_hours": "24/7",
        "operator": "Tank ONO s.r.o.",
        "phone": "+420 727 983 672",
        "website": "https://tank-ono.cz/"
      },
      "geometry": {
        "type": "Point",
        "coordinates": [
          16.1060376,
          50.3981611
        ]
      },
      "id": "node/319022167"
    },
    {
      "type": "Feature",
      "properties": {
        "@id": "node/320936317",
        "amenity": "fuel",
        "branch": "Brno, Sedláčkova",
        "brand": "MOL",
        "brand:facebook": "https://www.facebook.com/molcesko",
        "brand:instagram": "https://www.instagram.com/mol_cesko",
        "brand:website": "https://molcesko.cz/cz",
        "brand:wikidata": "Q549181",
        "brand:wikipedia": "cs:MOL (holding)",
        "compressed_air": "yes",
        "fuel:GTL_diesel": "yes",
        "fuel:diesel": "yes",
        "fuel:lpg": "yes",
        "fuel:octane_100": "yes",
        "fuel:octane_95": "yes",
        "internet_access": "wlan",
        "internet_access:fee": "customers",
        "name": "MOL",
        "opening_hours": "24/7",
        "operator": "MOL Česká republika",
        "payment:american_express": "yes",
        "payment:cash": "yes",
        "payment:ccs": "yes",
        "payment:dkv": "yes",
        "payment:e100": "yes",
        "payment:eurooil": "yes",
        "payment:ina": "yes",
        "payment:maestro": "yes",
        "payment:mastercard": "yes",
        "payment:mol": "yes",
        "payment:slovnaft": "yes",
        "payment:uta": "yes",
        "payment:v_pay": "yes",
        "payment:visa": "yes",
        "toilets": "yes",
        "wheelchair": "yes"
      },
      "geometry": {
        "type": "Point",
        "coordinates": [
          16.6671942,
          49.2018105
        ]
      },
      "id": "node/320936317"
    },
    {
      "type": "Feature",
      "properties": {
        "@id": "node/330010840",
        "amenity": "fuel",
        "brand": "Benzina",
        "brand:wikidata": "Q11130894",
        "brand:wikipedia": "cs:Benzina",
        "compressed_air": "yes",
        "fuel:diesel": "yes",
        "fuel:octane_100": "yes",
        "fuel:octane_95": "yes",
        "internet_access": "wlan",
        "internet_access:fee": "no",
        "name": "Benzina - Písek, U Hřebčince",
        "opening_hours": "05:00-23:00",
        "operator": "Unipetrol RPA, s.r.o. – Benzina",
        "website": "https://www.benzina.cz/"
      },
      "geometry": {
        "type": "Point",
        "coordinates": [
          14.1610337,
          49.2971706
        ]
      },
      "id": "node/330010840"
    },
    {
      "type": "Feature",
      "properties": {
        "@id": "node/334342240",
        "amenity": "fuel",
        "brand": "MOL",
        "brand:wikidata": "Q549181",
        "brand:wikipedia": "en:MOL (company)",
        "compressed_air": "yes",
        "fuel:diesel": "yes",
        "fuel:octane_95": "yes",
        "fuel:octane_98": "yes",
        "name": "MOL, Praha 4 - Podolí",
        "opening_hours": "24/7",
        "operator": "MOL Česká republika, s.r.o.",
        "website": "https://molcesko.cz/"
      },
      "geometry": {
        "type": "Point",
        "coordinates": [
          14.4115437,
          50.0437459
        ]
      },
      "id": "node/334342240"
    },
    {
      "type": "Feature",
      "properties": {
        "@id": "node/334442765",
        "amenity": "fuel",
        "brand": "Orlen",
        "brand:wikidata": "Q971649",
        "fuel:diesel": "yes",
        "fuel:octane_100": "yes",
        "fuel:octane_95": "yes",
        "name": "Orlen Český Brod",
        "opening_hours": "05:00-22:00",
        "website": "https://www.orlen.cz/"
      },
      "geometry": {
        "type": "Point",
        "coordinates": [
          14.8487466,
          50.0632059
        ]
      },
      "id": "node/334442765"
    },
    {
      "type": "Feature",
      "properties": {
        "@id": "node/334507305",
        "amenity": "fuel",
        "branch": "Praha, Novovysočanská",
        "brand": "Orlen",
        "brand:facebook": "https://www.facebook.com/orlencz",
        "brand:website": "https://www.orlen.cz",
        "compressed_air": "yes",
        "fuel:diesel": "yes",
        "fuel:lpg": "yes",
        "fuel:octane_100": "yes",
        "fuel:octane_95": "yes",
        "internet_access": "wlan",
        "internet_access:fee": "customers",
        "name": "Orlen",
        "not:brand:wikidata": "Q971649",
        "opening_hours": "24/7",
        "operator": "Orlen Unipetrol RPA s.r.o. - Benzina, odštěpný závod",
        "toilets": "yes",
        "wheelchair": "yes"
      },
      "geometry": {
        "type": "Point",
        "coordinates": [
          14.4794983,
          50.0970276
        ]
      },
      "id": "node/334507305"
    },
    {
      "type": "Feature",
      "properties": {
        "@id": "node/336098750",
        "amenity": "fuel",
        "fuel:diesel": "yes",
        "fuel:lpg": "yes",
        "fuel:octane_95": "yes",
        "fuel:octane_98": "yes",
        "name": "DZ OIL Stará Ves u Rýmařova",
        "opening_hours": "06:00-19:00",
        "operator": "Euro Group Moravia s.r.o.",
        "shop": "yes",
        "toilets": "yes",
        "website": "https://dzoil.cz/"
      },
      "geometry": {
        "type": "Point",
        "coordinates": [
          17.2288251,
          49.9615111
        ]
      },
      "id": "node/336098750"
    },
    {
      "type": "Feature",
      "properties": {
        "@id": "node/337485082",
        "amenity": "fuel",
        "brand": "Orlen",
        "brand:facebook": "https://www.facebook.com/orlencz",
        "brand:website": "https://www.orlen.cz",
        "brand:wikidata": "Q971649",
        "compressed_air": "yes",
        "fuel:diesel": "yes",
        "fuel:lpg": "yes",
        "fuel:octane_100": "yes",
        "fuel:octane_95": "yes",
        "internet_access": "wlan",
        "internet_access:fee": "customers",
        "name": "Orlen",
        "opening_hours": "Mo-Su 06:00-22:00",
        "operator": "Orlen Unipetrol RPA s.r.o. - Benzina, odštěpný závod",
        "toilets": "yes",
        "wheelchair": "yes"
      },
      "geometry": {
        "type": "Point",
        "coordinates": [
          14.4781986,
          50.0969653
        ]
      },
      "id": "node/337485082"
    },
    {
      "type": "Feature",
      "properties": {
        "@id": "node/338964210",
        "amenity": "fuel",
        "branch": "Kolaje",
        "brand": "Tank Ono",
        "brand:website": "https://tank-ono.cz",
        "brand:wikidata": "Q2392813",
        "cafe": "yes",
        "compressed_air": "yes",
        "email": "kolaje@tank-ono.cz",
        "fax": "+420 325 651 072",
        "fuel:HGV_diesel": "yes",
        "fuel:adblue": "yes",
        "fuel:diesel": "yes",
        "fuel:octane_95": "yes",
        "fuel:octane_98": "yes",
        "name": "Tank Ono",
        "opening_hours": "24/7",
        "operator": "Tank Ono",
        "payment:american_express": "yes",
        "payment:cash": "yes",
        "payment:ccs": "yes",
        "payment:dkv": "yes",
        "payment:mastercard": "yes",
        "payment:uta": "yes",
        "payment:visa": "yes",
        "phone": "+420 325 651 072",
        "toilets": "yes",
        "website": "https://www.tank-ono.cz/cz/index.php?page=pumpcard&pump=14",
        "wheelchair": "yes"
      },
      "geometry": {
        "type": "Point",
        "coordinates": [
          15.2346652,
          50.1586807
        ]
      },
      "id": "node/338964210"
    },
    {
      "type": "Feature",
      "properties": {
        "@id": "node/339886922",
        "amenity": "fuel",
        "brand": "Benzina",
        "brand:wikidata": "Q11130894",
        "email": "benzina@benzina.cz",
        "fuel:GTL_diesel": "yes",
        "fuel:diesel": "yes",
        "fuel:lpg": "yes",
        "fuel:octane_100": "yes",
        "fuel:octane_95": "yes",
        "name": "Benzina",
        "opening_hours": "24/7",
        "operator": "BENZINA, s.r.o.",
        "phone": "+420 272 690 104",
        "shop": "convenience",
        "website": "https://www.benzina.cz/"
      },
      "geometry": {
        "type": "Point",
        "coordinates": [
          14.5426091,
          50.0092308
        ]
      },
      "id": "node/339886922"
    },
    {
      "type": "Feature",
      "properties": {
        "@id": "node/339886925",
        "amenity": "fuel",
        "brand": "Benzina",
        "brand:wikidata": "Q11130894",
        "fuel:GTL_diesel": "yes",
        "fuel:diesel": "yes",
        "fuel:lpg": "yes",
        "fuel:octane_100": "yes",
        "fuel:octane_95": "yes",
        "internet_access": "wlan",
        "internet_access:fee": "no",
        "name": "Benzina Průhonice, na Prahu",
        "opening_hours": "24/7",
        "operator": "BENZINA, s.r.o.",
        "shower": "yes",
        "toilets": "yes"
      },
      "geometry": {
        "type": "Point",
        "coordinates": [
          14.5426557,
          50.0103898
        ]
      },
      "id": "node/339886925"
    },
    {
      "type": "Feature",
      "properties": {
        "@id": "node/339893333",
        "amenity": "fuel",
        "branch": "Bystřice",
        "brand": "Orlen",
        "brand:facebook": "orlencz",
        "brand:website": "https://www.orlen.cz",
        "brand:wikidata": "Q971649",
        "brand:wikipedia": "cs:Orlen",
        "compressed_air": "yes",
        "fuel:HGV_diesel": "yes",
        "fuel:adblue": "yes",
        "fuel:adblue:canister": "yes",
        "fuel:diesel": "yes",
        "fuel:octane_100": "yes",
        "fuel:octane_95": "yes",
        "internet_access": "wlan",
        "internet_access:fee": "customers",
        "name": "Orlen",
        "opening_hours": "24/7",
        "operator": "Orlen Unipetrol RPA",
        "source": "Survey",
        "toilets": "yes",
        "wheelchair": "yes"
      },
      "geometry": {
        "type": "Point",
        "coordinates": [
          14.6723936,
          49.7448308
        ]
      },
      "id": "node/339893333"
    },
    {
      "type": "Feature",
      "properties": {
        "@id": "node/339903921",
        "amenity": "fuel",
        "brand": "Benzina",
        "brand:wikidata": "Q11130894",
        "compressed_air": "yes",
        "fuel:diesel": "yes",
        "fuel:octane_100": "yes",
        "fuel:octane_95": "yes",
        "internet_access": "wlan",
        "internet_access:fee": "no",
        "name": "Benzina - Soběslav",
        "opening_hours": "05:00-22:00",
        "operator": "Unipetrol RPA, s.r.o. – Benzina",
        "website": "https://www.benzina.cz/"
      },
      "geometry": {
        "type": "Point",
        "coordinates": [
          14.7150337,
          49.2700879
        ]
      },
      "id": "node/339903921"
    },
    {
      "type": "Feature",
      "properties": {
        "@id": "node/339904924",
        "amenity": "fuel",
        "brand": "Orlen",
        "brand:wikidata": "Q971649",
        "compressed_air": "yes",
        "contact:facebook": "https://www.facebook.com/orlencz",
        "fuel:GTL_diesel": "yes",
        "fuel:diesel": "yes",
        "fuel:octane_100": "yes",
        "fuel:octane_95": "yes",
        "internet_access": "wlan",
        "internet_access:fee": "customers",
        "name": "Orlen",
        "opening_hours": "Mo-Su 05:00-23:00",
        "operator": "Orlen Unipetrol RPA s.r.o. - Benzina, odštěpný závod",
        "toilets": "yes",
        "website": "https://www.orlen.cz/",
        "wheelchair": "yes"
      },
      "geometry": {
        "type": "Point",
        "coordinates": [
          14.7209038,
          49.227568
        ]
      },
      "id": "node/339904924"
    },
    {
      "type": "Feature",
      "properties": {
        "@id": "node/339913986",
        "amenity": "fuel",
        "branch": "České Budějovice, Strakonická",
        "brand": "MOL",
        "brand:facebook": "molcesko",
        "brand:instagram": "mol_cesko",
        "brand:website": "https://molcesko.cz/cz",
        "brand:wikidata": "Q549181",
        "brand:wikipedia": "en:MOL (company)",
        "changing_table": "no",
        "check_date": "2026-05-19",
        "compressed_air": "yes",
        "fuel:HGV_diesel": "yes",
        "fuel:adblue": "yes",
        "fuel:cng": "yes",
        "fuel:diesel": "yes",
        "fuel:lpg": "yes",
        "fuel:octane_100": "yes",
        "fuel:octane_95": "yes",
        "internet_access": "wlan",
        "internet_access:fee": "customers",
        "name": "MOL",
        "opening_hours": "Mo-Su 05:00-23:00",
        "operator": "MOL Česká republika",
        "payment:american_express": "yes",
        "payment:cash": "yes",
        "payment:ccs": "yes",
        "payment:dkv": "yes",
        "payment:e100": "yes",
        "payment:eurooil": "yes",
        "payment:ina": "yes",
        "payment:maestro": "yes",
        "payment:mastercard": "yes",
        "payment:mol": "yes",
        "payment:slovnaft": "yes",
        "payment:uta": "yes",
        "payment:v_pay": "yes",
        "payment:visa": "yes",
        "source": "Survey",
        "toilets": "yes",
        "valves": "schrader",
        "wheelchair": "yes"
      },
      "geometry": {
        "type": "Point",
        "coordinates": [
          14.4699999,
          48.9923773
        ]
      },
      "id": "node/339913986"
    },
    {
      "type": "Feature",
      "properties": {
        "@id": "node/339914511",
        "amenity": "fuel",
        "branch": "České Budějovice, Vltavské nábřeží",
        "brand": "Orlen",
        "brand:facebook": "https://www.facebook.com/orlencz",
        "brand:website": "https://www.orlen.cz",
        "brand:wikidata": "Q971649",
        "car_wash": "yes",
        "changing_table": "no",
        "compressed_air": "yes",
        "fuel:GTL_diesel": "yes",
        "fuel:adblue:canister": "yes",
        "fuel:diesel": "yes",
        "fuel:octane_100": "yes",
        "fuel:octane_95": "yes",
        "internet_access": "wlan",
        "internet_access:fee": "customers",
        "name": "Orlen",
        "operator": "Orlen Unipetrol RPA s.r.o. - Benzina, odštěpný závod",
        "toilets": "yes",
        "valves": "schrader",
        "wheelchair": "yes"
      },
      "geometry": {
        "type": "Point",
        "coordinates": [
          14.4593538,
          48.9894715
        ]
      },
      "id": "node/339914511"
    },
    {
      "type": "Feature",
      "properties": {
        "@id": "node/339914985",
        "amenity": "fuel",
        "branch": "České Budějovice, Na Dlouhé louce",
        "brand": "OMV",
        "brand:facebook": "https://www.facebook.com/omvceskarepublika",
        "brand:website": "https://www.omv.cz/cs-cz",
        "brand:wikidata": "Q168238",
        "brand:wikipedia": "cs:OMV",
        "changing_table": "no",
        "compressed_air": "yes",
        "fuel:HGV_diesel": "yes",
        "fuel:diesel": "yes",
        "fuel:octane_100": "yes",
        "fuel:octane_95": "yes",
        "name": "OMV",
        "opening_hours": "24/7",
        "operator": "OMV Česká republika",
        "payment:cash": "yes",
        "payment:dkv": "yes",
        "payment:mastercard": "yes",
        "payment:omv_card": "yes",
        "payment:routex": "yes",
        "payment:uta": "yes",
        "payment:visa": "yes",
        "phone": "+420386356926",
        "valves": "schrader",
        "wheelchair": "yes"
      },
      "geometry": {
        "type": "Point",
        "coordinates": [
          14.4657676,
          48.9725582
        ]
      },
      "id": "node/339914985"
    },
    {
      "type": "Feature",
      "properties": {
        "@id": "node/339914986",
        "amenity": "fuel",
        "branch": "České Budějovice;Dlouhá Louka",
        "brand": "MOL",
        "brand:facebook": "molcesko",
        "brand:instagram": "mol_cesko",
        "brand:website": "https://molcesko.cz/cz",
        "brand:wikidata": "Q549181",
        "brand:wikipedia": "en:MOL (company)",
        "changing_table": "no",
        "compressed_air": "yes",
        "fuel:HGV_diesel": "yes",
        "fuel:adblue": "yes",
        "fuel:diesel": "yes",
        "fuel:lpg": "yes",
        "fuel:octane_100": "yes",
        "fuel:octane_95": "yes",
        "internet_access": "wlan",
        "internet_access:fee": "customers",
        "name": "MOL",
        "opening_hours": "24/7",
        "operator": "MOL Česká republika",
        "payment:american_express": "yes",
        "payment:cash": "yes",
        "payment:ccs": "yes",
        "payment:dkv": "yes",
        "payment:e100": "yes",
        "payment:eurooil": "yes",
        "payment:ina": "yes",
        "payment:maestro": "yes",
        "payment:mastercard": "yes",
        "payment:mol": "yes",
        "payment:slovnaft": "yes",
        "payment:uta": "yes",
        "payment:v_pay": "yes",
        "payment:visa": "yes",
        "toilets": "yes",
        "valves": "schrader",
        "wheelchair": "yes"
      },
      "geometry": {
        "type": "Point",
        "coordinates": [
          14.4647732,
          48.9740863
        ]
      },
      "id": "node/339914986"
    },
    {
      "type": "Feature",
      "properties": {
        "@id": "node/340822601",
        "amenity": "fuel",
        "brand": "MOL",
        "brand:wikidata": "Q549181",
        "brand:wikipedia": "cs:MOL (holding)",
        "fuel:diesel": "yes",
        "fuel:octane_100": "yes",
        "fuel:octane_95": "yes",
        "name": "MOL, Zeleňák - D2 => Brno",
        "opening_hours": "24/7",
        "operator": "MOL Česká republika, s.r.o.",
        "website": "https://molcesko.cz/"
      },
      "geometry": {
        "type": "Point",
        "coordinates": [
          16.6878181,
          49.0103006
        ]
      },
      "id": "node/340822601"
    },
    {
      "type": "Feature",
      "properties": {
        "@id": "node/340822603",
        "amenity": "fuel",
        "brand": "MOL",
        "brand:wikidata": "Q549181",
        "brand:wikipedia": "cs:MOL (holding)",
        "fuel:diesel": "yes",
        "fuel:octane_100": "yes",
        "fuel:octane_95": "yes",
        "name": "MOL, Zeleňák - D2 => Bratislava",
        "opening_hours": "24/7",
        "operator": "MOL Česká republika, s.r.o.",
        "website": "https://molcesko.cz/"
      },
      "geometry": {
        "type": "Point",
        "coordinates": [
          16.6869867,
          49.0106718
        ]
      },
      "id": "node/340822603"
    },
    {
      "type": "Feature",
      "properties": {
        "@id": "node/343627336",
        "amenity": "fuel",
        "branch": "Nová Houžná",
        "brand": "Orlen",
        "brand:wikidata": "Q971649",
        "compressed_air": "yes",
        "contact:facebook": "https://www.facebook.com/orlencz",
        "drink:coffee": "yes",
        "fuel:GTL_diesel": "yes",
        "fuel:adblue": "yes",
        "fuel:diesel": "yes",
        "fuel:octane_100": "yes",
        "fuel:octane_95": "yes",
        "internet_access": "wlan",
        "internet_access:fee": "customers",
        "name": "Orlen",
        "opening_hours": "Mo-Su 05:00-24:00",
        "operator": "Orlen Unipetrol RPA s.r.o. - Benzina, odštěpný závod",
        "self_service": "yes",
        "toilets": "yes",
        "toilets:wheelchair": "yes",
        "vignette": "yes",
        "website": "https://www.orlen.cz/",
        "wheelchair": "yes"
      },
      "geometry": {
        "type": "Point",
        "coordinates": [
          13.7656466,
          48.9350604
        ]
      },
      "id": "node/343627336"
    },
    {
      "type": "Feature",
      "properties": {
        "@id": "node/348539584",
        "amenity": "fuel",
        "brand": "Benzina",
        "brand:wikidata": "Q11130894",
        "fuel:GTL_diesel": "yes",
        "fuel:adblue:canister": "yes",
        "fuel:diesel": "yes",
        "fuel:octane_100": "yes",
        "fuel:octane_95": "yes",
        "internet_access": "wlan",
        "internet_access:fee": "no",
        "name": "Benzina - Týniště Nad Orlicí",
        "opening_hours": "05:00-22:00",
        "operator": "Unipetrol RPA, s.r.o. – Benzina",
        "website": "https://www.benzina.cz/"
      },
      "geometry": {
        "type": "Point",
        "coordinates": [
          16.0892935,
          50.1434496
        ]
      },
      "id": "node/348539584"
    },
    {
      "type": "Feature",
      "properties": {
        "@id": "node/349332080",
        "amenity": "fuel",
        "compressed_air": "yes",
        "email": "cs68@robinoil.cz",
        "fuel:diesel": "yes",
        "fuel:octane_95": "yes",
        "fuel:octane_98": "yes",
        "name": "RoBiN OIL Smržovka",
        "opening_hours": "24/7",
        "operator": "RoBiN OIL s.r.o.",
        "shop": "kiosk",
        "toilets": "yes",
        "website": "http://www.robinoil.cz/index.php/cerpaci-stanice/vyhledavani-cs/53",
        "wheelchair": "yes"
      },
      "geometry": {
        "type": "Point",
        "coordinates": [
          15.2485074,
          50.736349
        ]
      },
      "id": "node/349332080"
    },
    {
      "type": "Feature",
      "properties": {
        "@id": "node/349332651",
        "amenity": "fuel",
        "email": "cs21@robinoil.cz",
        "fuel:diesel": "yes",
        "fuel:lpg": "yes",
        "fuel:octane_95": "yes",
        "fuel:octane_98": "yes",
        "name": "RoBiN OIL Bakov n. Jizerou",
        "note": "lpg 06:00-22:00",
        "opening_hours": "24/7",
        "operator": "RoBiN OIL s.r.o.",
        "phone": "+420 326781242",
        "toilets": "yes",
        "website": "http://www.robinoil.cz/index.php/cerpaci-stanice/vyhledavani-cs/11"
      },
      "geometry": {
        "type": "Point",
        "coordinates": [
          14.9511981,
          50.477428
        ]
      },
      "id": "node/349332651"
    },
    {
      "type": "Feature",
      "properties": {
        "@id": "node/349332970",
        "amenity": "fuel",
        "branch": "Mladá Boleslav, směr Praha",
        "brand": "Orlen",
        "brand:wikidata": "Q971649",
        "fuel:cng": "yes",
        "fuel:diesel": "yes",
        "fuel:octane_100": "yes",
        "fuel:octane_95": "yes",
        "internet_access": "wlan",
        "internet_access:fee": "customers",
        "name": "Orlen",
        "opening_hours": "24/7",
        "website": "https://www.orlen.cz/"
      },
      "geometry": {
        "type": "Point",
        "coordinates": [
          14.9315484,
          50.4056956
        ]
      },
      "id": "node/349332970"
    },
    {
      "type": "Feature",
      "properties": {
        "@id": "node/349332973",
        "amenity": "fuel",
        "branch": "Mladá Boleslav, směr Liberec",
        "brand": "Orlen",
        "brand:wikidata": "Q971649",
        "fuel:cng": "yes",
        "fuel:diesel": "yes",
        "fuel:octane_100": "yes",
        "fuel:octane_95": "yes",
        "internet_access": "wlan",
        "internet_access:fee": "customers",
        "name": "Orlen",
        "opening_hours": "24/7",
        "website": "https://www.orlen.cz/"
      },
      "geometry": {
        "type": "Point",
        "coordinates": [
          14.9322106,
          50.405381
        ]
      },
      "id": "node/349332973"
    },
    {
      "type": "Feature",
      "properties": {
        "@id": "node/351140801",
        "amenity": "fuel",
        "branch": "Bříství, D11, směr Hradec Králové",
        "brand": "MOL",
        "brand:facebook": "molcesko",
        "brand:instagram": "mol_cesko",
        "brand:website": "https://molcesko.cz/cz",
        "brand:wikidata": "Q549181",
        "brand:wikipedia": "cs:MOL (holding)",
        "compressed_air": "yes",
        "fuel:HGV_diesel": "yes",
        "fuel:adblue": "yes",
        "fuel:diesel": "yes",
        "fuel:lpg": "yes",
        "fuel:octane_100": "yes",
        "fuel:octane_95": "yes",
        "internet_access": "wlan",
        "internet_access:fee": "customers",
        "name": "MOL",
        "opening_hours": "24/7",
        "operator": "MOL Česká republika",
        "payment:american_express": "yes",
        "payment:cash": "yes",
        "payment:ccs": "yes",
        "payment:dkv": "yes",
        "payment:e100": "yes",
        "payment:eurooil": "yes",
        "payment:ina": "yes",
        "payment:maestro": "yes",
        "payment:mastercard": "yes",
        "payment:mol": "yes",
        "payment:slovnaft": "yes",
        "payment:uta": "yes",
        "payment:v_pay": "yes",
        "payment:visa": "yes",
        "toilets": "yes",
        "wheelchair": "yes"
      },
      "geometry": {
        "type": "Point",
        "coordinates": [
          14.8613829,
          50.1324651
        ]
      },
      "id": "node/351140801"
    },
    {
      "type": "Feature",
      "properties": {
        "@id": "node/354636240",
        "amenity": "fuel",
        "brand": "Orlen",
        "brand:facebook": "https://www.facebook.com/orlencz",
        "brand:website": "https://www.orlen.cz",
        "brand:wikidata": "Q971649",
        "compressed_air": "yes",
        "fuel:diesel": "yes",
        "fuel:octane_100": "yes",
        "fuel:octane_95": "yes",
        "internet_access": "wlan",
        "internet_access:fee": "customers",
        "name": "Orlen",
        "opening_hours": "Mo-Su 05:00-22:00",
        "operator": "Orlen Unipetrol RPA s.r.o. - Benzina, odštěpný závod",
        "toilets": "yes",
        "wheelchair": "yes"
      },
      "geometry": {
        "type": "Point",
        "coordinates": [
          15.315761,
          50.7090691
        ]
      },
      "id": "node/354636240"
    },
    {
      "type": "Feature",
      "properties": {
        "@id": "node/366601563",
        "amenity": "fuel",
        "brand": "MOL",
        "brand:wikidata": "Q549181",
        "brand:wikipedia": "en:MOL (company)",
        "compressed_air": "no",
        "fuel:diesel": "yes",
        "fuel:octane_100": "yes",
        "fuel:octane_95": "yes",
        "name": "MOL, Benátky nad Jizerou",
        "opening_hours": "05:00-22:00",
        "operator": "MOL Česká republika, s.r.o.",
        "website": "https://molcesko.cz/"
      },
      "geometry": {
        "type": "Point",
        "coordinates": [
          14.8303489,
          50.2786918
        ]
      },
      "id": "node/366601563"
    },
    {
      "type": "Feature",
      "properties": {
        "@id": "node/366609206",
        "amenity": "fuel",
        "branch": "Praha, Argentinská",
        "brand": "OMV",
        "brand:facebook": "https://www.facebook.com/omvceskarepublika",
        "brand:website": "https://www.omv.cz/cs-cz",
        "brand:wikidata": "Q168238",
        "brand:wikipedia": "cs:OMV",
        "compressed_air": "yes",
        "fuel:diesel": "yes",
        "fuel:lpg": "yes",
        "fuel:octane_100": "yes",
        "fuel:octane_95": "yes",
        "name": "OMV",
        "opening_hours": "24/7",
        "operator": "OMV Česká republika",
        "payment:cash": "yes",
        "payment:dkv": "yes",
        "payment:mastercard": "yes",
        "payment:omv_card": "yes",
        "payment:routex": "yes",
        "payment:uta": "yes",
        "payment:visa": "yes",
        "phone": "+420283870609",
        "wheelchair": "yes"
      },
      "geometry": {
        "type": "Point",
        "coordinates": [
          14.4457853,
          50.1117049
        ]
      },
      "id": "node/366609206"
    },
    {
      "type": "Feature",
      "properties": {
        "@id": "node/366908681",
        "amenity": "fuel",
        "branch": "Olomouc, Brněnská",
        "brand": "OMV",
        "brand:facebook": "omvceskarepublika",
        "brand:website": "https://www.omv.cz/cs-cz",
        "brand:wikidata": "Q168238",
        "brand:wikipedia": "cs:OMV",
        "compressed_air": "yes",
        "fuel:HGV_diesel": "yes",
        "fuel:diesel": "yes",
        "fuel:octane_100": "yes",
        "fuel:octane_95": "yes",
        "name": "OMV",
        "opening_hours": "24/7",
        "operator": "OMV Česká republika",
        "payment:cash": "yes",
        "payment:dkv": "yes",
        "payment:mastercard": "yes",
        "payment:omv_card": "yes",
        "payment:routex": "yes",
        "payment:uta": "yes",
        "payment:visa": "yes",
        "phone": "+420 5 85417954",
        "wheelchair": "yes"
      },
      "geometry": {
        "type": "Point",
        "coordinates": [
          17.2323614,
          49.5732023
        ]
      },
      "id": "node/366908681"
    },
    {
      "type": "Feature",
      "properties": {
        "@id": "node/371237888",
        "amenity": "fuel",
        "brand": "Orlen",
        "brand:wikidata": "Q971649",
        "fuel:adblue": "yes",
        "fuel:diesel": "yes",
        "fuel:octane_100": "yes",
        "fuel:octane_95": "yes",
        "name": "Orlen Suchdol",
        "opening_hours": "05:00-22:00",
        "website": "https://www.orlen.cz/"
      },
      "geometry": {
        "type": "Point",
        "coordinates": [
          14.3271492,
          50.1493357
        ]
      },
      "id": "node/371237888"
    },
    {
      "type": "Feature",
      "properties": {
        "@id": "node/371238593",
        "amenity": "fuel",
        "branch": "Nový Jičín",
        "brand": "Orlen",
        "brand:wikidata": "Q971649",
        "compressed_air": "yes",
        "contact:facebook": "https://www.facebook.com/orlencz",
        "fuel:GTL_diesel": "yes",
        "fuel:adblue": "yes",
        "fuel:adblue:canister": "yes",
        "fuel:diesel": "yes",
        "fuel:octane_100": "yes",
        "fuel:octane_95": "yes",
        "internet_access": "wlan",
        "internet_access:fee": "customers",
        "name": "Orlen",
        "opening_hours": "24/7",
        "operator": "Orlen Unipetrol RPA s.r.o. - Benzina, odštěpný závod",
        "source": "survey",
        "toilets": "yes",
        "website": "https://www.orlen.cz/",
        "wheelchair": "yes"
      },
      "geometry": {
        "type": "Point",
        "coordinates": [
          18.0298643,
          49.6074889
        ]
      },
      "id": "node/371238593"
    },
    {
      "type": "Feature",
      "properties": {
        "@id": "node/384727115",
        "amenity": "fuel",
        "branch": "Přerov nad Labem",
        "brand": "MOL",
        "brand:facebook": "https://www.facebook.com/molcesko",
        "brand:instagram": "https://www.instagram.com/mol_cesko",
        "brand:website": "https://molcesko.cz/cz",
        "brand:wikidata": "Q549181",
        "brand:wikipedia": "cs:MOL (holding)",
        "compressed_air": "yes",
        "fuel:GTL_diesel": "yes",
        "fuel:diesel": "yes",
        "fuel:octane_100": "yes",
        "fuel:octane_95": "yes",
        "internet_access": "wlan",
        "internet_access:fee": "customers",
        "name": "MOL",
        "opening_hours": "Mo-Su 06:00-20:00",
        "operator": "MOL Česká republika",
        "payment:american_express": "yes",
        "payment:cash": "yes",
        "payment:ccs": "yes",
        "payment:dkv": "yes",
        "payment:e100": "yes",
        "payment:eurooil": "yes",
        "payment:ina": "yes",
        "payment:maestro": "yes",
        "payment:mastercard": "yes",
        "payment:mol": "yes",
        "payment:slovnaft": "yes",
        "payment:uta": "yes",
        "payment:v_pay": "yes",
        "payment:visa": "yes",
        "toilets": "yes",
        "wheelchair": "yes"
      },
      "geometry": {
        "type": "Point",
        "coordinates": [
          14.8260989,
          50.1471296
        ]
      },
      "id": "node/384727115"
    },
    {
      "type": "Feature",
      "properties": {
        "@id": "node/385700274",
        "amenity": "fuel",
        "email": "cs57@robinoil.cz",
        "fuel:diesel": "yes",
        "fuel:lpg": "yes",
        "fuel:octane_95": "yes",
        "fuel:octane_98": "yes",
        "kiosk": "yes",
        "name": "RoBiN OIL Jítrava",
        "note": "lpg 06:00-22:00",
        "opening_hours": "24/7",
        "operator": "RoBiN OIL s.r.o.",
        "shop": "yes",
        "toilets": "yes",
        "website": "http://www.robinoil.cz/index.php/cerpaci-stanice/vyhledavani-cs/43"
      },
      "geometry": {
        "type": "Point",
        "coordinates": [
          14.8540677,
          50.7943785
        ]
      },
      "id": "node/385700274"
    },
    {
      "type": "Feature",
      "properties": {
        "@id": "node/385734769",
        "amenity": "fuel",
        "brand": "MOL",
        "brand:wikidata": "Q549181",
        "brand:wikipedia": "cs:MOL (holding)",
        "fuel:diesel": "yes",
        "fuel:octane_95": "yes",
        "fuel:octane_98": "yes",
        "name": "MOL, Chrastava",
        "opening_hours": "24/7",
        "operator": "MOL Česká republika, s.r.o.",
        "website": "https://molcesko.cz/"
      },
      "geometry": {
        "type": "Point",
        "coordinates": [
          14.9507229,
          50.8172105
        ]
      },
      "id": "node/385734769"
    },
    {
      "type": "Feature",
      "properties": {
        "@id": "node/385734771",
        "amenity": "fuel",
        "brand": "Orlen",
        "brand:wikidata": "Q971649",
        "fuel:diesel": "yes",
        "fuel:octane_100": "yes",
        "fuel:octane_95": "yes",
        "name": "Orlen",
        "opening_hours": "05:00-22:00",
        "shop": "no",
        "website": "https://www.orlen.cz/"
      },
      "geometry": {
        "type": "Point",
        "coordinates": [
          14.962562,
          50.8136474
        ]
      },
      "id": "node/385734771"
    },
    {
      "type": "Feature",
      "properties": {
        "@id": "node/385744604",
        "amenity": "fuel",
        "brand": "MOL",
        "brand:wikidata": "Q549181",
        "brand:wikipedia": "cs:MOL (holding)",
        "compressed_air": "yes",
        "fuel:diesel": "yes",
        "fuel:octane_95": "yes",
        "fuel:octane_98": "yes",
        "name": "MOL, Liberec Doubí",
        "opening_hours": "24/7",
        "operator": "MOL Česká republika, s.r.o.",
        "website": "https://molcesko.cz/"
      },
      "geometry": {
        "type": "Point",
        "coordinates": [
          15.0530884,
          50.7423593
        ]
      },
      "id": "node/385744604"
    },
    {
      "type": "Feature",
      "properties": {
        "@id": "node/385796505",
        "amenity": "fuel",
        "brand": "Orlen",
        "brand:wikidata": "Q971649",
        "compressed_air": "yes",
        "contact:facebook": "https://www.facebook.com/orlencz",
        "fuel:GTL_diesel": "yes",
        "fuel:diesel": "yes",
        "fuel:octane_100": "yes",
        "fuel:octane_95": "yes",
        "name": "Orlen",
        "opening_hours": "Mo-Su 05:00-22:00",
        "operator": "Orlen Unipetrol RPA s.r.o. - Benzina, odštěpný závod",
        "website": "https://www.orlen.cz/",
        "wheelchair": "yes"
      },
      "geometry": {
        "type": "Point",
        "coordinates": [
          16.3765988,
          49.1122266
        ]
      },
      "id": "node/385796505"
    },
    {
      "type": "Feature",
      "properties": {
        "@id": "node/390154562",
        "amenity": "fuel",
        "brand": "MOL",
        "brand:wikidata": "Q549181",
        "brand:wikipedia": "en:MOL (company)",
        "compressed_air": "yes",
        "fuel:diesel": "yes",
        "fuel:lpg": "yes",
        "fuel:octane_100": "yes",
        "fuel:octane_95": "yes",
        "name": "MOL, Chomutov Černovická",
        "opening_hours": "24/7",
        "operator": "MOL Česká republika, s.r.o.",
        "website": "https://molcesko.cz/"
      },
      "geometry": {
        "type": "Point",
        "coordinates": [
          13.3960458,
          50.4580971
        ]
      },
      "id": "node/390154562"
    },
    {
      "type": "Feature",
      "properties": {
        "@id": "node/393881597",
        "addr:housenumber": "1198",
        "addr:postcode": "76302",
        "addr:street": "třída 3. května",
        "amenity": "fuel",
        "email": "info@makro.cz",
        "fuel:biodiesel": "yes",
        "fuel:cng": "yes",
        "fuel:diesel": "yes",
        "fuel:e85": "yes",
        "fuel:ethanol": "yes",
        "fuel:octane_95": "yes",
        "fuel:octane_98": "yes",
        "name": "Makro",
        "opening_hours": "Mo-Sa 06:00-21:00; Su 07:00-21:00",
        "operator": "Makro",
        "phone": "+420281083083",
        "website": "https://www.makro.cz/prodejny/zlin"
      },
      "geometry": {
        "type": "Point",
        "coordinates": [
          17.5634958,
          49.2037171
        ]
      },
      "id": "node/393881597"
    },
    {
      "type": "Feature",
      "properties": {
        "@id": "node/404721151",
        "addr:city": "Blansko",
        "addr:conscriptionnumber": "2379",
        "addr:country": "CZ",
        "addr:housenumber": "2379/2",
        "addr:place": "Blansko",
        "addr:postcode": "67801",
        "addr:street": "Na Řadech",
        "addr:streetnumber": "2",
        "amenity": "fuel",
        "brand": "Shell",
        "brand:wikidata": "Q110716465",
        "brand:wikipedia": "cs:Royal Dutch Shell",
        "compressed_air": "yes",
        "fuel:HGV_diesel": "yes",
        "fuel:diesel": "yes",
        "fuel:octane_100": "yes",
        "fuel:octane_95": "yes",
        "name": "Shell",
        "opening_hours": "05:00-23:00",
        "operator": "Shell Czech Republic a.s.",
        "ref:ruian:addr": "25988522"
      },
      "geometry": {
        "type": "Point",
        "coordinates": [
          16.6414959,
          49.3692949
        ]
      },
      "id": "node/404721151"
    },
    {
      "type": "Feature",
      "properties": {
        "@id": "node/409760786",
        "amenity": "fuel",
        "branch": "Klenčí pod Čerchovem",
        "brand": "Orlen",
        "brand:wikidata": "Q971649",
        "compressed_air": "yes",
        "contact:facebook": "https://www.facebook.com/orlencz",
        "fuel:GTL_diesel": "yes",
        "fuel:adblue:canister": "yes",
        "fuel:diesel": "yes",
        "fuel:lpg": "yes",
        "fuel:octane_100": "yes",
        "fuel:octane_95": "yes",
        "internet_access": "wlan",
        "internet_access:fee": "customers",
        "name": "Orlen",
        "opening_hours": "Mo-Su 06:00-20:00",
        "operator": "Orlen Unipetrol RPA s.r.o. - Benzina, odštěpný závod",
        "toilets": "yes",
        "website": "https://www.orlen.cz/",
        "wheelchair": "yes"
      },
      "geometry": {
        "type": "Point",
        "coordinates": [
          12.8289821,
          49.438906
        ]
      },
      "id": "node/409760786"
    },
    {
      "type": "Feature",
      "properties": {
        "@id": "node/416619574",
        "addr:city": "Praha 5",
        "addr:housenumber": "1893/11",
        "addr:postcode": "15000",
        "addr:street": "Plzeňská",
        "amenity": "fuel",
        "branch": "Praha, Plzeňská, směr do centra",
        "brand": "OMV",
        "brand:facebook": "omvceskarepublika",
        "brand:website": "https://www.omv.cz/cs-cz",
        "brand:wikidata": "Q168238",
        "brand:wikipedia": "cs:OMV",
        "check_date": "2026-05-08",
        "compressed_air": "yes",
        "fuel:HGV_diesel": "yes",
        "fuel:diesel": "yes",
        "fuel:octane_100": "yes",
        "fuel:octane_95": "yes",
        "name": "OMV",
        "opening_hours": "24/7",
        "operator": "OMV Česká republika",
        "payment:cash": "yes",
        "payment:dkv": "yes",
        "payment:mastercard": "yes",
        "payment:omv_card": "yes",
        "payment:routex": "yes",
        "payment:uta": "yes",
        "payment:visa": "yes",
        "phone": "+420 2572 23961",
        "wheelchair": "yes"
      },
      "geometry": {
        "type": "Point",
        "coordinates": [
          14.3584084,
          50.0690137
        ]
      },
      "id": "node/416619574"
    },
    {
      "type": "Feature",
      "properties": {
        "@id": "node/428927356",
        "amenity": "fuel",
        "brand": "Orlen",
        "brand:facebook": "orlencz",
        "brand:website": "https://www.orlen.cz",
        "brand:wikidata": "Q971649",
        "brand:wikipedia": "cs:Orlen",
        "compressed_air": "yes",
        "fuel:diesel": "yes",
        "fuel:octane_100": "yes",
        "fuel:octane_95": "yes",
        "internet_access": "wlan",
        "internet_access:fee": "customers",
        "name": "Orlen",
        "opening_hours": "Mo-Su 05:00-22:00",
        "operator": "Orlen Unipetrol RPA",
        "toilets": "yes",
        "wheelchair": "yes"
      },
      "geometry": {
        "type": "Point",
        "coordinates": [
          17.5521514,
          49.3253856
        ]
      },
      "id": "node/428927356"
    },
    {
      "type": "Feature",
      "properties": {
        "@id": "node/431054718",
        "amenity": "fuel",
        "brand": "Benzina",
        "brand:wikidata": "Q11130894",
        "fuel:GTL_diesel": "yes",
        "fuel:adblue:canister": "yes",
        "fuel:diesel": "yes",
        "fuel:octane_100": "yes",
        "fuel:octane_95": "yes",
        "internet_access": "wlan",
        "internet_access:fee": "no",
        "name": "Benzina - Valašské Klobouky",
        "opening_hours": "05:00-22:00",
        "operator": "Unipetrol RPA, s.r.o. – Benzina",
        "source": "cuzk:km;uhul:ortofoto",
        "website": "https://www.benzina.cz/"
      },
      "geometry": {
        "type": "Point",
        "coordinates": [
          18.0221009,
          49.1476961
        ]
      },
      "id": "node/431054718"
    },
    {
      "type": "Feature",
      "properties": {
        "@id": "node/447805122",
        "amenity": "fuel",
        "brand": "MOL",
        "brand:wikidata": "Q549181",
        "brand:wikipedia": "cs:MOL (holding)",
        "fuel:diesel": "yes",
        "fuel:lpg": "yes",
        "fuel:octane_100": "yes",
        "fuel:octane_95": "yes",
        "name": "MOL, Frýdek-Místek",
        "opening_hours": "24/7",
        "operator": "MOL Česká republika, s.r.o.",
        "shop": "kiosk",
        "website": "https://molcesko.cz/",
        "wheelchair": "yes"
      },
      "geometry": {
        "type": "Point",
        "coordinates": [
          18.3396689,
          49.6829754
        ]
      },
      "id": "node/447805122"
    },
    {
      "type": "Feature",
      "properties": {
        "@id": "node/454943873",
        "amenity": "fuel",
        "brand": "Orlen",
        "brand:wikidata": "Q971649",
        "compressed_air": "yes",
        "email": "info@orlen.cz",
        "fuel:HGV_diesel": "yes",
        "fuel:adblue": "yes",
        "fuel:diesel": "yes",
        "fuel:octane_100": "yes",
        "fuel:octane_95": "yes",
        "internet_access": "wlan",
        "name": "ORLEN",
        "opening_hours": "05:00-22:00",
        "operator": "ORLEN",
        "payment:app": "yes",
        "payment:cash": "yes",
        "payment:coins": "yes",
        "payment:contactless": "yes",
        "payment:credit_cards": "yes",
        "payment:debit_cards": "yes",
        "phone": "+420 800 102 800",
        "self_service": "partially",
        "website": "https://www.orlen.cz/"
      },
      "geometry": {
        "type": "Point",
        "coordinates": [
          16.4865896,
          49.3121045
        ]
      },
      "id": "node/454943873"
    },
    {
      "type": "Feature",
      "properties": {
        "@id": "node/457460777",
        "amenity": "fuel",
        "brand": "MOL",
        "brand:wikidata": "Q549181",
        "brand:wikipedia": "en:MOL (company)",
        "compressed_air": "no",
        "fuel:diesel": "yes",
        "fuel:octane_100": "yes",
        "fuel:octane_95": "yes",
        "name": "MOL, Strakonická",
        "opening_hours": "24/7",
        "operator": "MOL Česká republika, s.r.o.",
        "website": "https://molcesko.cz/"
      },
      "geometry": {
        "type": "Point",
        "coordinates": [
          14.410552,
          50.0623057
        ]
      },
      "id": "node/457460777"
    },
    {
      "type": "Feature",
      "properties": {
        "@id": "node/457655720",
        "amenity": "fuel",
        "brand": "Orlen",
        "brand:wikidata": "Q971649",
        "compressed_air": "yes",
        "fuel:GTL_diesel": "yes",
        "fuel:cng": "yes",
        "fuel:diesel": "yes",
        "fuel:octane_100": "yes",
        "fuel:octane_95": "yes",
        "internet_access": "wlan",
        "internet_access:fee": "no",
        "name": "Orlen",
        "opening_hours": "24/7"
      },
      "geometry": {
        "type": "Point",
        "coordinates": [
          14.3203601,
          50.2502962
        ]
      },
      "id": "node/457655720"
    },
    {
      "type": "Feature",
      "properties": {
        "@id": "node/457679391",
        "amenity": "fuel",
        "branch": "Valašské Meziříčí, Hřbitovní",
        "brand": "Orlen",
        "brand:wikidata": "Q971649",
        "fuel:adblue": "yes",
        "fuel:cng": "yes",
        "fuel:diesel": "yes",
        "fuel:octane_100": "yes",
        "fuel:octane_95": "yes",
        "name": "Orlen",
        "operator": "Orlen"
      },
      "geometry": {
        "type": "Point",
        "coordinates": [
          17.9621075,
          49.4969189
        ]
      },
      "id": "node/457679391"
    },
    {
      "type": "Feature",
      "properties": {
        "@id": "node/470223351",
        "amenity": "fuel",
        "brand": "MOL",
        "brand:wikidata": "Q549181",
        "brand:wikipedia": "cs:MOL (holding)",
        "check_date:opening_hours": "2024-06-03",
        "compressed_air": "yes",
        "fuel:diesel": "yes",
        "fuel:octane_100": "yes",
        "fuel:octane_95": "yes",
        "internet_access": "wlan",
        "internet_access:fee": "no",
        "name": "MOL, Řečkovice - Palackého",
        "opening_hours": "Mo-Fr 06:00-22:00, Sa-Su 07:00-22:00",
        "operator": "MOL Česká republika, s.r.o.",
        "source": "cuzk:km",
        "website": "https://molcesko.cz/"
      },
      "geometry": {
        "type": "Point",
        "coordinates": [
          16.5870972,
          49.2361999
        ]
      },
      "id": "node/470223351"
    },
    {
      "type": "Feature",
      "properties": {
        "@id": "node/472399415",
        "amenity": "fuel",
        "branch": "Hodonín, Brněnská",
        "brand": "Shell",
        "brand:wikidata": "Q110716465",
        "compressed_air": "yes",
        "contact:facebook": "https://www.facebook.com/ShellCeskaRepublika",
        "fuel:GTL_diesel": "yes",
        "fuel:HGV_diesel": "yes",
        "fuel:adblue": "yes",
        "fuel:adblue:canister": "yes",
        "fuel:diesel": "yes",
        "fuel:octane_100": "yes",
        "fuel:octane_95": "yes",
        "name": "Shell",
        "opening_hours": "24/7",
        "operator": "Shell Czech Republic",
        "source": "gps",
        "toilets": "yes",
        "website": "https://www.shell.cz/",
        "wheelchair": "yes"
      },
      "geometry": {
        "type": "Point",
        "coordinates": [
          17.114149,
          48.867437
        ]
      },
      "id": "node/472399415"
    },
    {
      "type": "Feature",
      "properties": {
        "@id": "node/475550745",
        "amenity": "fuel",
        "brand": "OMV",
        "brand:wikidata": "Q168238",
        "brand:wikipedia": "cs:OMV",
        "compressed_air": "yes",
        "contact:facebook": "https://www.facebook.com/omvceskarepublika",
        "fuel:GTL_diesel": "yes",
        "fuel:HGV_diesel": "yes",
        "fuel:diesel": "yes",
        "fuel:lpg": "yes",
        "fuel:octane_100": "yes",
        "fuel:octane_95": "yes",
        "name": "OMV",
        "opening_hours": "24/7",
        "operator": "OMV Česká republika",
        "payment:cash": "yes",
        "payment:dkv": "yes",
        "payment:mastercard": "yes",
        "payment:omv_card": "yes",
        "payment:routex": "yes",
        "payment:uta": "yes",
        "payment:visa": "yes",
        "phone": "+420518357046",
        "website": "https://www.omv.cz/cs-cz",
        "wheelchair": "yes"
      },
      "geometry": {
        "type": "Point",
        "coordinates": [
          17.0720165,
          48.8474975
        ]
      },
      "id": "node/475550745"
    },
    {
      "type": "Feature",
      "properties": {
        "@id": "node/532077140",
        "amenity": "fuel",
        "compressed_air": "yes",
        "email": "asq1@f1gas.cz",
        "fuel:diesel": "yes",
        "fuel:lpg": "yes",
        "fuel:octane_95": "yes",
        "fuel:octane_98": "yes",
        "name": "Free1 GAS Aš Q1",
        "opening_hours": "Mo-Fr 07:00-22:00; Sa-Su 07:00-19:00",
        "operator": "TOP TANK s.r.o.",
        "phone": "+420 354 528 333",
        "website": "https://www.f1gas.eu/as-q1"
      },
      "geometry": {
        "type": "Point",
        "coordinates": [
          12.1906883,
          50.2209827
        ]
      },
      "id": "node/532077140"
    },
    {
      "type": "Feature",
      "properties": {
        "@id": "node/540441534",
        "amenity": "fuel",
        "fuel:diesel": "yes",
        "fuel:octane_95": "yes",
        "fuel:octane_98": "yes",
        "name": "Topexol"
      },
      "geometry": {
        "type": "Point",
        "coordinates": [
          14.4784716,
          50.3655035
        ]
      },
      "id": "node/540441534"
    },
    {
      "type": "Feature",
      "properties": {
        "@id": "node/548368946",
        "amenity": "fuel",
        "brand": "Orlen",
        "brand:wikidata": "Q971649",
        "fuel:adblue:canister": "yes",
        "fuel:diesel": "yes",
        "fuel:octane_100": "yes",
        "fuel:octane_95": "yes",
        "internet_access": "wlan",
        "internet_access:fee": "no",
        "name": "Orlen",
        "opening_hours": "24/7"
      },
      "geometry": {
        "type": "Point",
        "coordinates": [
          14.6379094,
          50.1081723
        ]
      },
      "id": "node/548368946"
    },
    {
      "type": "Feature",
      "properties": {
        "@id": "node/560081832",
        "addr:city": "Lety",
        "addr:housenumber": "469",
        "addr:postcode": "25229",
        "addr:street": "Pražská",
        "amenity": "fuel",
        "branch": "Lety",
        "brand": "Martin Oil",
        "fuel:diesel": "yes",
        "fuel:octane_95": "yes",
        "fuel:octane_98": "yes",
        "fuel:propane": "yes",
        "image": "https://www.martinoil.cz/wp-content/uploads/JAR1547-1.jpg",
        "name": "Martin Oil",
        "opening_hours": "05:00-22:00",
        "operator": "MARTIN Oil s.r.o.",
        "self_service": "no",
        "website": "https://www.martinoil.cz/",
        "wheelchair": "yes"
      },
      "geometry": {
        "type": "Point",
        "coordinates": [
          14.2563125,
          49.923285
        ]
      },
      "id": "node/560081832"
    },
    {
      "type": "Feature",
      "properties": {
        "@id": "node/560108608",
        "amenity": "fuel",
        "brand": "Benzina",
        "brand:wikidata": "Q11130894",
        "fuel:GTL_diesel": "yes",
        "fuel:diesel": "yes",
        "fuel:octane_100": "yes",
        "fuel:octane_95": "yes",
        "internet_access": "wlan",
        "internet_access:fee": "no",
        "name": "Benzina - Nový Bydžov",
        "opening_hours": "05:00-23:00",
        "operator": "Unipetrol RPA, s.r.o. – Benzina",
        "website": "https://www.benzina.cz/"
      },
      "geometry": {
        "type": "Point",
        "coordinates": [
          15.5005178,
          50.2406228
        ]
      },
      "id": "node/560108608"
    },
    {
      "type": "Feature",
      "properties": {
        "@id": "node/566837341",
        "amenity": "fuel",
        "branch": "Strakonice",
        "brand": "Robin Oil",
        "brand:website": "https://www.ceproas.cz/eurooil",
        "brand:wikidata": "Q133453886",
        "compressed_air": "yes",
        "email": "cs55@robinoil.cz",
        "fuel:diesel": "yes",
        "fuel:lpg": "yes",
        "fuel:octane_95": "yes",
        "fuel:octane_98": "yes",
        "internet_access": "wlan",
        "internet_access:fee": "customers",
        "name": "Robin Oil",
        "opening_hours": "24/7",
        "operator": "Čepro",
        "payment:cash": "yes",
        "payment:contactless": "yes",
        "payment:fleet_card": "yes",
        "payment:mastercard": "yes",
        "payment:visa": "yes",
        "toilets": "yes",
        "wheelchair": "yes"
      },
      "geometry": {
        "type": "Point",
        "coordinates": [
          13.9163293,
          49.2677595
        ]
      },
      "id": "node/566837341"
    },
    {
      "type": "Feature",
      "properties": {
        "@id": "node/568114498",
        "addr:city": "Praha",
        "addr:housenumber": "1413",
        "addr:postcode": "15600",
        "addr:street": "Lesáků",
        "amenity": "fuel",
        "branch": "Strakonická",
        "brand": "MOL",
        "brand:wikidata": "Q549181",
        "brand:wikipedia": "en:MOL (company)",
        "fuel:diesel": "yes",
        "fuel:octane_100": "yes",
        "fuel:octane_95": "yes",
        "name": "MOL",
        "opening_hours": "24/7",
        "operator": "MOL Česká republika, s.r.o.",
        "self_service": "yes",
        "website": "https://molcesko.cz/"
      },
      "geometry": {
        "type": "Point",
        "coordinates": [
          14.3780159,
          49.9542568
        ]
      },
      "id": "node/568114498"
    },
    {
      "type": "Feature",
      "properties": {
        "@id": "node/570671386",
        "addr:city": "Jičín",
        "addr:country": "CZ",
        "addr:housenumber": "163",
        "addr:place": "Robusy",
        "addr:postcode": "50601",
        "amenity": "fuel",
        "brand": "Benzina",
        "brand:wikidata": "Q11130894",
        "brand:wikipedia": "cs:Benzina",
        "fuel:GTL_diesel": "yes",
        "fuel:diesel": "yes",
        "fuel:lpg": "yes",
        "fuel:octane_100": "yes",
        "fuel:octane_95": "yes",
        "internet_access": "wlan",
        "internet_access:fee": "no",
        "name": "Benzina - Jičín, Robousy",
        "opening_hours": "24/7",
        "operator": "Unipetrol RPA, s.r.o. – Benzina",
        "phone": "+420493523247",
        "self_service": "no",
        "website": "https://www.benzina.cz/"
      },
      "geometry": {
        "type": "Point",
        "coordinates": [
          15.4082175,
          50.4338034
        ]
      },
      "id": "node/570671386"
    },
    {
      "type": "Feature",
      "properties": {
        "@id": "node/576589687",
        "amenity": "fuel",
        "brand": "Orlen",
        "brand:wikidata": "Q971649",
        "fuel:diesel": "yes",
        "fuel:octane_100": "yes",
        "fuel:octane_95": "yes",
        "name": "Orlen",
        "opening_hours": "05:00-22:00",
        "website": "https://www.orlen.cz/"
      },
      "geometry": {
        "type": "Point",
        "coordinates": [
          17.9893677,
          49.6474548
        ]
      },
      "id": "node/576589687"
    },
    {
      "type": "Feature",
      "properties": {
        "@id": "node/595386731",
        "addr:city": "Vracov",
        "addr:housenumber": "1582",
        "addr:postcode": "69642",
        "addr:street": "Hodonínská",
        "amenity": "fuel",
        "check_date": "2026-05-12",
        "compressed_air": "yes",
        "drink:coffee": "yes",
        "fuel:HGV_diesel": "yes",
        "fuel:diesel": "yes",
        "fuel:lpg": "yes",
        "fuel:octane_95": "yes",
        "fuel:octane_98": "yes",
        "name": "MOW",
        "opening_hours": "Mo-Fr 06:00-20:00; Sa-Su 07:00-20:00",
        "operator": "Šmída Group",
        "payment:cash": "yes",
        "payment:ccs": "yes",
        "payment:credit_cards": "yes",
        "payment:debit_cards": "yes",
        "payment:visa": "yes"
      },
      "geometry": {
        "type": "Point",
        "coordinates": [
          17.2039507,
          48.9690754
        ]
      },
      "id": "node/595386731"
    },
    {
      "type": "Feature",
      "properties": {
        "@id": "node/595913788",
        "amenity": "fuel",
        "brand": "Orlen",
        "brand:wikidata": "Q11130894",
        "fuel:diesel": "yes",
        "fuel:octane_100": "yes",
        "fuel:octane_95": "yes",
        "internet_access": "wlan",
        "internet_access:fee": "no",
        "name": "Orlen - Uherské Hradiště, Sokolovská",
        "opening_hours": "24/7",
        "operator": "Unipetrol RPA, s.r.o. – Benzina",
        "website": "https://www.benzina.cz/"
      },
      "geometry": {
        "type": "Point",
        "coordinates": [
          17.4829554,
          49.0763819
        ]
      },
      "id": "node/595913788"
    },
    {
      "type": "Feature",
      "properties": {
        "@id": "node/598489998",
        "addr:housenumber": "800",
        "addr:postcode": "512 43",
        "addr:street": "Jablonec nad Jizerou",
        "amenity": "fuel",
        "brand": "MOL",
        "brand:wikidata": "Q549181",
        "fuel:diesel": "yes",
        "fuel:e85": "yes",
        "fuel:lpg": "yes",
        "fuel:octane_95": "yes",
        "fuel:octane_98": "yes",
        "name": "Benzínová čerpací stanice Belda",
        "opening_hours": "Mo-Su 05:30-21:30",
        "phone": "+420481591111",
        "website": "https://www.cerpacistanicebelda.cz/"
      },
      "geometry": {
        "type": "Point",
        "coordinates": [
          15.4346411,
          50.6997812
        ]
      },
      "id": "node/598489998"
    },
    {
      "type": "Feature",
      "properties": {
        "@id": "node/612987649",
        "addr:city": "Kladno",
        "addr:housenumber": "2742",
        "addr:postcode": "272 01",
        "addr:street": "Americká",
        "amenity": "fuel",
        "branch": "Kladno, Americká",
        "brand": "OMV",
        "brand:facebook": "https://www.facebook.com/omvceskarepublika",
        "brand:website": "https://www.omv.cz/cs-cz",
        "brand:wikidata": "Q168238",
        "brand:wikipedia": "cs:OMV",
        "compressed_air": "yes",
        "fuel:HGV_diesel": "yes",
        "fuel:diesel": "yes",
        "fuel:octane_100": "yes",
        "fuel:octane_95": "yes",
        "name": "OMV",
        "opening_hours": "24/7",
        "operator": "OMV Česká republika",
        "payment:cash": "yes",
        "payment:dkv": "yes",
        "payment:mastercard": "yes",
        "payment:omv_card": "yes",
        "payment:routex": "yes",
        "payment:uta": "yes",
        "payment:visa": "yes",
        "phone": "+420 312684059",
        "wheelchair": "yes"
      },
      "geometry": {
        "type": "Point",
        "coordinates": [
          14.1206093,
          50.1265097
        ]
      },
      "id": "node/612987649"
    },
    {
      "type": "Feature",
      "properties": {
        "@id": "node/615587635",
        "amenity": "fuel",
        "brand": "MOL",
        "brand:wikidata": "Q549181",
        "brand:wikipedia": "cs:MOL (holding)",
        "fuel:diesel": "yes",
        "fuel:lpg": "yes",
        "fuel:octane_100": "yes",
        "fuel:octane_95": "yes",
        "name": "MOL, Jindřichův Hradec",
        "opening_hours": "05:00-22:00",
        "operator": "MOL Česká republika, s.r.o.",
        "website": "https://molcesko.cz/"
      },
      "geometry": {
        "type": "Point",
        "coordinates": [
          15.0022894,
          49.1543563
        ]
      },
      "id": "node/615587635"
    },
    {
      "type": "Feature",
      "properties": {
        "@id": "node/618405464",
        "amenity": "fuel",
        "brand": "MOL",
        "brand:wikidata": "Q549181",
        "brand:wikipedia": "cs:MOL (holding)",
        "fuel:adblue": "yes",
        "fuel:diesel": "yes",
        "fuel:octane_100": "yes",
        "fuel:octane_95": "yes",
        "fuel:octane_98": "no",
        "internet_access": "wlan",
        "internet_access:fee": "no",
        "name": "MOL, Kaplice I.",
        "opening_hours": "Mo-Su 05:00-22:00",
        "operator": "MOL Česká republika, s.r.o.",
        "website": "https://molcesko.cz/"
      },
      "geometry": {
        "type": "Point",
        "coordinates": [
          14.4809617,
          48.7295702
        ]
      },
      "id": "node/618405464"
    },
    {
      "type": "Feature",
      "properties": {
        "@id": "node/620111570",
        "amenity": "fuel",
        "branch": "Kladno, Kročehlavská",
        "brand": "OMV",
        "brand:facebook": "https://www.facebook.com/omvceskarepublika",
        "brand:website": "https://www.omv.cz/cs-cz",
        "brand:wikidata": "Q168238",
        "brand:wikipedia": "cs:OMV",
        "compressed_air": "yes",
        "fuel:HGV_diesel": "yes",
        "fuel:diesel": "yes",
        "fuel:octane_100": "yes",
        "fuel:octane_95": "yes",
        "name": "OMV",
        "opening_hours": "24/7",
        "operator": "OMV Česká republika",
        "payment:cash": "yes",
        "payment:dkv": "yes",
        "payment:mastercard": "yes",
        "payment:omv_card": "yes",
        "payment:routex": "yes",
        "payment:uta": "yes",
        "payment:visa": "yes",
        "phone": "+420312680358",
        "wheelchair": "yes"
      },
      "geometry": {
        "type": "Point",
        "coordinates": [
          14.1248878,
          50.1439649
        ]
      },
      "id": "node/620111570"
    },
    {
      "type": "Feature",
      "properties": {
        "@id": "node/630935383",
        "amenity": "fuel",
        "brand": "Benzina",
        "compressed_air": "yes",
        "fuel:adblue": "yes",
        "fuel:diesel": "yes",
        "fuel:octane_100": "yes",
        "fuel:octane_95": "yes",
        "name": "Benzina - Náměšť nad Oslavou",
        "opening_hours": "Mo-Sa 00:00-24:00; Su 05:00-21:00",
        "wheelchair": "yes"
      },
      "geometry": {
        "type": "Point",
        "coordinates": [
          16.1436063,
          49.2097068
        ]
      },
      "id": "node/630935383"
    },
    {
      "type": "Feature",
      "properties": {
        "@id": "node/635890673",
        "amenity": "fuel",
        "brand": "ORLEN Benzina",
        "fuel:diesel": "yes",
        "fuel:octane_100": "yes",
        "fuel:octane_95": "yes",
        "name": "Benzina",
        "opening_hours": "05:00-21:00",
        "source": "uhul:ortofoto"
      },
      "geometry": {
        "type": "Point",
        "coordinates": [
          17.8183298,
          49.4791275
        ]
      },
      "id": "node/635890673"
    },
    {
      "type": "Feature",
      "properties": {
        "@id": "node/689243078",
        "amenity": "fuel",
        "brand": "Benzina",
        "brand:wikidata": "Q11130894",
        "fuel:GTL_diesel": "yes",
        "fuel:diesel": "yes",
        "fuel:lpg": "yes",
        "fuel:octane_100": "yes",
        "fuel:octane_95": "yes",
        "internet_access": "wlan",
        "internet_access:fee": "no",
        "name": "Benzina - Brtnice",
        "opening_hours": "06:00-20:00",
        "operator": "Unipetrol RPA, s.r.o. – Benzina",
        "source": "knowledge",
        "website": "https://www.benzina.cz/"
      },
      "geometry": {
        "type": "Point",
        "coordinates": [
          15.6684443,
          49.3151781
        ]
      },
      "id": "node/689243078"
    },
    {
      "type": "Feature",
      "properties": {
        "@id": "node/725076728",
        "amenity": "fuel",
        "brand": "Orlen",
        "brand:wikidata": "Q971649",
        "contact:facebook": "https://www.facebook.com/orlencz",
        "fuel:GTL_diesel": "yes",
        "fuel:adblue": "yes",
        "fuel:diesel": "yes",
        "fuel:octane_100": "yes",
        "fuel:octane_95": "yes",
        "internet_access": "wlan",
        "internet_access:fee": "no",
        "level": "0",
        "name": "Orlen",
        "opening_hours": "Mo-Su 05:00-22:00",
        "operator": "Orlen Unipetrol RPA s.r.o. - Benzina, odštěpný závod",
        "website": "https://www.orlen.cz/",
        "wheelchair": "yes"
      },
      "geometry": {
        "type": "Point",
        "coordinates": [
          17.1170943,
          48.8732838
        ]
      },
      "id": "node/725076728"
    },
    {
      "type": "Feature",
      "properties": {
        "@id": "node/756352390",
        "amenity": "fuel",
        "brand": "EuroOil",
        "contact:website": "https://www.ceproas.cz/eurooil",
        "fuel:diesel": "yes",
        "fuel:e85": "yes",
        "fuel:octane_95": "yes",
        "fuel:octane_98": "yes",
        "internet_access": "wlan",
        "internet_access:fee": "no",
        "name": "EuroOil Horní Těrlicko",
        "opening_hours": "Mo-Su 06:00-20:00",
        "operator": "Čepro, a.s.",
        "ref": "511",
        "shop": "gas"
      },
      "geometry": {
        "type": "Point",
        "coordinates": [
          18.4899527,
          49.7464877
        ]
      },
      "id": "node/756352390"
    },
    {
      "type": "Feature",
      "properties": {
        "@id": "node/772957926",
        "amenity": "fuel",
        "email": "kraslice.czk@one1.eu",
        "fuel:adblue": "yes",
        "fuel:diesel": "yes",
        "fuel:e10": "yes",
        "fuel:octane_95": "yes",
        "fuel:octane_98": "yes",
        "name": "one1 Kraslice",
        "opening_hours": "05:00-23:00",
        "payment:american_express": "yes",
        "payment:cash": "yes",
        "payment:dkv": "yes",
        "payment:maestro": "yes",
        "payment:mastercard": "yes",
        "payment:uta": "yes",
        "payment:visa": "yes",
        "phone": "+420 351 170299",
        "website": "https://www.one1.eu/de/kraslice-37"
      },
      "geometry": {
        "type": "Point",
        "coordinates": [
          12.4751007,
          50.3502911
        ]
      },
      "id": "node/772957926"
    },
    {
      "type": "Feature",
      "properties": {
        "@id": "node/772957931",
        "amenity": "fuel",
        "email": "kraslice@f1gas.cz",
        "fuel:diesel": "yes",
        "fuel:octane_95": "yes",
        "fuel:octane_98": "yes",
        "name": "Free One Shop",
        "operator": "TOP TANK s.r.o.",
        "payment:account_cards": "yes",
        "shop": "yes"
      },
      "geometry": {
        "type": "Point",
        "coordinates": [
          12.4712495,
          50.3523308
        ]
      },
      "id": "node/772957931"
    },
    {
      "type": "Feature",
      "properties": {
        "@id": "node/783440726",
        "addr:floor": "0",
        "amenity": "fuel",
        "brand": "Orlen",
        "brand:wikidata": "Q971649",
        "check_date": "2025-03-15",
        "compressed_air": "yes",
        "contact:facebook": "https://www.facebook.com/orlencz",
        "fuel:GTL_diesel": "yes",
        "fuel:adblue": "yes",
        "fuel:adblue:canister": "yes",
        "fuel:diesel": "yes",
        "fuel:octane_100": "yes",
        "fuel:octane_95": "yes",
        "internet_access": "wlan",
        "internet_access:fee": "customers",
        "level": "0",
        "name": "Orlen",
        "opening_hours": "24/7",
        "operator": "Orlen Unipetrol RPA s.r.o. - Benzina, odštěpný závod",
        "payment:cash": "yes",
        "payment:credit_cards": "yes",
        "payment:debit_cards": "yes",
        "self_service": "yes",
        "toilets": "yes",
        "website": "https://www.orlen.cz/",
        "wheelchair": "yes"
      },
      "geometry": {
        "type": "Point",
        "coordinates": [
          14.0706537,
          50.1056022
        ]
      },
      "id": "node/783440726"
    },
    {
      "type": "Feature",
      "properties": {
        "@id": "node/784171796",
        "amenity": "fuel",
        "brand": "KM - PRONA",
        "compressed_air": "no",
        "email": "hostivice@km-prona.cz",
        "fuel:adblue": "yes",
        "fuel:diesel": "yes",
        "fuel:octane_95": "yes",
        "fuel:octane_98": "yes",
        "name": "KM-Prona, Hostivice",
        "opening_hours": "05:00-22:00",
        "operator": "KM - PRONA, a.s.",
        "payment:cash": "yes",
        "payment:ccs": "yes",
        "payment:dkv": "yes",
        "payment:mastercard": "yes",
        "payment:visa": "yes",
        "phone": "+420 220 563 115",
        "shop": "yes",
        "website": "https://km-prona.cz/seznam-stanic/48-hostivice"
      },
      "geometry": {
        "type": "Point",
        "coordinates": [
          14.2368152,
          50.0831525
        ]
      },
      "id": "node/784171796"
    },
    {
      "type": "Feature",
      "properties": {
        "@id": "node/804163794",
        "amenity": "fuel",
        "branch": "Ladná, D2, směr Bratislava",
        "brand": "Shell",
        "brand:facebook": "ShellCeskaRepublika",
        "brand:website": "https://www.shell.cz/",
        "brand:wikidata": "Q110716465",
        "compressed_air": "yes",
        "fuel:GTL_diesel": "yes",
        "fuel:HGV_diesel": "yes",
        "fuel:adblue": "yes",
        "fuel:adblue:canister": "yes",
        "fuel:diesel": "yes",
        "fuel:octane_100": "yes",
        "fuel:octane_95": "yes",
        "level": "0",
        "name": "Shell",
        "opening_hours": "24/7",
        "operator": "Shell Czech Republic",
        "self_service": "yes",
        "toilets": "yes",
        "wheelchair": "yes"
      },
      "geometry": {
        "type": "Point",
        "coordinates": [
          16.8922813,
          48.8101145
        ]
      },
      "id": "node/804163794"
    },
    {
      "type": "Feature",
      "properties": {
        "@id": "node/805137089",
        "amenity": "fuel",
        "branch": "Třinec, Lidická",
        "brand": "OMV",
        "brand:facebook": "omvceskarepublika",
        "brand:website": "https://www.omv.cz/cs-cz",
        "brand:wikidata": "Q168238",
        "brand:wikipedia": "cs:OMV",
        "compressed_air": "yes",
        "fuel:diesel": "yes",
        "fuel:octane_100": "yes",
        "fuel:octane_95": "yes",
        "name": "OMV",
        "opening_hours": "Mo-Su 05:00-23:00",
        "operator": "OMV Česká republika",
        "payment:cash": "yes",
        "payment:dkv": "yes",
        "payment:mastercard": "yes",
        "payment:omv_card": "yes",
        "payment:routex": "yes",
        "payment:uta": "yes",
        "payment:visa": "yes",
        "phone": "+420558322254",
        "wheelchair": "yes"
      },
      "geometry": {
        "type": "Point",
        "coordinates": [
          18.6667724,
          49.6767085
        ]
      },
      "id": "node/805137089"
    },
    {
      "type": "Feature",
      "properties": {
        "@id": "node/814984827",
        "addr:city": "Sedlčany",
        "addr:housenumber": "1167",
        "addr:postcode": "26401",
        "addr:street": "Příbramská",
        "amenity": "fuel",
        "branch": "Sedlčany",
        "brand": "MOL",
        "brand:wikidata": "Q549181",
        "brand:wikipedia": "en:MOL (company)",
        "compressed_air": "yes",
        "fuel:diesel": "yes",
        "fuel:octane_100": "yes",
        "fuel:octane_95": "yes",
        "name": "MOL",
        "opening_hours": "Mo-Su 05:00-22:00",
        "self_service": "yes"
      },
      "geometry": {
        "type": "Point",
        "coordinates": [
          14.4255891,
          49.6536449
        ]
      },
      "id": "node/814984827"
    },
    {
      "type": "Feature",
      "properties": {
        "@id": "node/818765193",
        "amenity": "fuel",
        "brand": "MOL",
        "brand:wikidata": "Q549181",
        "brand:wikipedia": "en:MOL (company)",
        "compressed_air": "yes",
        "fuel:diesel": "yes",
        "fuel:octane_100": "yes",
        "fuel:octane_95": "yes",
        "name": "MOL, Bystřice nad Olší",
        "opening_hours": "24/7",
        "operator": "MOL Česká republika, s.r.o.",
        "website": "https://molcesko.cz/"
      },
      "geometry": {
        "type": "Point",
        "coordinates": [
          18.7208885,
          49.6307507
        ]
      },
      "id": "node/818765193"
    },
    {
      "type": "Feature",
      "properties": {
        "@id": "node/818924400",
        "amenity": "fuel",
        "branch": "Česká Kamenice, Děčínská",
        "brand": "Orlen",
        "brand:wikidata": "Q971649",
        "compressed_air": "yes",
        "contact:facebook": "https://www.facebook.com/orlencz",
        "fuel:GTL_diesel": "yes",
        "fuel:adblue:canister": "yes",
        "fuel:diesel": "yes",
        "fuel:octane_100": "yes",
        "fuel:octane_95": "yes",
        "internet_access": "wlan",
        "internet_access:fee": "customers",
        "name": "Orlen",
        "opening_hours": "Mo-Su 05:00-22:00",
        "operator": "Orlen Unipetrol RPA s.r.o. - Benzina, odštěpný závod",
        "phone": "+420412582032",
        "toilets": "yes",
        "website": "https://www.orlen.cz/",
        "wheelchair": "yes"
      },
      "geometry": {
        "type": "Point",
        "coordinates": [
          14.404547,
          50.79765
        ]
      },
      "id": "node/818924400"
    },
    {
      "type": "Feature",
      "properties": {
        "@id": "node/833009094",
        "amenity": "fuel",
        "branch": "Hrušovany nad Jevišovkou",
        "brand": "Orlen",
        "brand:facebook": "https://www.facebook.com/orlencz",
        "brand:website": "https://www.orlen.cz",
        "brand:wikidata": "Q971649",
        "compressed_air": "yes",
        "fuel:GTL_diesel": "yes",
        "fuel:diesel": "yes",
        "fuel:octane_100": "yes",
        "fuel:octane_95": "yes",
        "internet_access": "wlan",
        "internet_access:fee": "customers",
        "name": "Orlen",
        "opening_hours": "Mo-Su 05:00-22:00",
        "operator": "Orlen Unipetrol RPA s.r.o. - Benzina, odštěpný závod",
        "toilets": "yes",
        "wheelchair": "yes"
      },
      "geometry": {
        "type": "Point",
        "coordinates": [
          16.3989869,
          48.8258903
        ]
      },
      "id": "node/833009094"
    },
    {
      "type": "Feature",
      "properties": {
        "@id": "node/846308698",
        "amenity": "fuel",
        "branch": "Nové Hrady",
        "brand": "MOL",
        "brand:facebook": "https://www.facebook.com/molcesko",
        "brand:instagram": "https://www.instagram.com/mol_cesko",
        "brand:website": "https://molcesko.cz/cz",
        "brand:wikidata": "Q549181",
        "brand:wikipedia": "cs:MOL (holding)",
        "compressed_air": "yes",
        "fuel:diesel": "yes",
        "fuel:octane_100": "yes",
        "fuel:octane_95": "yes",
        "name": "MOL",
        "opening_hours": "Mo-Su 06:00-20:00",
        "operator": "MOL Česká republika",
        "payment:american_express": "yes",
        "payment:cash": "yes",
        "payment:ccs": "yes",
        "payment:dkv": "yes",
        "payment:e100": "yes",
        "payment:eurooil": "yes",
        "payment:ina": "yes",
        "payment:maestro": "yes",
        "payment:mastercard": "yes",
        "payment:mol": "yes",
        "payment:slovnaft": "yes",
        "payment:uta": "yes",
        "payment:v_pay": "yes",
        "payment:visa": "yes",
        "source": "survey",
        "wheelchair": "yes"
      },
      "geometry": {
        "type": "Point",
        "coordinates": [
          14.7870434,
          48.7950107
        ]
      },
      "id": "node/846308698"
    },
    {
      "type": "Feature",
      "properties": {
        "@id": "node/859874847",
        "amenity": "fuel",
        "fuel:diesel": "yes",
        "fuel:octane_95": "yes",
        "fuel:octane_98": "yes",
        "name": "PR",
        "opening_hours": "24/7"
      },
      "geometry": {
        "type": "Point",
        "coordinates": [
          14.3676491,
          49.9840883
        ]
      },
      "id": "node/859874847"
    },
    {
      "type": "Feature",
      "properties": {
        "@id": "node/859891555",
        "addr:city": "Kamenice",
        "addr:housenumber": "400",
        "addr:postcode": "25168",
        "addr:street": "Pražská",
        "amenity": "fuel",
        "brand": "KM-Prona",
        "brand:wikidata": "Q92342984",
        "email": "nhospoda@km-prona.cz",
        "fuel:diesel": "yes",
        "fuel:e85": "yes",
        "fuel:octane_95": "yes",
        "fuel:octane_98": "yes",
        "name": "KM-Prona, Kamenice - Nová Hospoda",
        "opening_hours": "06:00-22:00",
        "operator": "KM - PRONA, a.s.",
        "phone": "+420 323 673 066",
        "website": "https://km-prona.cz/cerpaci-stanice/seznam-stanic/8-kamenice-nova-hospoda"
      },
      "geometry": {
        "type": "Point",
        "coordinates": [
          14.5850982,
          49.9103668
        ]
      },
      "id": "node/859891555"
    },
    {
      "type": "Feature",
      "properties": {
        "@id": "node/877762987",
        "amenity": "fuel",
        "brand": "Shell",
        "brand:wikidata": "Q110716465",
        "brand:wikipedia": "en:Royal Dutch Shell",
        "compressed_air": "yes",
        "fuel:diesel": "yes",
        "fuel:octane_95": "yes",
        "fuel:octane_98": "yes",
        "name": "Shell",
        "opening_hours": "PH,Mo-Su 06:00-22:00"
      },
      "geometry": {
        "type": "Point",
        "coordinates": [
          16.7142271,
          49.1681056
        ]
      },
      "id": "node/877762987"
    },
    {
      "type": "Feature",
      "properties": {
        "@id": "node/886330169",
        "amenity": "fuel",
        "branch": "Ostrava - Přívoz, Muglinovská",
        "brand": "EuroOil",
        "brand:wikidata": "Q110219457",
        "contact:website": "https://www.ceproas.cz/eurooil",
        "fuel:diesel": "yes",
        "fuel:e85": "yes",
        "fuel:lpg": "yes",
        "fuel:octane_95": "yes",
        "fuel:octane_98": "yes",
        "internet_access": "wlan",
        "internet_access:fee": "no",
        "name": "EuroOil",
        "opening_hours": "Mo-Su 06:00-20:00",
        "operator": "Čepro, a.s.",
        "ref": "531",
        "shop": "gas"
      },
      "geometry": {
        "type": "Point",
        "coordinates": [
          18.2829478,
          49.8526603
        ]
      },
      "id": "node/886330169"
    },
    {
      "type": "Feature",
      "properties": {
        "@id": "node/890241635",
        "amenity": "fuel",
        "fuel:diesel": "yes",
        "fuel:octane_98": "yes",
        "name": "Q3 Petrol",
        "opening_hours": "05:00-23:00",
        "shop": "kiosk"
      },
      "geometry": {
        "type": "Point",
        "coordinates": [
          15.316344,
          50.7125029
        ]
      },
      "id": "node/890241635"
    },
    {
      "type": "Feature",
      "properties": {
        "@id": "node/895773181",
        "amenity": "fuel",
        "check_date": "2024-10-05",
        "check_date:compressed_air": "2024-10-05",
        "compressed_air": "yes",
        "email": "cs33@robinoil.cz",
        "fuel:diesel": "yes",
        "fuel:octane_95": "yes",
        "fuel:octane_98": "yes",
        "internet_access": "wlan",
        "internet_access:fee": "no",
        "kiosk": "yes",
        "name": "RoBiN OIL Praha - Kobylisy",
        "opening_hours": "24/7",
        "operator": "RoBiN OIL s.r.o.",
        "phone": "+420 283 880 462",
        "toilets": "yes",
        "website": "http://www.robinoil.cz/index.php/cs-33"
      },
      "geometry": {
        "type": "Point",
        "coordinates": [
          14.4535871,
          50.1332594
        ]
      },
      "id": "node/895773181"
    },
    {
      "type": "Feature",
      "properties": {
        "@id": "node/897877343",
        "amenity": "fuel",
        "fuel:diesel": "yes",
        "fuel:octane_95": "yes",
        "fuel:octane_98": "yes",
        "name": "Pasoil",
        "opening_hours": "PH,Mo-Su 06:00-22:00",
        "operator": "PASOIL s.r.o.",
        "payment:coins": "yes",
        "payment:girocard": "yes",
        "payment:maestro": "yes",
        "payment:notes": "yes"
      },
      "geometry": {
        "type": "Point",
        "coordinates": [
          12.9274231,
          50.3627945
        ]
      },
      "id": "node/897877343"
    },
    {
      "type": "Feature",
      "properties": {
        "@id": "node/899485003",
        "amenity": "fuel",
        "brand": "one1",
        "email": "potucky@one1.eu",
        "fuel:adblue": "yes",
        "fuel:diesel": "yes",
        "fuel:e10": "yes",
        "fuel:octane_95": "yes",
        "fuel:octane_98": "yes",
        "name": "one1 Potůčky",
        "opening_hours": "24/7",
        "operator": "TOP TANK s.r.o.",
        "payment:cash": "yes",
        "payment:dkv": "yes",
        "payment:maestro": "yes",
        "payment:mastercard": "yes",
        "payment:uta": "yes",
        "payment:visa": "yes",
        "phone": "+420 353 579142",
        "website": "https://www.one1.eu/de/potucky"
      },
      "geometry": {
        "type": "Point",
        "coordinates": [
          12.7358109,
          50.4294218
        ]
      },
      "id": "node/899485003"
    },
    {
      "type": "Feature",
      "properties": {
        "@id": "node/899680932",
        "addr:city": "Štěchovice",
        "addr:housenumber": "341",
        "addr:postcode": "25207",
        "addr:street": "Hlavní",
        "amenity": "fuel",
        "branch": "Štěchovice",
        "brand": "MOL",
        "brand:wikidata": "Q549181",
        "brand:wikipedia": "cs:MOL (holding)",
        "fuel:diesel": "yes",
        "fuel:octane_100": "yes",
        "fuel:octane_95": "yes",
        "fuel:propane": "yes",
        "name": "MOL",
        "opening_hours": "Mo-Su 06:00-22:00",
        "operator": "MOL Česká republika, s.r.o.",
        "payment:american_express": "yes",
        "payment:cash": "yes",
        "payment:ccs": "yes",
        "payment:contactless": "yes",
        "payment:credit_cards": "yes",
        "payment:debit_cards": "yes",
        "payment:dkv": "yes",
        "payment:mastercard": "yes",
        "payment:uta": "yes",
        "payment:visa": "yes",
        "self_service": "yes",
        "website": "https://molcesko.cz/"
      },
      "geometry": {
        "type": "Point",
        "coordinates": [
          14.3998995,
          49.8540487
        ]
      },
      "id": "node/899680932"
    },
    {
      "type": "Feature",
      "properties": {
        "@id": "node/899897007",
        "amenity": "fuel",
        "brand": "Benzina",
        "compressed_air": "yes",
        "fuel:cng": "yes",
        "fuel:diesel": "yes",
        "fuel:octane_100": "yes",
        "fuel:octane_95": "yes",
        "name": "Benzina",
        "opening_hours": "24/7",
        "self_service": "no"
      },
      "geometry": {
        "type": "Point",
        "coordinates": [
          17.2267582,
          49.5851298
        ]
      },
      "id": "node/899897007"
    },
    {
      "type": "Feature",
      "properties": {
        "@id": "node/906702756",
        "amenity": "fuel",
        "branch": "Ostrava, Místecká",
        "brand": "Orlen",
        "brand:wikidata": "Q971649",
        "compressed_air": "yes",
        "contact:facebook": "https://www.facebook.com/orlencz",
        "fuel:GTL_diesel": "yes",
        "fuel:adblue": "yes",
        "fuel:adblue:canister": "yes",
        "fuel:diesel": "yes",
        "fuel:octane_100": "yes",
        "fuel:octane_95": "yes",
        "internet_access": "wlan",
        "internet_access:fee": "customers",
        "name": "Orlen",
        "opening_hours": "24/7",
        "operator": "Orlen Unipetrol RPA s.r.o. - Benzina, odštěpný závod",
        "toilets": "yes",
        "website": "https://www.orlen.cz/",
        "wheelchair": "yes"
      },
      "geometry": {
        "type": "Point",
        "coordinates": [
          18.2816808,
          49.8275502
        ]
      },
      "id": "node/906702756"
    },
    {
      "type": "Feature",
      "properties": {
        "@id": "node/906942492",
        "amenity": "fuel",
        "brand": "MOL",
        "brand:wikidata": "Q549181",
        "brand:wikipedia": "en:MOL (company)",
        "fuel:diesel": "yes",
        "fuel:octane_95": "yes",
        "fuel:octane_98": "yes",
        "name": "MOL Velké Popovice",
        "opening_hours": "Mo-Fr 6:00-21:00; Sa-Su 7:00-21:00",
        "operator": "MOL Česká republika, s.r.o.",
        "website": "https://molcesko.cz/"
      },
      "geometry": {
        "type": "Point",
        "coordinates": [
          14.633782,
          49.9219674
        ]
      },
      "id": "node/906942492"
    },
    {
      "type": "Feature",
      "properties": {
        "@id": "node/910479913",
        "amenity": "fuel",
        "brand": "Orlen",
        "brand:wikidata": "Q971649",
        "compressed_air": "yes",
        "fuel:GTL_diesel": "yes",
        "fuel:diesel": "yes",
        "fuel:lpg": "yes",
        "fuel:octane_100": "yes",
        "fuel:octane_95": "yes",
        "name": "Orlen",
        "opening_hours": "24/7"
      },
      "geometry": {
        "type": "Point",
        "coordinates": [
          16.1682925,
          50.4151501
        ]
      },
      "id": "node/910479913"
    },
    {
      "type": "Feature",
      "properties": {
        "@id": "node/914059576",
        "amenity": "fuel",
        "brand": "Orlen",
        "brand:wikidata": "Q971649",
        "compressed_air": "yes",
        "contact:facebook": "https://www.facebook.com/orlencz",
        "fuel:GTL_diesel": "yes",
        "fuel:diesel": "yes",
        "fuel:octane_100": "yes",
        "fuel:octane_95": "yes",
        "internet_access": "wlan",
        "internet_access:fee": "customers",
        "name": "Orlen",
        "opening_hours": "Mo-Su 05:00-22:00",
        "operator": "Orlen Unipetrol RPA s.r.o. - Benzina, odštěpný závod",
        "toilets": "yes",
        "website": "https://www.orlen.cz/",
        "wheelchair": "yes"
      },
      "geometry": {
        "type": "Point",
        "coordinates": [
          18.3593779,
          49.5843715
        ]
      },
      "id": "node/914059576"
    },
    {
      "type": "Feature",
      "properties": {
        "@id": "node/920531892",
        "amenity": "fuel",
        "brand": "Shell",
        "fuel:diesel": "yes",
        "fuel:octane_95": "yes",
        "fuel:octane_98": "yes",
        "name": "Čerpací stanice shell",
        "opening_hours": "24/7",
        "shop": "yes"
      },
      "geometry": {
        "type": "Point",
        "coordinates": [
          18.2058801,
          49.8990675
        ]
      },
      "id": "node/920531892"
    },
    {
      "type": "Feature",
      "properties": {
        "@id": "node/925054038",
        "amenity": "fuel",
        "branch": "Ostrava, Hlučínská",
        "brand": "Orlen",
        "brand:wikidata": "Q971649",
        "compressed_air": "yes",
        "contact:facebook": "https://www.facebook.com/orlencz",
        "fuel:GTL_diesel": "yes",
        "fuel:diesel": "yes",
        "fuel:octane_100": "yes",
        "fuel:octane_95": "yes",
        "internet_access": "wlan",
        "internet_access:fee": "customers",
        "name": "Orlen",
        "opening_hours": "Mo-Su 05:00-21:00",
        "operator": "Orlen Unipetrol RPA s.r.o. - Benzina, odštěpný závod",
        "toilets": "yes",
        "website": "https://www.orlen.cz/",
        "wheelchair": "yes"
      },
      "geometry": {
        "type": "Point",
        "coordinates": [
          18.2694388,
          49.8588711
        ]
      },
      "id": "node/925054038"
    },
    {
      "type": "Feature",
      "properties": {
        "@id": "node/925055547",
        "amenity": "fuel",
        "brand": "MOL",
        "brand:wikidata": "Q549181",
        "brand:wikipedia": "cs:MOL (holding)",
        "fuel:diesel": "yes",
        "fuel:octane_100": "yes",
        "fuel:octane_95": "yes",
        "name": "MOL, Ostrava - Hlučínská",
        "opening_hours": "05:00-22:00",
        "operator": "MOL Česká republika, s.r.o.",
        "website": "https://molcesko.cz/"
      },
      "geometry": {
        "type": "Point",
        "coordinates": [
          18.2725169,
          49.8564266
        ]
      },
      "id": "node/925055547"
    },
    {
      "type": "Feature",
      "properties": {
        "@id": "node/976473550",
        "amenity": "fuel",
        "brand": "Orlen",
        "brand:facebook": "orlencz",
        "brand:website": "https://www.orlen.cz",
        "brand:wikidata": "Q971649",
        "brand:wikipedia": "cs:Orlen",
        "compressed_air": "yes",
        "fuel:diesel": "yes",
        "fuel:octane_100": "yes",
        "fuel:octane_95": "yes",
        "internet_access": "wlan",
        "internet_access:fee": "customers",
        "name": "Orlen",
        "opening_hours": "24/7",
        "operator": "Orlen Unipetrol RPA s.r.o. - Benzina, odštěpný závod",
        "toilets": "yes",
        "wheelchair": "yes"
      },
      "geometry": {
        "type": "Point",
        "coordinates": [
          13.052169,
          50.1494438
        ]
      },
      "id": "node/976473550"
    },
    {
      "type": "Feature",
      "properties": {
        "@id": "node/1016109713",
        "amenity": "fuel",
        "email": "cs28@robinoil.cz",
        "fuel:diesel": "yes",
        "fuel:lpg": "yes",
        "fuel:octane_95": "yes",
        "fuel:octane_98": "yes",
        "name": "RoBiN OIL Skuteč",
        "note": "lpg 06:00-22:00",
        "opening_hours": "24/7",
        "operator": "RoBiN OIL s.r.o.",
        "phone": "+420 469350764",
        "shop": "kiosk",
        "toilets": "yes",
        "website": "http://www.robinoil.cz/index.php/cerpaci-stanice/vyhledavani-cs/18"
      },
      "geometry": {
        "type": "Point",
        "coordinates": [
          15.9926458,
          49.8493215
        ]
      },
      "id": "node/1016109713"
    },
    {
      "type": "Feature",
      "properties": {
        "@id": "node/1021330844",
        "amenity": "fuel",
        "brand": "MOL",
        "brand:wikidata": "Q549181",
        "brand:wikipedia": "cs:MOL (holding)",
        "fuel:diesel": "yes",
        "fuel:octane_100": "yes",
        "fuel:octane_95": "yes",
        "name": "MOL, Jablonné v Podještědí",
        "opening_hours": "05:30-22:00",
        "operator": "MOL Česká republika, s.r.o.",
        "website": "https://molcesko.cz/"
      },
      "geometry": {
        "type": "Point",
        "coordinates": [
          14.7623692,
          50.7711241
        ]
      },
      "id": "node/1021330844"
    },
    {
      "type": "Feature",
      "properties": {
        "@id": "node/1029346433",
        "amenity": "fuel",
        "brand": "Benzina",
        "brand:wikidata": "Q11130894",
        "compressed_air": "yes",
        "fuel:diesel": "yes",
        "fuel:octane_100": "yes",
        "fuel:octane_95": "yes",
        "name": "Orlen - Drslavice",
        "opening_hours": "24/7"
      },
      "geometry": {
        "type": "Point",
        "coordinates": [
          17.5921125,
          49.0414004
        ]
      },
      "id": "node/1029346433"
    },
    {
      "type": "Feature",
      "properties": {
        "@id": "node/1051139353",
        "amenity": "fuel",
        "brand": "MOL",
        "brand:wikidata": "Q549181",
        "fuel:diesel": "yes",
        "fuel:lpg": "yes",
        "fuel:octane_100": "yes",
        "fuel:octane_95": "yes",
        "name": "MOL",
        "opening_hours": "24/7",
        "operator": "MOL Česká republika, s.r.o.",
        "website": "https://molcesko.cz/"
      },
      "geometry": {
        "type": "Point",
        "coordinates": [
          17.2000751,
          50.2136382
        ]
      },
      "id": "node/1051139353"
    },
    {
      "type": "Feature",
      "properties": {
        "@id": "node/1063879316",
        "amenity": "fuel",
        "branch": "Znojmo, Pražská",
        "brand": "OMV",
        "brand:facebook": "https://www.facebook.com/omvceskarepublika",
        "brand:website": "https://www.omv.cz/cs-cz",
        "brand:wikidata": "Q168238",
        "brand:wikipedia": "cs:OMV",
        "compressed_air": "yes",
        "fuel:HGV_diesel": "yes",
        "fuel:diesel": "yes",
        "fuel:octane_100": "yes",
        "fuel:octane_95": "yes",
        "name": "OMV",
        "opening_hours": "24/7",
        "operator": "OMV Česká republika",
        "payment:cash": "yes",
        "payment:dkv": "yes",
        "payment:mastercard": "yes",
        "payment:omv_card": "yes",
        "payment:routex": "yes",
        "payment:uta": "yes",
        "payment:visa": "yes",
        "phone": "+420 51 5226433",
        "shop": "yes",
        "wheelchair": "yes"
      },
      "geometry": {
        "type": "Point",
        "coordinates": [
          16.0334081,
          48.8683295
        ]
      },
      "id": "node/1063879316"
    },
    {
      "type": "Feature",
      "properties": {
        "@id": "node/1075469570",
        "amenity": "fuel",
        "branch": "Nepomuk",
        "brand": "Orlen",
        "brand:facebook": "orlencz",
        "brand:website": "https://www.orlen.cz",
        "brand:wikidata": "Q971649",
        "brand:wikipedia": "cs:Orlen",
        "compressed_air": "yes",
        "fuel:HGV_diesel": "yes",
        "fuel:adblue": "yes",
        "fuel:diesel": "yes",
        "fuel:octane_100": "yes",
        "fuel:octane_95": "yes",
        "internet_access": "wlan",
        "internet_access:fee": "customers",
        "name": "Orlen",
        "opening_hours": "24/7",
        "operator": "Orlen Unipetrol RPA",
        "toilets": "yes",
        "wheelchair": "yes"
      },
      "geometry": {
        "type": "Point",
        "coordinates": [
          13.5863702,
          49.4814638
        ]
      },
      "id": "node/1075469570"
    },
    {
      "type": "Feature",
      "properties": {
        "@id": "node/1090765523",
        "amenity": "fuel",
        "branch": "Tachov, Sokolovská",
        "brand": "Orlen",
        "brand:wikidata": "Q971649",
        "compressed_air": "yes",
        "contact:facebook": "https://www.facebook.com/orlencz",
        "fuel:GTL_diesel": "yes",
        "fuel:adblue": "yes",
        "fuel:diesel": "yes",
        "fuel:lpg": "yes",
        "fuel:octane_100": "yes",
        "fuel:octane_95": "yes",
        "internet_access": "wlan",
        "internet_access:fee": "customers",
        "name": "Orlen",
        "opening_hours": "Mo-Su 05:00-23:00",
        "operator": "Orlen Unipetrol RPA s.r.o. - Benzina, odštěpný závod",
        "phone": "+420374724352",
        "toilets": "yes",
        "website": "https://www.orlen.cz/",
        "wheelchair": "yes"
      },
      "geometry": {
        "type": "Point",
        "coordinates": [
          12.6432277,
          49.8070458
        ]
      },
      "id": "node/1090765523"
    },
    {
      "type": "Feature",
      "properties": {
        "@id": "node/1108310419",
        "amenity": "fuel",
        "automated": "yes",
        "brand": "KM - PRONA",
        "email": "vrbcany@km-prona.cz",
        "fuel:adblue": "yes",
        "fuel:diesel": "yes",
        "fuel:e10": "yes",
        "fuel:lpg": "yes",
        "fuel:octane_98": "yes",
        "internet_access": "wlan",
        "name": "KM-Prona, Vrbčany",
        "note": "22:00-06:00 automat",
        "opening_hours": "24/7",
        "operator": "KM - PRONA, a.s.",
        "phone": "+420 321 792 093",
        "self_service": "yes",
        "shop": "yes",
        "website": "https://km-prona.cz/cerpaci-stanice/seznam-stanic/30-vrbcany"
      },
      "geometry": {
        "type": "Point",
        "coordinates": [
          14.9961475,
          50.046916
        ]
      },
      "id": "node/1108310419"
    },
    {
      "type": "Feature",
      "properties": {
        "@id": "node/1127585341",
        "addr:street": "Pražská",
        "amenity": "fuel",
        "brand": "EuroOil",
        "contact:website": "https://www.ceproas.cz/eurooil",
        "fuel:biodiesel": "yes",
        "fuel:diesel": "yes",
        "fuel:e85": "yes",
        "fuel:octane_95": "yes",
        "fuel:octane_98": "yes",
        "internet_access": "wlan",
        "internet_access:fee": "no",
        "name": "EuroOil Pelhřimov",
        "opening_hours": "Mo-Su 05:00-22:00",
        "operator": "Čepro, a.s.",
        "ref": "210",
        "shop": "gas"
      },
      "geometry": {
        "type": "Point",
        "coordinates": [
          15.215953,
          49.4367562
        ]
      },
      "id": "node/1127585341"
    },
    {
      "type": "Feature",
      "properties": {
        "@id": "node/1139502225",
        "amenity": "fuel",
        "branch": "Třešť",
        "brand": "Orlen",
        "brand:facebook": "orlencz",
        "brand:website": "https://www.orlen.cz",
        "brand:wikidata": "Q971649",
        "brand:wikipedia": "cs:Orlen",
        "compressed_air": "yes",
        "fuel:HGV_diesel": "yes",
        "fuel:adblue:canister": "yes",
        "fuel:diesel": "yes",
        "fuel:lpg": "yes",
        "fuel:octane_100": "yes",
        "fuel:octane_95": "yes",
        "internet_access": "wlan",
        "internet_access:fee": "customers",
        "name": "Orlen",
        "opening_hours": "24/7",
        "operator": "Orlen Unipetrol RPA",
        "self_service": "yes",
        "toilets": "yes",
        "wheelchair": "yes"
      },
      "geometry": {
        "type": "Point",
        "coordinates": [
          15.4824723,
          49.3006095
        ]
      },
      "id": "node/1139502225"
    },
    {
      "type": "Feature",
      "properties": {
        "@id": "node/1147206588",
        "amenity": "fuel",
        "brand": "Orlen",
        "brand:facebook": "https://www.facebook.com/orlencz",
        "brand:website": "https://www.orlen.cz",
        "brand:wikidata": "Q971649",
        "compressed_air": "yes",
        "fuel:diesel": "yes",
        "fuel:octane_100": "yes",
        "fuel:octane_95": "yes",
        "internet_access": "wlan",
        "internet_access:fee": "customers",
        "name": "Orlen",
        "opening_hours": "Mo-Su 06:00-21:00",
        "operator": "Orlen Unipetrol RPA s.r.o. - Benzina, odštěpný závod",
        "toilets": "yes",
        "wheelchair": "yes"
      },
      "geometry": {
        "type": "Point",
        "coordinates": [
          16.9861343,
          48.94264
        ]
      },
      "id": "node/1147206588"
    },
    {
      "type": "Feature",
      "properties": {
        "@id": "node/1156583318",
        "amenity": "fuel",
        "brand": "Shell",
        "brand:wikidata": "Q110716465",
        "description": "22:00-05:00 tankautomat",
        "fuel:diesel": "yes",
        "fuel:octane_95": "yes",
        "fuel:octane_98": "yes",
        "name": "Shell",
        "opening_hours": "24/7"
      },
      "geometry": {
        "type": "Point",
        "coordinates": [
          16.371595,
          49.1839902
        ]
      },
      "id": "node/1156583318"
    },
    {
      "type": "Feature",
      "properties": {
        "@id": "node/1158785637",
        "amenity": "fuel",
        "brand": "MOL",
        "brand:wikidata": "Q549181",
        "brand:wikipedia": "cs:MOL (holding)",
        "fuel:diesel": "yes",
        "fuel:octane_100": "yes",
        "fuel:octane_95": "yes",
        "internet_access": "wlan",
        "internet_access:fee": "no",
        "name": "MOL, Ostrava - Rudná I.",
        "opening_hours": "24/7",
        "operator": "MOL Česká republika, s.r.o.",
        "website": "https://molcesko.cz/"
      },
      "geometry": {
        "type": "Point",
        "coordinates": [
          18.2710027,
          49.8076867
        ]
      },
      "id": "node/1158785637"
    },
    {
      "type": "Feature",
      "properties": {
        "@id": "node/1184387786",
        "addr:conscriptionnumber": "677",
        "addr:country": "CZ",
        "addr:housenumber": "677",
        "addr:place": "Velké Opatovice",
        "addr:postcode": "67963",
        "addr:street": "Na Zkratce",
        "amenity": "fuel",
        "brand": "Avia",
        "brand:wikidata": "Q300147",
        "brand:wikipedia": "de:Avia International",
        "fuel:diesel": "yes",
        "fuel:octane_91": "yes",
        "fuel:octane_95": "yes",
        "fuel:octane_98": "yes",
        "name": "Avia Velké Opatovice",
        "operator": "Pento"
      },
      "geometry": {
        "type": "Point",
        "coordinates": [
          16.6847343,
          49.6132201
        ]
      },
      "id": "node/1184387786"
    },
    {
      "type": "Feature",
      "properties": {
        "@id": "node/1197297781",
        "addr:city": "Bzenec",
        "addr:country": "CZ",
        "addr:housenumber": "1564",
        "addr:street": "Vracovská",
        "amenity": "fuel",
        "compressed_air": "yes",
        "fuel:diesel": "yes",
        "fuel:octane_100": "yes",
        "fuel:octane_95": "yes",
        "internet_access": "wlan",
        "internet_access:fee": "no",
        "name": "Orlen",
        "opening_hours": "Mo-Su 05:00-22:00",
        "operator": "Orlen",
        "operator:wikidata": "Q1593113",
        "payment:ccs": "yes",
        "payment:debit_cards": "yes",
        "website": "https://www.orlen.cz/stanice"
      },
      "geometry": {
        "type": "Point",
        "coordinates": [
          17.247974,
          48.9739045
        ]
      },
      "id": "node/1197297781"
    },
    {
      "type": "Feature",
      "properties": {
        "@id": "node/1202330919",
        "amenity": "fuel",
        "brand": "OMV",
        "brand:wikidata": "Q168238",
        "brand:wikipedia": "en:OMV",
        "compressed_air": "yes",
        "fuel:diesel": "yes",
        "fuel:octane_95": "yes",
        "fuel:octane_98": "yes",
        "name": "OMV",
        "opening_hours": "24/7",
        "operator": "OMV Česká republika, s.r.o.",
        "phone": "+420 286 580 411"
      },
      "geometry": {
        "type": "Point",
        "coordinates": [
          14.5442869,
          50.1290596
        ]
      },
      "id": "node/1202330919"
    },
    {
      "type": "Feature",
      "properties": {
        "@id": "node/1223996550",
        "amenity": "fuel",
        "fuel:diesel": "yes",
        "fuel:ethanol": "yes",
        "fuel:octane_95": "yes",
        "fuel:octane_98": "yes",
        "name": "Trilobit",
        "opening_hours": "05:00-23:00",
        "operator": "Trilobit Real"
      },
      "geometry": {
        "type": "Point",
        "coordinates": [
          14.7729793,
          50.0716013
        ]
      },
      "id": "node/1223996550"
    },
    {
      "type": "Feature",
      "properties": {
        "@id": "node/1225417295",
        "amenity": "fuel",
        "brand": "Benzina",
        "brand:wikidata": "Q11130894",
        "fuel:diesel": "yes",
        "fuel:octane_100": "yes",
        "fuel:octane_95": "yes",
        "internet_access": "wlan",
        "internet_access:fee": "no",
        "name": "Benzina - Katovice",
        "opening_hours": "05:00-23:00",
        "operator": "Unipetrol RPA, s.r.o. – Benzina",
        "website": "https://www.benzina.cz/"
      },
      "geometry": {
        "type": "Point",
        "coordinates": [
          13.8394148,
          49.2723022
        ]
      },
      "id": "node/1225417295"
    },
    {
      "type": "Feature",
      "properties": {
        "@id": "node/1232343394",
        "amenity": "fuel",
        "brand": "Benzina",
        "brand:wikidata": "Q11130894",
        "fuel:biodiesel": "yes",
        "fuel:diesel": "yes",
        "fuel:octane_95": "yes",
        "fuel:octane_98": "yes",
        "name": "Benzina Volyňská",
        "opening_hours": "5:00-23:00",
        "operator": "BENZINA, s.r.o."
      },
      "geometry": {
        "type": "Point",
        "coordinates": [
          13.9132188,
          49.2523042
        ]
      },
      "id": "node/1232343394"
    },
    {
      "type": "Feature",
      "properties": {
        "@id": "node/1240861918",
        "amenity": "fuel",
        "brand": "Avia",
        "fuel:diesel": "yes",
        "fuel:octane_95": "yes",
        "fuel:octane_98": "yes",
        "name": "Avia Světice",
        "website": "https://aviaczech.cz/"
      },
      "geometry": {
        "type": "Point",
        "coordinates": [
          14.6683509,
          49.966485
        ]
      },
      "id": "node/1240861918"
    },
    {
      "type": "Feature",
      "properties": {
        "@id": "node/1292067895",
        "amenity": "fuel",
        "branch": "Zábřeh na Moravě",
        "brand": "Orlen",
        "brand:wikidata": "Q971649",
        "fuel:adblue:canister": "yes",
        "fuel:diesel": "yes",
        "fuel:octane_100": "yes",
        "fuel:octane_95": "yes",
        "internet_access": "wlan",
        "internet_access:fee": "customers",
        "name": "Orlen",
        "opening_hours": "05:00-22:00"
      },
      "geometry": {
        "type": "Point",
        "coordinates": [
          16.8854402,
          49.8763487
        ]
      },
      "id": "node/1292067895"
    },
    {
      "type": "Feature",
      "properties": {
        "@id": "node/1296012365",
        "amenity": "fuel",
        "fuel:diesel": "yes",
        "fuel:lpg": "no",
        "fuel:octane_95": "yes",
        "fuel:octane_98": "yes",
        "name": "Herst"
      },
      "geometry": {
        "type": "Point",
        "coordinates": [
          14.546149,
          50.2007138
        ]
      },
      "id": "node/1296012365"
    },
    {
      "type": "Feature",
      "properties": {
        "@id": "node/1305952619",
        "amenity": "fuel",
        "branch": "Třeboň",
        "brand": "MOL",
        "brand:facebook": "https://www.facebook.com/molcesko",
        "brand:instagram": "https://www.instagram.com/mol_cesko",
        "brand:website": "https://molcesko.cz/cz",
        "brand:wikidata": "Q549181",
        "brand:wikipedia": "cs:MOL (holding)",
        "compressed_air": "yes",
        "fuel:HGV_diesel": "yes",
        "fuel:diesel": "yes",
        "fuel:lpg": "yes",
        "fuel:octane_100": "yes",
        "fuel:octane_95": "yes",
        "internet_access": "wlan",
        "internet_access:fee": "customers",
        "name": "MOL",
        "opening_hours": "Mo-Su 06:00-21:00",
        "operator": "MOL Česká republika",
        "payment:american_express": "yes",
        "payment:cash": "yes",
        "payment:ccs": "yes",
        "payment:dkv": "yes",
        "payment:e100": "yes",
        "payment:eurooil": "yes",
        "payment:ina": "yes",
        "payment:maestro": "yes",
        "payment:mastercard": "yes",
        "payment:mol": "yes",
        "payment:slovnaft": "yes",
        "payment:uta": "yes",
        "payment:v_pay": "yes",
        "payment:visa": "yes",
        "toilets": "yes",
        "website": "https://molcesko.cz/",
        "wheelchair": "yes"
      },
      "geometry": {
        "type": "Point",
        "coordinates": [
          14.7553528,
          49.017647
        ]
      },
      "id": "node/1305952619"
    },
    {
      "type": "Feature",
      "properties": {
        "@id": "node/1313544626",
        "addr:city": "Karlštejn",
        "addr:housenumber": "324",
        "addr:postcode": "26718",
        "amenity": "fuel",
        "branch": "Karlštejn",
        "brand": "MOL",
        "brand:wikidata": "Q549181",
        "brand:wikipedia": "cs:MOL (holding)",
        "fuel:diesel": "yes",
        "fuel:octane_100": "yes",
        "fuel:octane_95": "yes",
        "mobile": "+420 724 634 054",
        "name": "MOL",
        "opening_hours": "Mo-Fr 06:00-20:00; Sa-Su 07:00-20:00",
        "operator": "MOL Česká republika, s.r.o.",
        "payment:american_express": "yes",
        "payment:cash": "yes",
        "payment:ccs": "yes",
        "payment:contactless": "yes",
        "payment:credit_cards": "yes",
        "payment:debit_cards": "yes",
        "payment:dkv": "yes",
        "payment:mastercard": "yes",
        "payment:uta": "yes",
        "payment:visa": "yes",
        "self_service": "yes",
        "website": "https://molcesko.cz/"
      },
      "geometry": {
        "type": "Point",
        "coordinates": [
          14.1868705,
          49.9326411
        ]
      },
      "id": "node/1313544626"
    },
    {
      "type": "Feature",
      "properties": {
        "@id": "node/1327388346",
        "amenity": "fuel",
        "branch": "Ostrava, D56, Místecká",
        "brand": "Orlen",
        "brand:wikidata": "Q971649",
        "compressed_air": "yes",
        "contact:facebook": "https://www.facebook.com/orlencz",
        "fuel:GTL_diesel": "yes",
        "fuel:adblue": "yes",
        "fuel:diesel": "yes",
        "fuel:octane_100": "yes",
        "fuel:octane_95": "yes",
        "internet_access": "wlan",
        "internet_access:fee": "customers",
        "name": "Orlen",
        "opening_hours": "Mo-Su 05:00-22:00",
        "operator": "Orlen Unipetrol RPA s.r.o. - Benzina, odštěpný závod",
        "toilets": "yes",
        "website": "https://www.orlen.cz/",
        "wheelchair": "yes"
      },
      "geometry": {
        "type": "Point",
        "coordinates": [
          18.2726728,
          49.764833
        ]
      },
      "id": "node/1327388346"
    },
    {
      "type": "Feature",
      "properties": {
        "@id": "node/1327577815",
        "addr:city": "Rožmitál pod Třemšínem",
        "addr:housenumber": "118",
        "addr:postcode": "26242",
        "amenity": "fuel",
        "branch": "Rožmitál pod Třemšínem",
        "brand": "MOL",
        "brand:wikidata": "Q549181",
        "brand:wikipedia": "en:MOL (company)",
        "fuel:adblue": "yes",
        "fuel:diesel": "yes",
        "fuel:lpg": "yes",
        "fuel:octane_100": "yes",
        "fuel:octane_95": "yes",
        "internet_access": "wlan",
        "internet_access:fee": "no",
        "mobile": "+420 724 634 053",
        "name": "MOL",
        "opening_hours": "Mo-Su 06:00-22:00",
        "operator": "MOL Česká republika, s.r.o.",
        "payment:american_express": "yes",
        "payment:cash": "yes",
        "payment:ccs": "yes",
        "payment:contactless": "yes",
        "payment:credit_cards": "yes",
        "payment:debit_cards": "yes",
        "payment:dkv": "yes",
        "payment:mastercard": "yes",
        "payment:uta": "yes",
        "payment:visa": "yes",
        "self_service": "yes",
        "website": "https://molcesko.cz/"
      },
      "geometry": {
        "type": "Point",
        "coordinates": [
          13.8737747,
          49.6063857
        ]
      },
      "id": "node/1327577815"
    },
    {
      "type": "Feature",
      "properties": {
        "@id": "node/1353546395",
        "amenity": "fuel",
        "compressed_air": "yes",
        "email": "cs47@robinoil.cz",
        "fuel:diesel": "yes",
        "fuel:octane_95": "yes",
        "fuel:octane_98": "yes",
        "kiosk": "yes",
        "name": "RoBiN OIL Turnov",
        "opening_hours": "24/7",
        "operator": "RoBiN OIL s.r.o.",
        "toilets": "yes",
        "website": "http://www.robinoil.cz/index.php/cerpaci-stanice/vyhledavani-cs/35"
      },
      "geometry": {
        "type": "Point",
        "coordinates": [
          15.1480727,
          50.5878039
        ]
      },
      "id": "node/1353546395"
    },
    {
      "type": "Feature",
      "properties": {
        "@id": "node/1368874066",
        "amenity": "fuel",
        "brand": "Orlen",
        "brand:wikidata": "Q971649",
        "fuel:diesel": "yes",
        "fuel:octane_100": "yes",
        "fuel:octane_95": "yes",
        "name": "Benzina",
        "opening_hours": "24/7",
        "website": "https://www.orlenbenzina.cz/"
      },
      "geometry": {
        "type": "Point",
        "coordinates": [
          16.4179368,
          49.3420173
        ]
      },
      "id": "node/1368874066"
    },
    {
      "type": "Feature",
      "properties": {
        "@id": "node/1389635907",
        "amenity": "fuel",
        "branch": "Kunovice",
        "brand": "MOL",
        "brand:facebook": "molcesko",
        "brand:instagram": "mol_cesko",
        "brand:website": "https://molcesko.cz/cz",
        "brand:wikidata": "Q549181",
        "brand:wikipedia": "cs:MOL (holding)",
        "compressed_air": "yes",
        "fuel:HGV_diesel": "yes",
        "fuel:adblue": "yes",
        "fuel:diesel": "yes",
        "fuel:lpg": "yes",
        "fuel:octane_100": "yes",
        "fuel:octane_95": "yes",
        "internet_access": "wlan",
        "internet_access:fee": "customers",
        "name": "MOL",
        "opening_hours": "24/7",
        "operator": "MOL Česká republika",
        "payment:american_express": "yes",
        "payment:cash": "yes",
        "payment:ccs": "yes",
        "payment:dkv": "yes",
        "payment:e100": "yes",
        "payment:eurooil": "yes",
        "payment:ina": "yes",
        "payment:maestro": "yes",
        "payment:mastercard": "yes",
        "payment:mol": "yes",
        "payment:slovnaft": "yes",
        "payment:uta": "yes",
        "payment:v_pay": "yes",
        "payment:visa": "yes",
        "source": "survey",
        "toilets": "yes",
        "wheelchair": "yes"
      },
      "geometry": {
        "type": "Point",
        "coordinates": [
          17.4659878,
          49.0502848
        ]
      },
      "id": "node/1389635907"
    },
    {
      "type": "Feature",
      "properties": {
        "@id": "node/1394159396",
        "addr:city": "Kyjov",
        "addr:housenumber": "135/1",
        "addr:postcode": "69701",
        "addr:street": "Tyršova",
        "amenity": "fuel",
        "brand": "EuroOil",
        "brand:wikidata": "Q110219457",
        "car_wash": "yes",
        "compressed_air": "yes",
        "contact:website": "https://www.ceproas.cz/eurooil",
        "fuel:cng": "yes",
        "fuel:diesel": "yes",
        "fuel:e85": "yes",
        "fuel:octane_95": "yes",
        "fuel:octane_98": "yes",
        "internet_access": "wlan",
        "internet_access:fee": "no",
        "name": "EuroOil",
        "opening_hours": "Mo-Su 06:00-20:00",
        "operator": "Čepro, a.s.",
        "phone": "+420 518 612 332",
        "ref": "409",
        "self_service": "yes",
        "shop": "gas"
      },
      "geometry": {
        "type": "Point",
        "coordinates": [
          17.1307274,
          49.0071343
        ]
      },
      "id": "node/1394159396"
    },
    {
      "type": "Feature",
      "properties": {
        "@id": "node/1397535042",
        "amenity": "fuel",
        "branch": "Beroun, Plzeňská",
        "brand": "OMV",
        "brand:facebook": "https://www.facebook.com/omvceskarepublika",
        "brand:website": "https://www.omv.cz/cs-cz",
        "brand:wikidata": "Q168238",
        "brand:wikipedia": "cs:OMV",
        "compressed_air": "yes",
        "fuel:diesel": "yes",
        "fuel:octane_100": "yes",
        "fuel:octane_95": "yes",
        "name": "OMV",
        "opening_hours": "24/7",
        "operator": "OMV Česká republika",
        "payment:cash": "yes",
        "payment:dkv": "yes",
        "payment:mastercard": "yes",
        "payment:omv_card": "yes",
        "payment:routex": "yes",
        "payment:uta": "yes",
        "payment:visa": "yes",
        "phone": "+420311626651",
        "shop": "kiosk",
        "source": "bing:bing;survey",
        "wheelchair": "yes"
      },
      "geometry": {
        "type": "Point",
        "coordinates": [
          14.047437,
          49.95205
        ]
      },
      "id": "node/1397535042"
    },
    {
      "type": "Feature",
      "properties": {
        "@id": "node/1400957443",
        "amenity": "fuel",
        "brand": "Robin Oil",
        "brand:website": "https://www.ceproas.cz/eurooil",
        "brand:wikidata": "Q133453886",
        "compressed_air": "yes",
        "email": "cs17@robinoil.cz",
        "fuel:diesel": "yes",
        "fuel:octane_95": "yes",
        "fuel:octane_98": "yes",
        "name": "Robin Oil",
        "opening_hours": "24/7",
        "operator": "Čepro",
        "toilets": "yes",
        "wheelchair": "yes"
      },
      "geometry": {
        "type": "Point",
        "coordinates": [
          14.3698896,
          48.6539939
        ]
      },
      "id": "node/1400957443"
    },
    {
      "type": "Feature",
      "properties": {
        "@id": "node/1402058508",
        "amenity": "fuel",
        "branch": "Plzeň, Letná",
        "brand": "Orlen",
        "brand:facebook": "orlencz",
        "brand:website": "https://www.orlen.cz",
        "brand:wikidata": "Q971649",
        "brand:wikipedia": "cs:Orlen",
        "compressed_air": "yes",
        "fuel:adblue:canister": "yes",
        "fuel:diesel": "yes",
        "fuel:octane_100": "yes",
        "fuel:octane_95": "yes",
        "internet_access": "wlan",
        "internet_access:fee": "customers",
        "name": "Orlen",
        "opening_hours": "Mo-Su 05:00-24:00",
        "operator": "Orlen Unipetrol RPA",
        "ref:CZ:evcs": "05095190",
        "ref:zabaged": "4199681148059648",
        "toilets": "yes",
        "wheelchair": "yes"
      },
      "geometry": {
        "type": "Point",
        "coordinates": [
          13.4041597,
          49.750489
        ]
      },
      "id": "node/1402058508"
    },
    {
      "type": "Feature",
      "properties": {
        "@id": "node/1423322395",
        "amenity": "fuel",
        "fuel:diesel": "yes",
        "fuel:octane_100": "yes",
        "fuel:octane_95": "yes",
        "name": "Orlen"
      },
      "geometry": {
        "type": "Point",
        "coordinates": [
          14.3128307,
          50.3097224
        ]
      },
      "id": "node/1423322395"
    },
    {
      "type": "Feature",
      "properties": {
        "@id": "node/1445229165",
        "amenity": "fuel",
        "brand": "Orlen",
        "brand:wikidata": "Q971649",
        "check_date": "2026-04-14",
        "compressed_air": "yes",
        "fuel:GTL_diesel": "yes",
        "fuel:adblue:canister": "yes",
        "fuel:diesel": "yes",
        "fuel:lpg": "yes",
        "fuel:octane_100": "yes",
        "fuel:octane_95": "yes",
        "internet_access": "wlan",
        "internet_access:fee": "no",
        "name": "Orlen",
        "opening_hours": "24/7"
      },
      "geometry": {
        "type": "Point",
        "coordinates": [
          16.5372722,
          49.2231596
        ]
      },
      "id": "node/1445229165"
    },
    {
      "type": "Feature",
      "properties": {
        "@id": "node/1465085304",
        "amenity": "fuel",
        "brand": "Orlen",
        "brand:wikidata": "Q971649",
        "check_date": "2025-08-24",
        "compressed_air": "yes",
        "fuel:diesel": "yes",
        "fuel:octane_100": "yes",
        "fuel:octane_95": "yes",
        "internet_access": "wlan",
        "internet_access:fee": "no",
        "name": "Orlen",
        "opening_hours": "24/7",
        "payment:cards": "yes",
        "payment:contactless": "yes",
        "payment:credit_cards": "yes",
        "payment:debit_cards": "yes",
        "payment:mastercard": "yes",
        "payment:visa": "yes",
        "website": "https://www.orlen.cz/"
      },
      "geometry": {
        "type": "Point",
        "coordinates": [
          14.5430129,
          50.1090207
        ]
      },
      "id": "node/1465085304"
    },
    {
      "type": "Feature",
      "properties": {
        "@id": "node/1496421099",
        "amenity": "fuel",
        "brand": "Orlen",
        "brand:wikidata": "Q971649",
        "compressed_air": "no",
        "fuel:diesel": "yes",
        "fuel:octane_100": "yes",
        "fuel:octane_95": "yes",
        "internet_access": "wlan",
        "internet_access:fee": "customers",
        "name": "Orlen",
        "opening_hours": "24/7",
        "wheelchair": "yes"
      },
      "geometry": {
        "type": "Point",
        "coordinates": [
          15.9229727,
          50.5648284
        ]
      },
      "id": "node/1496421099"
    },
    {
      "type": "Feature",
      "properties": {
        "@id": "node/1532816530",
        "addr:city": "Strážný",
        "addr:housenumber": "3",
        "addr:place": "Řasnice",
        "addr:postcode": "38443",
        "amenity": "fuel",
        "fuel:cng": "yes",
        "fuel:diesel": "yes",
        "fuel:octane_95": "yes",
        "fuel:octane_98": "yes",
        "name": "ONO",
        "opening_hours": "24/7",
        "operator": "Tank ONO s.r.o.",
        "website": "https://www.tank-ono.cz/cz/index.php?page=pumpcard&pump=37"
      },
      "geometry": {
        "type": "Point",
        "coordinates": [
          13.7639374,
          48.9126363
        ]
      },
      "id": "node/1532816530"
    },
    {
      "type": "Feature",
      "properties": {
        "@id": "node/1562248027",
        "amenity": "fuel",
        "brand": "MOL",
        "brand:wikidata": "Q549181",
        "brand:wikipedia": "en:MOL (company)",
        "fuel:cng": "no",
        "fuel:diesel": "yes",
        "fuel:e85": "no",
        "fuel:lpg": "no",
        "fuel:octane_95": "yes",
        "fuel:octane_98": "yes",
        "name": "MOL, Slaný Pražská",
        "opening_hours": "Mo-Su 05:00-22:00",
        "operator": "MOL Česká republika, s.r.o.",
        "website": "https://molcesko.cz/"
      },
      "geometry": {
        "type": "Point",
        "coordinates": [
          14.0985005,
          50.2272271
        ]
      },
      "id": "node/1562248027"
    },
    {
      "type": "Feature",
      "properties": {
        "@id": "node/1563322496",
        "addr:city": "Dobřichovice",
        "addr:housenumber": "1078",
        "addr:postcode": "25229",
        "addr:street": "Pražská",
        "amenity": "fuel",
        "branch": "Dobřichovice",
        "brand": "Benzina",
        "brand:wikidata": "Q11130894",
        "brand:wikipedia": "cs:Benzina",
        "fuel:diesel": "yes",
        "fuel:octane_100": "yes",
        "fuel:octane_95": "yes",
        "fuel:propane": "yes",
        "name": "ORLEN",
        "opening_hours": "Mo-Su 05:00-23:00",
        "payment:cash": "yes",
        "payment:contactless": "yes",
        "payment:credit_cards": "yes",
        "payment:debit_cards": "yes",
        "payment:mastercard": "yes",
        "payment:visa": "yes",
        "self_service": "yes",
        "website": "https://www.orlen.cz/"
      },
      "geometry": {
        "type": "Point",
        "coordinates": [
          14.2691087,
          49.9265602
        ]
      },
      "id": "node/1563322496"
    },
    {
      "type": "Feature",
      "properties": {
        "@id": "node/1583269592",
        "amenity": "fuel",
        "brand": "Benzina",
        "brand:wikidata": "Q11130894",
        "check_date:opening_hours": "2022-03-20",
        "compressed_air": "yes",
        "fuel:diesel": "yes",
        "fuel:octane_100": "yes",
        "fuel:octane_95": "yes",
        "internet_access": "wlan",
        "internet_access:fee": "no",
        "name": "Benzina - Přerov, Vrahovická",
        "opening_hours": "05:00-22:00",
        "operator": "Unipetrol RPA, s.r.o. – Benzina",
        "website": "https://www.benzina.cz/"
      },
      "geometry": {
        "type": "Point",
        "coordinates": [
          17.1310505,
          49.4753435
        ]
      },
      "id": "node/1583269592"
    },
    {
      "type": "Feature",
      "properties": {
        "@id": "node/1608100741",
        "amenity": "fuel",
        "brand": "Orlen",
        "brand:facebook": "https://www.facebook.com/orlencz",
        "brand:website": "https://www.orlen.cz",
        "brand:wikidata": "Q971649",
        "compressed_air": "yes",
        "fuel:HGV_diesel": "yes",
        "fuel:adblue:canister": "yes",
        "fuel:diesel": "yes",
        "fuel:octane_100": "yes",
        "fuel:octane_95": "yes",
        "internet_access": "wlan",
        "internet_access:fee": "customers",
        "name": "Orlen",
        "not:brand": "Orlen express",
        "opening_hours": "24/7",
        "operator": "Orlen Unipetrol RPA s.r.o. - Benzina, odštěpný závod",
        "toilets": "yes",
        "wheelchair": "yes"
      },
      "geometry": {
        "type": "Point",
        "coordinates": [
          16.6228929,
          49.1878767
        ]
      },
      "id": "node/1608100741"
    },
    {
      "type": "Feature",
      "properties": {
        "@id": "node/1674480169",
        "amenity": "fuel",
        "compressed_air": "yes",
        "fuel:diesel": "yes",
        "fuel:octane_95": "yes",
        "fuel:octane_98": "yes",
        "name": "Fors CS",
        "opening_hours": "Mo-Fr 06:00-22:00, Sa-Su 07:00-21:00",
        "shop": "convenience",
        "wheelchair": "yes"
      },
      "geometry": {
        "type": "Point",
        "coordinates": [
          16.6615574,
          49.2432116
        ]
      },
      "id": "node/1674480169"
    },
    {
      "type": "Feature",
      "properties": {
        "@id": "node/1709545900",
        "amenity": "fuel",
        "branch": "Petřvald, Ostravská, PS",
        "brand": "Orlen",
        "brand:wikidata": "Q971649",
        "compressed_air": "yes",
        "contact:facebook": "https://www.facebook.com/orlencz",
        "fuel:GTL_diesel": "yes",
        "fuel:adblue:canister": "yes",
        "fuel:diesel": "yes",
        "fuel:octane_100": "yes",
        "fuel:octane_95": "yes",
        "internet_access": "wlan",
        "internet_access:fee": "customers",
        "name": "Orlen",
        "opening_hours": "Mo-Su 06:00-22:00",
        "operator": "Orlen Unipetrol RPA s.r.o. - Benzina, odštěpný závod",
        "toilets": "yes",
        "website": "https://www.orlen.cz/",
        "wheelchair": "yes"
      },
      "geometry": {
        "type": "Point",
        "coordinates": [
          18.3929923,
          49.8310835
        ]
      },
      "id": "node/1709545900"
    },
    {
      "type": "Feature",
      "properties": {
        "@id": "node/1710213082",
        "amenity": "fuel",
        "brand": "Benzina",
        "brand:wikidata": "Q11130894",
        "fuel:adblue:canister": "yes",
        "fuel:cng": "yes",
        "fuel:diesel": "yes",
        "fuel:octane_100": "yes",
        "fuel:octane_95": "yes",
        "internet_access": "wlan",
        "internet_access:fee": "no",
        "name": "Benzina Vrchlabí",
        "opening_hours": "24/7",
        "operator": "Unipetrol RPA, s.r.o. – Benzina",
        "website": "https://www.benzina.cz/"
      },
      "geometry": {
        "type": "Point",
        "coordinates": [
          15.5986836,
          50.6201654
        ]
      },
      "id": "node/1710213082"
    },
    {
      "type": "Feature",
      "properties": {
        "@id": "node/1710256098",
        "amenity": "fuel",
        "brand": "EuroOil",
        "contact:website": "https://www.ceproas.cz/eurooil",
        "fuel:diesel": "yes",
        "fuel:e85": "yes",
        "fuel:lpg": "yes",
        "fuel:octane_95": "yes",
        "fuel:octane_98": "yes",
        "internet_access": "wlan",
        "internet_access:fee": "no",
        "name": "EuroOil Duchcov",
        "opening_hours": "Mo-Su 05:00-22:00",
        "operator": "Čepro, a.s.",
        "ref": "130",
        "shop": "gas"
      },
      "geometry": {
        "type": "Point",
        "coordinates": [
          13.7507809,
          50.6110044
        ]
      },
      "id": "node/1710256098"
    },
    {
      "type": "Feature",
      "properties": {
        "@id": "node/1727846210",
        "amenity": "fuel",
        "brand": "OMV",
        "brand:wikidata": "Q168238",
        "brand:wikipedia": "cs:OMV",
        "compressed_air": "yes",
        "contact:facebook": "https://www.facebook.com/omvceskarepublika",
        "fuel:GTL_diesel": "yes",
        "fuel:HGV_diesel": "yes",
        "fuel:diesel": "yes",
        "fuel:octane_100": "yes",
        "fuel:octane_95": "yes",
        "name": "OMV",
        "opening_hours": "24/7",
        "operator": "OMV Česká republika",
        "payment:cash": "yes",
        "payment:dkv": "yes",
        "payment:mastercard": "yes",
        "payment:omv_card": "yes",
        "payment:routex": "yes",
        "payment:uta": "yes",
        "payment:visa": "yes",
        "phone": "+420518344855",
        "website": "https://www.omv.cz/cs-cz",
        "wheelchair": "yes"
      },
      "geometry": {
        "type": "Point",
        "coordinates": [
          17.1211155,
          48.8516264
        ]
      },
      "id": "node/1727846210"
    },
    {
      "type": "Feature",
      "properties": {
        "@id": "node/1729295764",
        "amenity": "fuel",
        "branch": "Kosmonosy",
        "brand": "Orlen",
        "brand:facebook": "https://www.facebook.com/orlencz",
        "brand:website": "https://www.orlen.cz",
        "brand:wikidata": "Q971649",
        "compressed_air": "yes",
        "fuel:GTL_diesel": "yes",
        "fuel:adblue": "yes",
        "fuel:diesel": "yes",
        "fuel:octane_100": "yes",
        "fuel:octane_95": "yes",
        "internet_access": "wlan",
        "internet_access:fee": "customers",
        "name": "Orlen",
        "opening_hours": "Mo-Su 05:00-23:00",
        "operator": "Orlen Unipetrol RPA s.r.o. - Benzina, odštěpný závod",
        "phone": "+420 326 320 244",
        "shop": "convenience",
        "toilets": "yes",
        "wheelchair": "yes"
      },
      "geometry": {
        "type": "Point",
        "coordinates": [
          14.9255937,
          50.4327384
        ]
      },
      "id": "node/1729295764"
    },
    {
      "type": "Feature",
      "properties": {
        "@id": "node/1746680457",
        "amenity": "fuel",
        "branch": "Šlukonv",
        "brand": "Orlen",
        "brand:wikidata": "Q971649",
        "compressed_air": "yes",
        "contact:facebook": "https://www.facebook.com/orlencz",
        "fuel:GTL_diesel": "yes",
        "fuel:adblue:canister": "yes",
        "fuel:diesel": "yes",
        "fuel:octane_100": "yes",
        "fuel:octane_95": "yes",
        "internet_access": "wlan",
        "internet_access:fee": "customers",
        "name": "Orlen",
        "opening_hours": "Mo-Su 05:00-22:00",
        "operator": "Orlen Unipetrol RPA s.r.o. - Benzina, odštěpný závod",
        "payment:cash": "yes",
        "payment:dkv": "yes",
        "payment:visa": "yes",
        "phone": "+420412386557",
        "toilets": "yes",
        "website": "https://www.orlen.cz/",
        "wheelchair": "yes"
      },
      "geometry": {
        "type": "Point",
        "coordinates": [
          14.4641271,
          51.0026778
        ]
      },
      "id": "node/1746680457"
    },
    {
      "type": "Feature",
      "properties": {
        "@id": "node/1747850862",
        "amenity": "fuel",
        "branch": "Písek, Táborská",
        "brand": "Robin Oil",
        "brand:website": "https://www.ceproas.cz/eurooil",
        "brand:wikidata": "Q133453886",
        "compressed_air": "yes",
        "email": "cs54@robinoil.cz",
        "fuel:diesel": "yes",
        "fuel:lpg": "yes",
        "fuel:octane_95": "yes",
        "fuel:octane_98": "yes",
        "internet_access": "wlan",
        "internet_access:fee": "customers",
        "name": "Robin Oil",
        "opening_hours": "24/7",
        "operator": "Čepro",
        "shop": "yes",
        "toilets": "yes",
        "wheelchair": "yes"
      },
      "geometry": {
        "type": "Point",
        "coordinates": [
          14.1642094,
          49.3153945
        ]
      },
      "id": "node/1747850862"
    },
    {
      "type": "Feature",
      "properties": {
        "@id": "node/1749420798",
        "amenity": "fuel",
        "brand": "Benzina",
        "brand:wikidata": "Q11130894",
        "brand:wikipedia": "cs:Benzina",
        "compressed_air": "yes",
        "fuel:adblue": "yes",
        "fuel:diesel": "yes",
        "fuel:octane_100": "yes",
        "fuel:octane_95": "yes",
        "name": "ORLEN Benzina Úvaly",
        "opening_hours": "24/7"
      },
      "geometry": {
        "type": "Point",
        "coordinates": [
          14.7307893,
          50.0689683
        ]
      },
      "id": "node/1749420798"
    },
    {
      "type": "Feature",
      "properties": {
        "@id": "node/1754632856",
        "addr:conscriptionnumber": "1999",
        "addr:country": "CZ",
        "addr:housenumber": "1999/58",
        "addr:place": "Slezská Ostrava",
        "addr:postcode": "71000",
        "addr:street": "Těšínská",
        "addr:streetnumber": "58",
        "amenity": "fuel",
        "brand": "Shell",
        "brand:wikidata": "Q110716465",
        "brand:wikipedia": "en:Royal Dutch Shell",
        "fuel:diesel": "yes",
        "fuel:octane_100": "yes",
        "fuel:octane_95": "yes",
        "fuel:octane_98": "yes",
        "name": "Shell",
        "ref:ruian:addr": "26606640"
      },
      "geometry": {
        "type": "Point",
        "coordinates": [
          18.3011578,
          49.8352526
        ]
      },
      "id": "node/1754632856"
    },
    {
      "type": "Feature",
      "properties": {
        "@id": "node/1769283484",
        "amenity": "fuel",
        "brand": "Orlen",
        "brand:wikidata": "Q971649",
        "fuel:adblue": "yes",
        "fuel:diesel": "yes",
        "fuel:octane_98": "yes",
        "internet_access": "wlan",
        "internet_access:fee": "no",
        "name": "Orlen Turnov",
        "opening_hours": "05:00-24:00",
        "website": "https://www.orlen.cz/"
      },
      "geometry": {
        "type": "Point",
        "coordinates": [
          15.1729643,
          50.5728263
        ]
      },
      "id": "node/1769283484"
    },
    {
      "type": "Feature",
      "properties": {
        "@id": "node/1772347219",
        "amenity": "fuel",
        "brand": "Orlen",
        "brand:wikidata": "Q971649",
        "changing_table": "no",
        "compressed_air": "yes",
        "fuel:diesel": "yes",
        "fuel:lpg": "yes",
        "fuel:octane_100": "yes",
        "fuel:octane_95": "yes",
        "name": "Orlen",
        "valves": "schrader",
        "wheelchair": "yes"
      },
      "geometry": {
        "type": "Point",
        "coordinates": [
          14.4784669,
          48.9886701
        ]
      },
      "id": "node/1772347219"
    },
    {
      "type": "Feature",
      "properties": {
        "@id": "node/1777817664",
        "addr:city": "Dvůr Králové nad Labem",
        "addr:housenumber": "3160",
        "addr:postcode": "544 01",
        "addr:street": "17. listopadu",
        "amenity": "fuel",
        "brand": "Orlen",
        "brand:wikidata": "Q971649",
        "email": "info@orlen.cz",
        "fuel:adblue": "yes",
        "fuel:diesel": "yes",
        "fuel:octane_95": "yes",
        "fuel:octane_98": "yes",
        "internet_access": "wlan",
        "name": "Orlen",
        "opening_hours": "Mo-Su 00:00-24:00",
        "phone": "+420 800 102 800"
      },
      "geometry": {
        "type": "Point",
        "coordinates": [
          15.8156141,
          50.426692
        ]
      },
      "id": "node/1777817664"
    },
    {
      "type": "Feature",
      "properties": {
        "@id": "node/1785829161",
        "addr:conscriptionnumber": "892",
        "addr:country": "CZ",
        "addr:housenumber": "892",
        "addr:place": "Litomyšlské Předměstí",
        "addr:postcode": "56601",
        "addr:street": "Husova",
        "amenity": "fuel",
        "brand": "EuroOil",
        "brand:wikidata": "Q110219457",
        "compressed_air": "yes",
        "contact:website": "https://www.ceproas.cz/eurooil",
        "fuel:diesel": "yes",
        "fuel:e85": "yes",
        "fuel:octane_95": "yes",
        "fuel:octane_98": "yes",
        "internet_access": "wlan",
        "internet_access:fee": "no",
        "name": "EuroOil Vysoké Mýto",
        "opening_hours": "Mo-Su 06:00-20:00",
        "operator": "Čepro, a.s.",
        "ref": "324",
        "ref:ruian:addr": "25677586",
        "shop": "gas"
      },
      "geometry": {
        "type": "Point",
        "coordinates": [
          16.1644176,
          49.9433607
        ]
      },
      "id": "node/1785829161"
    },
    {
      "type": "Feature",
      "properties": {
        "@id": "node/1798698192",
        "amenity": "fuel",
        "branch": "Praha, K Barrandovu",
        "brand": "OMV",
        "brand:facebook": "omvceskarepublika",
        "brand:website": "https://www.omv.cz/cs-cz",
        "brand:wikidata": "Q168238",
        "brand:wikipedia": "cs:OMV",
        "compressed_air": "yes",
        "fuel:HGV_diesel": "yes",
        "fuel:diesel": "yes",
        "fuel:octane_100": "yes",
        "fuel:octane_95": "yes",
        "name": "OMV",
        "opening_hours": "24/7",
        "operator": "OMV Česká republika",
        "payment:cash": "yes",
        "payment:dkv": "yes",
        "payment:mastercard": "yes",
        "payment:omv_card": "yes",
        "payment:routex": "yes",
        "payment:uta": "yes",
        "payment:visa": "yes",
        "ref:CZ:evcs": "04193170",
        "ref:zabaged": "4199652559683584",
        "wheelchair": "yes"
      },
      "geometry": {
        "type": "Point",
        "coordinates": [
          14.3650863,
          50.0266512
        ]
      },
      "id": "node/1798698192"
    },
    {
      "type": "Feature",
      "properties": {
        "@id": "node/1812155447",
        "amenity": "fuel",
        "brand": "MOL",
        "brand:wikidata": "Q549181",
        "brand:wikipedia": "cs:MOL (holding)",
        "fuel:diesel": "yes",
        "fuel:octane_95": "yes",
        "fuel:octane_98": "yes",
        "name": "MOL, Olomouc - D35",
        "opening_hours": "24/7",
        "operator": "MOL Česká republika, s.r.o.",
        "website": "https://molcesko.cz/"
      },
      "geometry": {
        "type": "Point",
        "coordinates": [
          17.1671964,
          49.6273861
        ]
      },
      "id": "node/1812155447"
    },
    {
      "type": "Feature",
      "properties": {
        "@id": "node/1822949639",
        "amenity": "fuel",
        "branch": "Plzeň, Lidická",
        "brand": "OMV",
        "brand:facebook": "omvceskarepublika",
        "brand:website": "https://www.omv.cz/cs-cz",
        "brand:wikidata": "Q168238",
        "brand:wikipedia": "cs:OMV",
        "compressed_air": "yes",
        "fuel:HGV_diesel": "yes",
        "fuel:diesel": "yes",
        "fuel:octane_100": "yes",
        "fuel:octane_95": "yes",
        "name": "OMV",
        "opening_hours": "24/7",
        "operator": "OMV Česká republika",
        "payment:cash": "yes",
        "payment:dkv": "yes",
        "payment:mastercard": "yes",
        "payment:omv_card": "yes",
        "payment:routex": "yes",
        "payment:uta": "yes",
        "payment:visa": "yes",
        "phone": "+420 377259451",
        "wheelchair": "yes"
      },
      "geometry": {
        "type": "Point",
        "coordinates": [
          13.3741709,
          49.7664559
        ]
      },
      "id": "node/1822949639"
    },
    {
      "type": "Feature",
      "properties": {
        "@id": "node/1828967601",
        "amenity": "fuel",
        "branch": "Nový Jičín, Karla Kryla",
        "brand": "Shell",
        "brand:facebook": "ShellCeskaRepublika",
        "brand:website": "https://www.shell.cz/",
        "brand:wikidata": "Q110716465",
        "compressed_air": "yes",
        "fuel:GTL_diesel": "yes",
        "fuel:adblue": "yes",
        "fuel:adblue:canister": "yes",
        "fuel:diesel": "yes",
        "fuel:octane_100": "yes",
        "fuel:octane_95": "yes",
        "name": "Shell",
        "opening_hours": "Mo-Su 05:00-22:00",
        "operator": "Shell Czech Republic",
        "toilets": "yes",
        "wheelchair": "yes"
      },
      "geometry": {
        "type": "Point",
        "coordinates": [
          18.013656,
          49.5923975
        ]
      },
      "id": "node/1828967601"
    },
    {
      "type": "Feature",
      "properties": {
        "@id": "node/1845320593",
        "addr:floor": "0",
        "amenity": "fuel",
        "brand": "Shell",
        "brand:wikidata": "Q110716465",
        "brand:wikipedia": "en:Royal Dutch Shell",
        "check_date": "2024-10-17",
        "fast_food": "yes",
        "fuel:diesel": "yes",
        "fuel:octane_100": "yes",
        "fuel:octane_95": "yes",
        "level": "0",
        "name": "Shell",
        "opening_hours": "24/7",
        "payment:cash": "yes",
        "payment:credit_cards": "yes",
        "payment:debit_cards": "yes",
        "self_service": "yes",
        "shop": "convenience",
        "website": "https://find.shell.com/cz/fuel/10048126-8145-stochov/cz_CZ",
        "wheelchair": "designated"
      },
      "geometry": {
        "type": "Point",
        "coordinates": [
          13.9689915,
          50.1569277
        ]
      },
      "id": "node/1845320593"
    },
    {
      "type": "Feature",
      "properties": {
        "@id": "node/1857567723",
        "amenity": "fuel",
        "branch": "Kutná Hora, Kouřimská",
        "brand": "Orlen",
        "brand:facebook": "orlencz",
        "brand:website": "https://www.orlen.cz",
        "brand:wikidata": "Q971649",
        "brand:wikipedia": "cs:Orlen",
        "check_date": "2026-01-27",
        "compressed_air": "yes",
        "fuel:HGV_diesel": "yes",
        "fuel:adblue": "yes",
        "fuel:adblue:canister": "yes",
        "fuel:diesel": "yes",
        "fuel:octane_100": "yes",
        "fuel:octane_95": "yes",
        "internet_access": "wlan",
        "internet_access:fee": "customers",
        "name": "Orlen",
        "opening_hours": "Mo-Su 05:00-22:00",
        "operator": "Orlen Unipetrol RPA",
        "toilets": "yes",
        "wheelchair": "yes"
      },
      "geometry": {
        "type": "Point",
        "coordinates": [
          15.255099,
          49.9472247
        ]
      },
      "id": "node/1857567723"
    },
    {
      "type": "Feature",
      "properties": {
        "@id": "node/1908953559",
        "addr:city": "Zbiroh",
        "addr:floor": "0",
        "addr:housenumber": "29",
        "addr:postcode": "338 08",
        "addr:street": "Kařez",
        "amenity": "fuel",
        "check_date": "2025-03-08",
        "email": "koloc@koloc.cz",
        "fax": "+420 371 794 292",
        "fuel:adblue": "yes",
        "fuel:diesel": "yes",
        "fuel:octane_95": "yes",
        "fuel:octane_98": "yes",
        "internet_access": "wlan",
        "level": "0",
        "name": "Koloc oil Kařez",
        "opening_hours": "24/7",
        "operator": "KOLOC oil",
        "payment:cash": "yes",
        "payment:credit_cards": "yes",
        "payment:debit_cards": "yes",
        "phone": "+420 371 794 410; +420 602 323 202",
        "ref:CZ:evcs": "00577190",
        "ref:zabaged": "4199564529631232",
        "self_service": "yes",
        "website": "https://www.koloc.cz/",
        "wheelchair": "yes"
      },
      "geometry": {
        "type": "Point",
        "coordinates": [
          13.7828581,
          49.8239605
        ]
      },
      "id": "node/1908953559"
    },
    {
      "type": "Feature",
      "properties": {
        "@id": "node/1913211396",
        "amenity": "fuel",
        "branch": "Tachov, Plzeňská",
        "brand": "Orlen",
        "brand:wikidata": "Q971649",
        "compressed_air": "yes",
        "contact:facebook": "https://www.facebook.com/orlencz",
        "fuel:GTL_diesel": "yes",
        "fuel:adblue": "yes",
        "fuel:diesel": "yes",
        "fuel:octane_100": "yes",
        "fuel:octane_95": "yes",
        "internet_access": "wlan",
        "internet_access:fee": "customers",
        "level": "0",
        "name": "Orlen",
        "opening_hours": "Mo-Su 05:00-23:00",
        "operator": "Orlen Unipetrol RPA s.r.o. - Benzina, odštěpný závod",
        "phone": "+420374722305",
        "toilets": "yes",
        "website": "https://www.orlen.cz/",
        "wheelchair": "yes"
      },
      "geometry": {
        "type": "Point",
        "coordinates": [
          12.6513206,
          49.7896986
        ]
      },
      "id": "node/1913211396"
    },
    {
      "type": "Feature",
      "properties": {
        "@id": "node/1937312951",
        "amenity": "fuel",
        "brand": "MOL",
        "brand:wikidata": "Q549181",
        "brand:wikipedia": "en:MOL (company)",
        "fuel:diesel": "yes",
        "fuel:lpg": "yes",
        "fuel:octane_95": "yes",
        "fuel:octane_98": "yes",
        "name": "MOL, Ústí nad Labem Stříbrnická - areál Hypernovy",
        "opening_hours": "Mo-Su 05:00-22:00",
        "operator": "MOL Česká republika, s.r.o.",
        "website": "https://molcesko.cz/"
      },
      "geometry": {
        "type": "Point",
        "coordinates": [
          14.0381563,
          50.6775471
        ]
      },
      "id": "node/1937312951"
    },
    {
      "type": "Feature",
      "properties": {
        "@id": "node/1956118208",
        "amenity": "fuel",
        "branch": "Ostrava, Rudná",
        "brand": "Orlen",
        "brand:wikidata": "Q971649",
        "compressed_air": "yes",
        "contact:facebook": "https://www.facebook.com/orlencz",
        "fuel:GTL_diesel": "yes",
        "fuel:adblue:canister": "yes",
        "fuel:diesel": "yes",
        "fuel:lpg": "yes",
        "fuel:octane_100": "yes",
        "fuel:octane_95": "yes",
        "internet_access": "wlan",
        "internet_access:fee": "customers",
        "name": "Orlen",
        "opening_hours": "24/7",
        "operator": "Orlen Unipetrol RPA s.r.o. - Benzina, odštěpný závod",
        "toilets": "yes",
        "website": "https://www.orlen.cz/",
        "wheelchair": "yes"
      },
      "geometry": {
        "type": "Point",
        "coordinates": [
          18.2393423,
          49.7978931
        ]
      },
      "id": "node/1956118208"
    },
    {
      "type": "Feature",
      "properties": {
        "@id": "node/1984837293",
        "amenity": "fuel",
        "brand": "Benzina",
        "brand:wikidata": "Q11130894",
        "brand:wikipedia": "cs:Benzina",
        "fuel:adblue:canister": "yes",
        "fuel:diesel": "yes",
        "fuel:e85": "yes",
        "fuel:octane_95": "yes",
        "fuel:octane_98": "yes",
        "internet_access": "wlan",
        "internet_access:fee": "no",
        "name": "Benzina Milovice",
        "opening_hours": "24/7",
        "operator": "Unipetrol RPA, s.r.o. – Benzina",
        "website": "https://www.benzina.cz/"
      },
      "geometry": {
        "type": "Point",
        "coordinates": [
          14.8808198,
          50.2304428
        ]
      },
      "id": "node/1984837293"
    },
    {
      "type": "Feature",
      "properties": {
        "@id": "node/2022936032",
        "amenity": "fuel",
        "brand": "KM - PRONA",
        "email": "ckyne@km-prona.cz",
        "fuel:adblue": "yes",
        "fuel:diesel": "yes",
        "fuel:octane_95": "yes",
        "fuel:octane_98": "yes",
        "internet_access": "wlan",
        "name": "KM-Prona, Čkyně",
        "opening_hours": "24/7",
        "operator": "KM - PRONA, a.s.",
        "phone": "+420 388 424 055",
        "website": "https://km-prona.cz/cerpaci-stanice/seznam-stanic/43-ckyne"
      },
      "geometry": {
        "type": "Point",
        "coordinates": [
          13.8423437,
          49.1193691
        ]
      },
      "id": "node/2022936032"
    },
    {
      "type": "Feature",
      "properties": {
        "@id": "node/2042033622",
        "amenity": "fuel",
        "brand": "Orlen",
        "brand:wikidata": "Q971649",
        "compressed_air": "yes",
        "contact:facebook": "https://www.facebook.com/orlencz",
        "fuel:GTL_diesel": "yes",
        "fuel:adblue": "yes",
        "fuel:adblue:canister": "yes",
        "fuel:cng": "yes",
        "fuel:diesel": "yes",
        "fuel:octane_100": "yes",
        "fuel:octane_95": "yes",
        "internet_access": "wlan",
        "internet_access:fee": "customers",
        "name": "Orlen",
        "opening_hours": "24/7",
        "operator": "Orlen Unipetrol RPA s.r.o. - Benzina, odštěpný závod",
        "payment:american_express": "yes",
        "payment:apple_pay": "yes",
        "payment:cash": "yes",
        "payment:ccs": "yes",
        "payment:dkv": "yes",
        "payment:eurooil": "yes",
        "payment:euroshell": "yes",
        "payment:google_pay": "yes",
        "payment:jcb": "yes",
        "payment:logpay": "yes",
        "payment:maestro": "yes",
        "payment:mastercard": "yes",
        "payment:omv_card": "yes",
        "payment:uta": "yes",
        "payment:visa": "yes",
        "payment:visa_electron": "yes",
        "website": "https://www.orlen.cz/",
        "wheelchair": "yes"
      },
      "geometry": {
        "type": "Point",
        "coordinates": [
          14.0699553,
          50.2352528
        ]
      },
      "id": "node/2042033622"
    },
    {
      "type": "Feature",
      "properties": {
        "@id": "node/2052509321",
        "amenity": "fuel",
        "email": "cs81@robinoil.cz",
        "fuel:biodiesel": "no",
        "fuel:cng": "no",
        "fuel:diesel": "yes",
        "fuel:e85": "no",
        "fuel:lpg": "no",
        "fuel:octane_95": "yes",
        "fuel:octane_98": "yes",
        "kiosk": "yes",
        "name": "RoBiN OIL Středokluky",
        "opening_hours": "24/7",
        "operator": "RoBiN OIL s.r.o.",
        "toilets": "yes",
        "website": "http://www.robinoil.cz/index.php/cerpaci-stanice/vyhledavani-cs/65"
      },
      "geometry": {
        "type": "Point",
        "coordinates": [
          14.2439519,
          50.1379501
        ]
      },
      "id": "node/2052509321"
    },
    {
      "type": "Feature",
      "properties": {
        "@id": "node/2066621947",
        "amenity": "fuel",
        "brand": "Shell",
        "brand:wikidata": "Q110716465",
        "fuel:diesel": "yes",
        "fuel:octane_100": "yes",
        "fuel:octane_95": "yes",
        "name": "Shell"
      },
      "geometry": {
        "type": "Point",
        "coordinates": [
          17.9667056,
          49.4836997
        ]
      },
      "id": "node/2066621947"
    },
    {
      "type": "Feature",
      "properties": {
        "@id": "node/2077905345",
        "amenity": "fuel",
        "brand": "Benzina",
        "brand:wikidata": "Q11130894",
        "brand:wikipedia": "cs:Benzina",
        "fuel:adblue:canister": "yes",
        "fuel:diesel": "yes",
        "fuel:octane_100": "yes",
        "fuel:octane_95": "yes",
        "internet_access": "wlan",
        "internet_access:fee": "no",
        "name": "Orlen, Kolín Ovčárecká",
        "opening_hours": "24/7",
        "operator": "Orlen S.A.",
        "shop": "yes",
        "website": "https://www.orlen.cz",
        "wheelchair": "yes"
      },
      "geometry": {
        "type": "Point",
        "coordinates": [
          15.2132315,
          50.0402993
        ]
      },
      "id": "node/2077905345"
    },
    {
      "type": "Feature",
      "properties": {
        "@id": "node/2077969469",
        "addr:housenumber": "880",
        "addr:postcode": "28002",
        "addr:street": "Jaselská",
        "amenity": "fuel",
        "brand": "Shell",
        "brand:wikidata": "Q110716465",
        "brand:wikipedia": "en:Shell plc",
        "compressed_air": "yes",
        "email": "dotazy-cz@shell.com",
        "fuel:diesel": "yes",
        "fuel:octane_100": "yes",
        "fuel:octane_95": "yes",
        "name": "Shell",
        "opening_hours": "24/7",
        "operator": "Shell Czech Republic a.s.",
        "phone": "321671551",
        "website": "https://find.shell.com/cz/fuel/10045333-8139_kolin/cz_CZ",
        "wheelchair": "yes"
      },
      "geometry": {
        "type": "Point",
        "coordinates": [
          15.2077068,
          50.0225413
        ]
      },
      "id": "node/2077969469"
    },
    {
      "type": "Feature",
      "properties": {
        "@id": "node/2077980601",
        "addr:housenumber": "1073",
        "addr:postcode": "28002",
        "addr:street": "Benešova",
        "amenity": "fuel",
        "brand": "Benzina",
        "brand:wikidata": "Q11130894",
        "email": "info@orlen.cz",
        "fuel:adblue:canister": "yes",
        "fuel:diesel": "yes",
        "fuel:lpg": "yes",
        "fuel:octane_100": "yes",
        "fuel:octane_95": "yes",
        "internet_access": "wlan",
        "internet_access:fee": "no",
        "name": "Orlen, Kolín Benešova",
        "opening_hours": "24/7",
        "operator": "Orlen S.A",
        "phone": "+420321713946",
        "website": "https://www.orlen.cz"
      },
      "geometry": {
        "type": "Point",
        "coordinates": [
          15.1841192,
          50.0224188
        ]
      },
      "id": "node/2077980601"
    },
    {
      "type": "Feature",
      "properties": {
        "@id": "node/2085538594",
        "amenity": "fuel",
        "brand": "Shell",
        "brand:wikidata": "Q110716465",
        "fuel:cng": "yes",
        "fuel:diesel": "yes",
        "fuel:octane_100": "yes",
        "fuel:octane_95": "yes",
        "name": "Shell",
        "opening_hours": "Mo-Fr 06:00-19:00; Sa,Su 07:00-19:00",
        "operator": "Shell Czech Republic a.s.",
        "website": "https://find.shell.com/cz/fuel/10051668-8505_kolin_tridvorska/cz_CZ"
      },
      "geometry": {
        "type": "Point",
        "coordinates": [
          15.2254754,
          50.0331205
        ]
      },
      "id": "node/2085538594"
    },
    {
      "type": "Feature",
      "properties": {
        "@id": "node/2111542560",
        "amenity": "fuel",
        "brand": "MOL",
        "brand:wikidata": "Q549181",
        "brand:wikipedia": "cs:MOL (holding)",
        "fuel:diesel": "yes",
        "fuel:octane_100": "yes",
        "fuel:octane_95": "yes",
        "internet_access": "wlan",
        "internet_access:fee": "no",
        "name": "MOL, Zlaté Slunce",
        "opening_hours": "05:00-22:00",
        "operator": "MOL Česká republika, s.r.o.",
        "website": "https://molcesko.cz/"
      },
      "geometry": {
        "type": "Point",
        "coordinates": [
          15.1080251,
          50.0395543
        ]
      },
      "id": "node/2111542560"
    },
    {
      "type": "Feature",
      "properties": {
        "@id": "node/2119489463",
        "amenity": "fuel",
        "branch": "Kutná Hora",
        "brand": "MOL",
        "brand:facebook": "molcesko",
        "brand:instagram": "mol_cesko",
        "brand:website": "https://molcesko.cz/cz",
        "brand:wikidata": "Q549181",
        "brand:wikipedia": "en:MOL (company)",
        "compressed_air": "yes",
        "fuel:diesel": "yes",
        "fuel:lpg": "yes",
        "fuel:octane_100": "yes",
        "fuel:octane_95": "yes",
        "internet_access": "wlan",
        "internet_access:fee": "customers",
        "name": "MOL",
        "opening_hours": "24/7",
        "operator": "MOL Česká republika",
        "payment:american_express": "yes",
        "payment:cash": "yes",
        "payment:ccs": "yes",
        "payment:dkv": "yes",
        "payment:e100": "yes",
        "payment:eurooil": "yes",
        "payment:ina": "yes",
        "payment:maestro": "yes",
        "payment:mastercard": "yes",
        "payment:mol": "yes",
        "payment:slovnaft": "yes",
        "payment:uta": "yes",
        "payment:v_pay": "yes",
        "payment:visa": "yes",
        "toilets": "yes",
        "wheelchair": "yes"
      },
      "geometry": {
        "type": "Point",
        "coordinates": [
          15.285296,
          49.9583648
        ]
      },
      "id": "node/2119489463"
    },
    {
      "type": "Feature",
      "properties": {
        "@id": "node/2119805308",
        "amenity": "fuel",
        "fuel:diesel": "yes",
        "fuel:lpg": "yes",
        "fuel:octane_95": "yes",
        "fuel:octane_98": "yes",
        "name": "Agro Žamberk - Krouna",
        "opening_hours": "Mo-Fr 05:00-22:00; PH,Sa,Su 06:30-22:00",
        "operator": "Agro Žamberk a.s.",
        "website": "https://www.agrozamberk.cz/cerpaci-stanice-krouna"
      },
      "geometry": {
        "type": "Point",
        "coordinates": [
          16.0307717,
          49.7720651
        ]
      },
      "id": "node/2119805308"
    },
    {
      "type": "Feature",
      "properties": {
        "@id": "node/2125999865",
        "amenity": "fuel",
        "brand": "KM-Prona",
        "brand:wikidata": "Q92342984",
        "email": "pocernice@km-prona.cz",
        "fuel:adblue": "yes",
        "fuel:diesel": "yes",
        "fuel:octane_95": "yes",
        "fuel:octane_98": "yes",
        "internet_access": "wlan",
        "name": "KM-Prona, Praha - Horní Počernice",
        "opening_hours": "24/7",
        "operator": "KM - PRONA, a.s.",
        "phone": "+420 281 927 377",
        "website": "https://km-prona.cz/cerpaci-stanice/seznam-stanic/22-praha-horni-pocernice"
      },
      "geometry": {
        "type": "Point",
        "coordinates": [
          14.6372935,
          50.1181221
        ]
      },
      "id": "node/2125999865"
    },
    {
      "type": "Feature",
      "properties": {
        "@id": "node/2151672472",
        "amenity": "fuel",
        "brand": "EuroOil",
        "brand:wikidata": "Q110219457",
        "contact:website": "https://www.ceproas.cz/eurooil",
        "fuel:diesel": "yes",
        "fuel:octane_95": "yes",
        "fuel:octane_98": "yes",
        "internet_access": "wlan",
        "internet_access:fee": "no",
        "name": "EuroOil Ostrava, Michalkovická",
        "opening_hours": "Mo-Su 06:00-20:00",
        "operator": "Čepro, a.s.",
        "ref": "533",
        "shop": "gas"
      },
      "geometry": {
        "type": "Point",
        "coordinates": [
          18.3251213,
          49.840792
        ]
      },
      "id": "node/2151672472"
    },
    {
      "type": "Feature",
      "properties": {
        "@id": "node/2184142612",
        "amenity": "fuel",
        "brand": "Benzina",
        "brand:wikidata": "Q11130894",
        "brand:wikipedia": "cs:Benzina",
        "fuel:adblue:canister": "yes",
        "fuel:diesel": "yes",
        "fuel:octane_95": "yes",
        "fuel:octane_98": "yes",
        "internet_access": "wlan",
        "internet_access:fee": "no",
        "name": "Benzina, Ústí nad Labem, Neštěmická",
        "opening_hours": "24/7",
        "operator": "Unipetrol RPA, s.r.o. – Benzina",
        "phone": "+420475504020"
      },
      "geometry": {
        "type": "Point",
        "coordinates": [
          14.0656962,
          50.6657691
        ]
      },
      "id": "node/2184142612"
    },
    {
      "type": "Feature",
      "properties": {
        "@id": "node/2241994663",
        "addr:city": "Přerov",
        "addr:housenumber": "2887/3",
        "addr:postcode": "75002",
        "addr:street": "U Hřbitova",
        "amenity": "fuel",
        "brand": "MOL",
        "brand:wikidata": "Q549181",
        "brand:wikipedia": "en:MOL (company)",
        "fuel:diesel": "yes",
        "fuel:octane_95": "yes",
        "fuel:octane_98": "yes",
        "name": "MOL, Přerov - U Hřbitova",
        "opening_hours": "Mo-Su 06:00-21:00",
        "operator": "MOL Česká republika, s.r.o.",
        "phone": "+420 721 007 201",
        "website": "https://molcesko.cz/"
      },
      "geometry": {
        "type": "Point",
        "coordinates": [
          17.4643574,
          49.4468605
        ]
      },
      "id": "node/2241994663"
    },
    {
      "type": "Feature",
      "properties": {
        "@id": "node/2293979407",
        "amenity": "fuel",
        "brand": "MOL",
        "brand:wikidata": "Q549181",
        "brand:wikipedia": "cs:MOL (holding)",
        "compressed_air": "yes",
        "fuel:diesel": "yes",
        "fuel:lpg": "yes",
        "fuel:octane_95": "yes",
        "fuel:octane_98": "yes",
        "internet_access": "wlan",
        "internet_access:fee": "no",
        "name": "MOL, Město Albrechtice",
        "opening_hours": "5:00-22:00",
        "operator": "MOL Česká republika, s.r.o.",
        "toilets": "yes",
        "website": "https://molcesko.cz/"
      },
      "geometry": {
        "type": "Point",
        "coordinates": [
          17.5742841,
          50.1582467
        ]
      },
      "id": "node/2293979407"
    },
    {
      "type": "Feature",
      "properties": {
        "@id": "node/2295297461",
        "amenity": "fuel",
        "brand": "Benzina",
        "brand:wikidata": "Q11130894",
        "fuel:diesel": "yes",
        "fuel:lpg": "yes",
        "fuel:octane_100": "yes",
        "fuel:octane_95": "yes",
        "name": "Benzina plus",
        "opening_hours": "24/7",
        "operator": "Benzina",
        "shop": "kiosk"
      },
      "geometry": {
        "type": "Point",
        "coordinates": [
          14.4860431,
          50.3566487
        ]
      },
      "id": "node/2295297461"
    },
    {
      "type": "Feature",
      "properties": {
        "@id": "node/2296951971",
        "amenity": "fuel",
        "compressed_air": "yes",
        "fuel:diesel": "yes",
        "fuel:octane_95": "yes",
        "fuel:octane_98": "yes",
        "name": "Vendys & V Modrá",
        "operator": "Vendys & V",
        "self_service": "no"
      },
      "geometry": {
        "type": "Point",
        "coordinates": [
          14.0987649,
          50.7615174
        ]
      },
      "id": "node/2296951971"
    },
    {
      "type": "Feature",
      "properties": {
        "@id": "node/2309848937",
        "amenity": "fuel",
        "fuel:HGV_diesel": "no",
        "fuel:diesel": "yes",
        "fuel:octane_95": "yes",
        "fuel:octane_98": "yes"
      },
      "geometry": {
        "type": "Point",
        "coordinates": [
          12.5572667,
          49.8969219
        ]
      },
      "id": "node/2309848937"
    },
    {
      "type": "Feature",
      "properties": {
        "@id": "node/2327734589",
        "amenity": "fuel",
        "branch": "Bílina",
        "brand": "MOL",
        "brand:facebook": "molcesko",
        "brand:instagram": "mol_cesko",
        "brand:website": "https://molcesko.cz/cz",
        "brand:wikidata": "Q549181",
        "brand:wikipedia": "cs:MOL (holding)",
        "compressed_air": "yes",
        "fuel:diesel": "yes",
        "fuel:lpg": "yes",
        "fuel:octane_100": "yes",
        "fuel:octane_95": "yes",
        "internet_access": "wlan",
        "internet_access:fee": "customers",
        "name": "MOL",
        "opening_hours": "24/7",
        "operator": "MOL Česká republika",
        "payment:american_express": "yes",
        "payment:cash": "yes",
        "payment:ccs": "yes",
        "payment:dkv": "yes",
        "payment:e100": "yes",
        "payment:eurooil": "yes",
        "payment:ina": "yes",
        "payment:maestro": "yes",
        "payment:mastercard": "yes",
        "payment:mol": "yes",
        "payment:slovnaft": "yes",
        "payment:uta": "yes",
        "payment:v_pay": "yes",
        "payment:visa": "yes",
        "toilets": "yes",
        "wheelchair": "yes"
      },
      "geometry": {
        "type": "Point",
        "coordinates": [
          13.7714984,
          50.54534
        ]
      },
      "id": "node/2327734589"
    },
    {
      "type": "Feature",
      "properties": {
        "@id": "node/2332257501",
        "amenity": "fuel",
        "brand": "Orlen",
        "brand:wikidata": "Q971649",
        "brand:wikipedia": "cs:Orlen",
        "fuel:diesel": "yes",
        "fuel:octane_95": "yes",
        "fuel:octane_98": "yes",
        "name": "Orlen",
        "source": "own knowledge"
      },
      "geometry": {
        "type": "Point",
        "coordinates": [
          15.8032841,
          49.6962691
        ]
      },
      "id": "node/2332257501"
    },
    {
      "type": "Feature",
      "properties": {
        "@id": "node/2342941584",
        "addr:city": "Třanovice",
        "addr:housenumber": "296",
        "addr:place": "Třanovice",
        "addr:postcode": "73953",
        "amenity": "fuel",
        "email": "info@spetra.cz",
        "fuel:adblue": "yes",
        "fuel:diesel": "yes",
        "fuel:octane_100": "yes",
        "fuel:octane_95": "yes",
        "name": "Čerpací stanice SPETRA CZ s.r.o.",
        "opening_hours": "Mo-Fr 05:30-20:00,Sa 07:00-17:00, Su 08:00-17:00",
        "operator": "SPETRA CZ s.r.o.",
        "phone": "+420 606 773 809",
        "website": "https://www.spetra.cz/"
      },
      "geometry": {
        "type": "Point",
        "coordinates": [
          18.5279544,
          49.7131009
        ]
      },
      "id": "node/2342941584"
    },
    {
      "type": "Feature",
      "properties": {
        "@id": "node/2359422459",
        "amenity": "fuel",
        "fuel:diesel": "yes",
        "fuel:lpg": "yes",
        "fuel:octane_98": "yes",
        "name": "Tomegas",
        "opening_hours": "24/7",
        "website": "https://www.tomegas.cz/"
      },
      "geometry": {
        "type": "Point",
        "coordinates": [
          14.9729825,
          50.5148282
        ]
      },
      "id": "node/2359422459"
    },
    {
      "type": "Feature",
      "properties": {
        "@id": "node/2364427249",
        "amenity": "fuel",
        "brand": "Benzina",
        "brand:wikidata": "Q11878499",
        "brand:wikipedia": "cs:Benzina",
        "fuel:adblue:canister": "yes",
        "fuel:diesel": "yes",
        "fuel:octane_95": "yes",
        "fuel:octane_98": "yes",
        "internet_access": "wlan",
        "internet_access:fee": "no",
        "name": "Benzina, Ústí nad Labem, Předmostí",
        "opening_hours": "24/7",
        "operator": "Unipetrol RPA, s.r.o. – Benzina"
      },
      "geometry": {
        "type": "Point",
        "coordinates": [
          14.0468028,
          50.6611502
        ]
      },
      "id": "node/2364427249"
    },
    {
      "type": "Feature",
      "properties": {
        "@id": "node/2370739646",
        "amenity": "fuel",
        "fuel:biodiesel": "yes",
        "fuel:diesel": "yes",
        "fuel:octane_95": "yes",
        "fuel:octane_98": "yes",
        "name": "MVD"
      },
      "geometry": {
        "type": "Point",
        "coordinates": [
          17.0835797,
          48.9735537
        ]
      },
      "id": "node/2370739646"
    },
    {
      "type": "Feature",
      "properties": {
        "@id": "node/2379498046",
        "amenity": "fuel",
        "branch": "Česká Ves u Jeseníku",
        "brand": "Orlen",
        "brand:wikidata": "Q971649",
        "building": "yes",
        "compressed_air": "yes",
        "contact:facebook": "https://www.facebook.com/orlencz",
        "fuel:GTL_diesel": "yes",
        "fuel:diesel": "yes",
        "fuel:octane_100": "yes",
        "fuel:octane_95": "yes",
        "internet_access": "wlan",
        "internet_access:fee": "customers",
        "name": "Orlen",
        "opening_hours": "Mo-Su 05:00-22:00",
        "operator": "Orlen Unipetrol RPA s.r.o. - Benzina, odštěpný závod",
        "phone": "+420584411166",
        "toilets": "yes",
        "website": "https://www.orlen.cz/",
        "wheelchair": "yes"
      },
      "geometry": {
        "type": "Point",
        "coordinates": [
          17.2138092,
          50.2464434
        ]
      },
      "id": "node/2379498046"
    },
    {
      "type": "Feature",
      "properties": {
        "@id": "node/2379894864",
        "amenity": "fuel",
        "brand": "Orlen",
        "brand:wikidata": "Q971649",
        "compressed_air": "yes",
        "contact:facebook": "https://www.facebook.com/orlencz",
        "fuel:GTL_diesel": "yes",
        "fuel:adblue:canister": "yes",
        "fuel:diesel": "yes",
        "fuel:octane_100": "yes",
        "fuel:octane_95": "yes",
        "internet_access": "wlan",
        "internet_access:fee": "customers",
        "name": "Orlen",
        "opening_hours": "24/7",
        "operator": "Orlen Unipetrol RPA s.r.o. - Benzina, odštěpný závod",
        "toilets": "yes",
        "website": "https://www.orlen.cz/",
        "wheelchair": "yes"
      },
      "geometry": {
        "type": "Point",
        "coordinates": [
          13.5390266,
          50.333197
        ]
      },
      "id": "node/2379894864"
    },
    {
      "type": "Feature",
      "properties": {
        "@id": "node/2387079854",
        "amenity": "fuel",
        "brand": "Orlen",
        "brand:wikidata": "Q971649",
        "fuel:diesel": "yes",
        "fuel:octane_100": "yes",
        "fuel:octane_95": "yes",
        "internet_access": "wlan",
        "internet_access:fee": "no",
        "name": "Orlen",
        "opening_hours": "24/7",
        "operator": "Orlen",
        "source": "survey",
        "website": "https://www.benzina.cz/"
      },
      "geometry": {
        "type": "Point",
        "coordinates": [
          16.9137886,
          49.7700504
        ]
      },
      "id": "node/2387079854"
    },
    {
      "type": "Feature",
      "properties": {
        "@id": "node/2391638230",
        "amenity": "fuel",
        "email": "info@orlen.cz",
        "fuel:diesel": "yes",
        "fuel:e85": "yes",
        "fuel:octane_95": "yes",
        "fuel:octane_98": "yes",
        "internet_access": "wlan",
        "name": "Orlen",
        "opening_hours": "Mo-Su 05:00-21:00",
        "operator": "ORLEN Unipetrol, a.s.",
        "phone": "+420 800 102 800;+420 736 507 859",
        "shop": "yes",
        "website": "https://www.orlen.cz"
      },
      "geometry": {
        "type": "Point",
        "coordinates": [
          18.1572366,
          49.6420038
        ]
      },
      "id": "node/2391638230"
    },
    {
      "type": "Feature",
      "properties": {
        "@id": "node/2406027689",
        "amenity": "fuel",
        "branch": "Petřvald, Ostravská, LS",
        "brand": "Orlen",
        "brand:wikidata": "Q971649",
        "compressed_air": "yes",
        "contact:facebook": "https://www.facebook.com/orlencz",
        "fuel:GTL_diesel": "yes",
        "fuel:diesel": "yes",
        "fuel:octane_100": "yes",
        "fuel:octane_95": "yes",
        "internet_access": "wlan",
        "internet_access:fee": "customers",
        "name": "Orlen",
        "opening_hours": "Mo-Su 05:00-22:00",
        "operator": "Orlen Unipetrol RPA s.r.o. - Benzina, odštěpný závod",
        "toilets": "yes",
        "website": "https://www.orlen.cz/",
        "wheelchair": "yes"
      },
      "geometry": {
        "type": "Point",
        "coordinates": [
          18.3848732,
          49.8297516
        ]
      },
      "id": "node/2406027689"
    },
    {
      "type": "Feature",
      "properties": {
        "@id": "node/2406089117",
        "amenity": "fuel",
        "fuel:diesel": "yes",
        "fuel:octane_95": "yes",
        "fuel:octane_98": "yes",
        "name": "Eurobit, Havířov",
        "opening_hours": "05:00-22:00",
        "operator": "EUROBIT - čerpací stanice s.r.o.",
        "operator:wikidata": "Q58205881",
        "website": "https://www.eurobit.cz/"
      },
      "geometry": {
        "type": "Point",
        "coordinates": [
          18.4131623,
          49.7877259
        ]
      },
      "id": "node/2406089117"
    },
    {
      "type": "Feature",
      "properties": {
        "@id": "node/2406089196",
        "amenity": "fuel",
        "branch": "Havířov",
        "brand": "Orlen",
        "brand:wikidata": "Q971649",
        "compressed_air": "yes",
        "contact:facebook": "https://www.facebook.com/orlencz",
        "fuel:GTL_diesel": "yes",
        "fuel:adblue": "yes",
        "fuel:diesel": "yes",
        "fuel:octane_100": "yes",
        "fuel:octane_95": "yes",
        "internet_access": "wlan",
        "internet_access:fee": "customers",
        "name": "Orlen",
        "opening_hours": "24/7",
        "operator": "Orlen Unipetrol RPA s.r.o. - Benzina, odštěpný závod",
        "toilets": "yes",
        "website": "https://www.orlen.cz/",
        "wheelchair": "yes"
      },
      "geometry": {
        "type": "Point",
        "coordinates": [
          18.4107931,
          49.790286
        ]
      },
      "id": "node/2406089196"
    },
    {
      "type": "Feature",
      "properties": {
        "@id": "node/2408668421",
        "amenity": "fuel",
        "compressed_air": "yes",
        "email": "cs.sosnova@zaris.cz",
        "fuel:diesel": "yes",
        "fuel:octane_95": "yes",
        "fuel:octane_98": "yes",
        "internet_access": "wlan",
        "internet_access:fee": "no",
        "name": "Zaris Sosnová",
        "opening_hours": "Mo-Fr 06:00-20:00; Sa-Su 7:00-20:00",
        "operator": "Zaris s.r.o.",
        "website": "https://www.zaris.cz/sosnova"
      },
      "geometry": {
        "type": "Point",
        "coordinates": [
          14.534383,
          50.6527819
        ]
      },
      "id": "node/2408668421"
    },
    {
      "type": "Feature",
      "properties": {
        "@id": "node/2410571495",
        "addr:city": "Břest",
        "addr:housenumber": "38",
        "addr:place": "Břest",
        "addr:postcode": "76823",
        "amenity": "fuel",
        "brand": "ONO",
        "compressed_air": "yes",
        "contact:email": "brest@tank-ono.cz",
        "contact:fax": "+420 577 019 329",
        "contact:phone": "+420 702 005 238;+420 577 012 240",
        "contact:website": "http://tank-ono.cz/cz/index.php?page=pumpcard&pump=38",
        "fuel:GTL_diesel": "yes",
        "fuel:HGV_diesel": "yes",
        "fuel:diesel": "yes",
        "fuel:octane_95": "yes",
        "fuel:octane_98": "yes",
        "name": "Tank ONO - ČS Břest",
        "opening_hours": "24/7",
        "operator": "Tank ONO s.r.o.",
        "payment:american_express": "yes",
        "payment:cash:CZK": "yes",
        "payment:cash:EUR": "yes",
        "payment:ccs": "yes",
        "payment:dkv": "yes",
        "payment:mastercard": "yes",
        "payment:uta": "yes",
        "payment:visa": "yes",
        "shop": "kiosk"
      },
      "geometry": {
        "type": "Point",
        "coordinates": [
          17.4469384,
          49.3478177
        ]
      },
      "id": "node/2410571495"
    },
    {
      "type": "Feature",
      "properties": {
        "@id": "node/2414633822",
        "addr:housenumber": "291",
        "addr:postcode": "28401",
        "addr:street": "Nové Dvory",
        "amenity": "fuel",
        "brand": "Shell",
        "brand:wikidata": "Q110716465",
        "brand:wikipedia": "en:Royal Dutch Shell",
        "email": "smartklub.cz@shell.com",
        "fuel:HGV_diesel": "yes",
        "fuel:diesel": "yes",
        "fuel:lpg": "yes",
        "fuel:octane_100": "yes",
        "fuel:octane_95": "yes",
        "name": "Shell",
        "opening_hours": "24/7",
        "operator": "Shell Czech Republic a.s.",
        "phone": "+420 327 524 016",
        "website": "https://find.shell.com/cz/fuel/10051647-8147_kutna_hora/cz_CZ"
      },
      "geometry": {
        "type": "Point",
        "coordinates": [
          15.3093761,
          49.9699356
        ]
      },
      "id": "node/2414633822"
    },
    {
      "type": "Feature",
      "properties": {
        "@id": "node/2422452650",
        "amenity": "fuel",
        "branch": "Třeboň",
        "brand": "Orlen",
        "brand:wikidata": "Q971649",
        "compressed_air": "yes",
        "contact:facebook": "https://www.facebook.com/orlencz",
        "fuel:GTL_diesel": "yes",
        "fuel:diesel": "yes",
        "fuel:octane_100": "yes",
        "fuel:octane_95": "yes",
        "internet_access": "wlan",
        "internet_access:fee": "customers",
        "name": "Orlen",
        "opening_hours": "Mo-Su 05:00-23:00",
        "operator": "Orlen Unipetrol RPA s.r.o. - Benzina, odštěpný závod",
        "toilets": "yes",
        "website": "https://www.orlen.cz/",
        "wheelchair": "yes"
      },
      "geometry": {
        "type": "Point",
        "coordinates": [
          14.7881286,
          49.0121088
        ]
      },
      "id": "node/2422452650"
    },
    {
      "type": "Feature",
      "properties": {
        "@id": "node/2423841163",
        "amenity": "fuel",
        "brand": "KM - PRONA",
        "email": "tisa@km-prona.cz",
        "fuel:diesel": "yes",
        "fuel:octane_95": "yes",
        "fuel:octane_98": "yes",
        "internet_access": "wlan",
        "name": "KM-Prona, Tisá",
        "opening_hours": "08:00-20:00",
        "operator": "KM - PRONA, a.s.",
        "phone": "+420 602 228 895",
        "website": "https://km-prona.cz/cerpaci-stanice/seznam-stanic/40-tisa"
      },
      "geometry": {
        "type": "Point",
        "coordinates": [
          14.0148302,
          50.7856682
        ]
      },
      "id": "node/2423841163"
    },
    {
      "type": "Feature",
      "properties": {
        "@id": "node/2431422567",
        "amenity": "fuel",
        "branch": "České Velenice",
        "brand": "Orlen",
        "brand:wikidata": "Q971649",
        "compressed_air": "yes",
        "contact:facebook": "https://www.facebook.com/orlencz",
        "fuel:GTL_diesel": "yes",
        "fuel:adblue:canister": "yes",
        "fuel:diesel": "yes",
        "fuel:octane_100": "yes",
        "fuel:octane_95": "yes",
        "internet_access": "wlan",
        "internet_access:fee": "customers",
        "name": "Orlen",
        "opening_hours": "Mo-Su 05:00-22:00",
        "operator": "Orlen Unipetrol RPA s.r.o. - Benzina, odštěpný závod",
        "source": "survey",
        "toilets": "yes",
        "website": "https://www.orlen.cz/",
        "wheelchair": "yes"
      },
      "geometry": {
        "type": "Point",
        "coordinates": [
          14.9578201,
          48.7705916
        ]
      },
      "id": "node/2431422567"
    },
    {
      "type": "Feature",
      "properties": {
        "@id": "node/2438190589",
        "amenity": "fuel",
        "branch": "Kaplice, Českobudějovická",
        "brand": "MOL",
        "brand:facebook": "molcesko",
        "brand:instagram": "mol_cesko",
        "brand:website": "https://molcesko.cz/cz",
        "brand:wikidata": "Q549181",
        "brand:wikipedia": "cs:MOL (holding)",
        "compressed_air": "yes",
        "fuel:HGV_diesel": "yes",
        "fuel:diesel": "yes",
        "fuel:octane_100": "yes",
        "fuel:octane_95": "yes",
        "internet_access": "wlan",
        "internet_access:fee": "customers",
        "name": "MOL",
        "opening_hours": "24/7",
        "operator": "MOL Česká republika",
        "payment:american_express": "yes",
        "payment:cash": "yes",
        "payment:ccs": "yes",
        "payment:dkv": "yes",
        "payment:e100": "yes",
        "payment:eurooil": "yes",
        "payment:ina": "yes",
        "payment:maestro": "yes",
        "payment:mastercard": "yes",
        "payment:mol": "yes",
        "payment:slovnaft": "yes",
        "payment:uta": "yes",
        "payment:v_pay": "yes",
        "payment:visa": "yes",
        "toilets": "yes",
        "wheelchair": "yes"
      },
      "geometry": {
        "type": "Point",
        "coordinates": [
          14.4839092,
          48.7498281
        ]
      },
      "id": "node/2438190589"
    },
    {
      "type": "Feature",
      "properties": {
        "@id": "node/2441094512",
        "amenity": "fuel",
        "brand": "Orlen",
        "brand:wikidata": "Q971649",
        "fuel:diesel": "yes",
        "fuel:octane_100": "yes",
        "fuel:octane_95": "yes",
        "name": "Benzina Studénka",
        "opening_hours": "06:00-21:00",
        "website": "https://www.orlen.cz/"
      },
      "geometry": {
        "type": "Point",
        "coordinates": [
          18.0485001,
          49.7075429
        ]
      },
      "id": "node/2441094512"
    },
    {
      "type": "Feature",
      "properties": {
        "@id": "node/2451381908",
        "amenity": "fuel",
        "brand": "Orlen",
        "brand:wikidata": "Q971649",
        "compressed_air": "yes",
        "contact:facebook": "https://www.facebook.com/orlencz",
        "fuel:GTL_diesel": "yes",
        "fuel:diesel": "yes",
        "fuel:octane_100": "yes",
        "fuel:octane_95": "yes",
        "internet_access": "wlan",
        "internet_access:fee": "customers",
        "name": "Orlen",
        "opening_hours": "Mo-Su 05:00-21:00",
        "operator": "Orlen Unipetrol RPA s.r.o. - Benzina, odštěpný závod",
        "toilets": "yes",
        "website": "https://www.orlen.cz/",
        "wheelchair": "yes"
      },
      "geometry": {
        "type": "Point",
        "coordinates": [
          17.037239,
          50.0268861
        ]
      },
      "id": "node/2451381908"
    },
    {
      "type": "Feature",
      "properties": {
        "@id": "node/2453476017",
        "amenity": "fuel",
        "branch": "Krásná Lípa",
        "brand": "Orlen",
        "brand:wikidata": "Q971649",
        "compressed_air": "yes",
        "contact:facebook": "https://www.facebook.com/orlencz",
        "fuel:GTL_diesel": "yes",
        "fuel:adblue:canister": "yes",
        "fuel:diesel": "yes",
        "fuel:octane_100": "yes",
        "fuel:octane_95": "yes",
        "internet_access": "wlan",
        "internet_access:fee": "customers",
        "name": "Orlen",
        "opening_hours": "Mo-Su 06:00-20:00",
        "operator": "Orlen Unipetrol RPA s.r.o. - Benzina, odštěpný závod",
        "phone": "+420412383702",
        "toilets": "yes",
        "website": "https://www.orlen.cz/",
        "wheelchair": "yes"
      },
      "geometry": {
        "type": "Point",
        "coordinates": [
          14.5118546,
          50.9045232
        ]
      },
      "id": "node/2453476017"
    },
    {
      "type": "Feature",
      "properties": {
        "@id": "node/2462186404",
        "addr:city": "Havířov",
        "addr:postcode": "73564",
        "addr:street": "Dělnická",
        "amenity": "fuel",
        "fuel:adblue": "yes",
        "fuel:diesel": "yes",
        "fuel:lpg": "yes",
        "fuel:octane_100": "yes",
        "fuel:octane_95": "yes",
        "name": "W8",
        "opening_hours": "24/7",
        "operator": "W8 s.r.o.",
        "self_service": "yes",
        "website": "https://www.w8sro.cz/cerpaci-stanice/havirov"
      },
      "geometry": {
        "type": "Point",
        "coordinates": [
          18.4553908,
          49.7999922
        ]
      },
      "id": "node/2462186404"
    },
    {
      "type": "Feature",
      "properties": {
        "@id": "node/2468945409",
        "amenity": "fuel",
        "brand": "Tank ONO",
        "brand:wikidata": "Q2392813",
        "fuel:GTL_diesel": "yes",
        "fuel:HGV_diesel": "yes",
        "fuel:adblue": "yes",
        "fuel:diesel": "yes",
        "fuel:lpg": "yes",
        "fuel:octane_95": "yes",
        "fuel:octane_98": "yes",
        "name": "ONO - Nýřany",
        "opening_hours": "24/7",
        "operator": "Tank ONO s.r.o.",
        "payment:american_express": "yes",
        "payment:cash": "yes",
        "payment:ccs": "yes",
        "payment:dkv": "yes",
        "payment:maestro": "yes",
        "payment:mastercard": "yes",
        "payment:uta": "yes",
        "payment:visa": "yes",
        "shop": "yes",
        "shower": "yes",
        "toilets": "yes",
        "website": "https://www.tank-ono.cz/",
        "wheelchair": "yes"
      },
      "geometry": {
        "type": "Point",
        "coordinates": [
          13.1832707,
          49.7139916
        ]
      },
      "id": "node/2468945409"
    },
    {
      "type": "Feature",
      "properties": {
        "@id": "node/2511333242",
        "amenity": "fuel",
        "branch": "Frýdlant nad Ostravicí, směr Frýdek-Místek",
        "brand": "Orlen",
        "brand:wikidata": "Q971649",
        "compressed_air": "yes",
        "contact:facebook": "https://www.facebook.com/orlencz",
        "fuel:GTL_diesel": "yes",
        "fuel:diesel": "yes",
        "fuel:octane_100": "yes",
        "fuel:octane_95": "yes",
        "internet_access": "wlan",
        "internet_access:fee": "customers",
        "name": "Orlen",
        "opening_hours": "Mo-Su 06:00-20:00",
        "operator": "Orlen Unipetrol RPA s.r.o. - Benzina, odštěpný závod",
        "toilets": "yes",
        "website": "https://www.orlen.cz/",
        "wheelchair": "yes"
      },
      "geometry": {
        "type": "Point",
        "coordinates": [
          18.3526486,
          49.5796808
        ]
      },
      "id": "node/2511333242"
    },
    {
      "type": "Feature",
      "properties": {
        "@id": "node/2511333257",
        "amenity": "fuel",
        "branch": "Frýdlant nad Ostravicí, směr Ostravice",
        "brand": "Orlen",
        "brand:wikidata": "Q971649",
        "compressed_air": "yes",
        "contact:facebook": "https://www.facebook.com/orlencz",
        "fuel:GTL_diesel": "yes",
        "fuel:diesel": "yes",
        "fuel:octane_100": "yes",
        "fuel:octane_95": "yes",
        "internet_access": "wlan",
        "internet_access:fee": "customers",
        "name": "Orlen",
        "opening_hours": "Mo-Su 06:00-20:00",
        "operator": "Orlen Unipetrol RPA s.r.o. - Benzina, odštěpný závod",
        "toilets": "yes",
        "website": "https://www.orlen.cz/",
        "wheelchair": "yes"
      },
      "geometry": {
        "type": "Point",
        "coordinates": [
          18.3520357,
          49.5793384
        ]
      },
      "id": "node/2511333257"
    },
    {
      "type": "Feature",
      "properties": {
        "@id": "node/2536298135",
        "amenity": "fuel",
        "branch": "Obilná, D6",
        "brand": "Orlen",
        "brand:wikidata": "Q971649",
        "compressed_air": "yes",
        "contact:facebook": "https://www.facebook.com/orlencz",
        "fuel:GTL_diesel": "yes",
        "fuel:diesel": "yes",
        "fuel:octane_100": "yes",
        "fuel:octane_95": "yes",
        "internet_access": "wlan",
        "internet_access:fee": "customers",
        "name": "Orlen",
        "opening_hours": "24/7",
        "operator": "Orlen Unipetrol RPA s.r.o. - Benzina, odštěpný závod",
        "ref:ruian:addr": "26494639",
        "shower": "yes",
        "toilets": "yes",
        "website": "https://www.orlen.cz/",
        "wheelchair": "yes"
      },
      "geometry": {
        "type": "Point",
        "coordinates": [
          12.463463,
          50.0922881
        ]
      },
      "id": "node/2536298135"
    },
    {
      "type": "Feature",
      "properties": {
        "@id": "node/2569634682",
        "amenity": "fuel",
        "brand": "KM-Prona",
        "brand:wikidata": "Q92342984",
        "email": "vlasim@km-prona.cz",
        "fuel:diesel": "yes",
        "fuel:e85": "yes",
        "fuel:lpg": "yes",
        "fuel:octane_95": "yes",
        "fuel:octane_98": "yes",
        "internet_access": "wlan",
        "name": "KM-Prona, Vlašim",
        "opening_hours": "24/7",
        "operator": "KM - PRONA, a.s.",
        "phone": "+420 608 806 664",
        "website": "https://km-prona.cz/cerpaci-stanice/seznam-stanic/29-vlasim"
      },
      "geometry": {
        "type": "Point",
        "coordinates": [
          14.9054441,
          49.698863
        ]
      },
      "id": "node/2569634682"
    },
    {
      "type": "Feature",
      "properties": {
        "@id": "node/2569992125",
        "amenity": "fuel",
        "branch": "Přimda",
        "brand": "Orlen",
        "brand:wikidata": "Q971649",
        "compressed_air": "yes",
        "contact:facebook": "https://www.facebook.com/orlencz",
        "fuel:GTL_diesel": "yes",
        "fuel:adblue": "yes",
        "fuel:diesel": "yes",
        "fuel:octane_100": "yes",
        "fuel:octane_95": "yes",
        "internet_access": "wlan",
        "internet_access:fee": "customers",
        "name": "Orlen",
        "opening_hours": "Mo-Su 05:00-22:00",
        "operator": "Orlen Unipetrol RPA s.r.o. - Benzina, odštěpný závod",
        "phone": "+420 374 796 432",
        "toilets": "yes",
        "website": "https://www.orlen.cz/",
        "wheelchair": "yes"
      },
      "geometry": {
        "type": "Point",
        "coordinates": [
          12.6742797,
          49.6748992
        ]
      },
      "id": "node/2569992125"
    },
    {
      "type": "Feature",
      "properties": {
        "@id": "node/2608060998",
        "amenity": "fuel",
        "brand": "Shell",
        "brand:wikidata": "Q110716465",
        "fuel:HGV_diesel": "yes",
        "fuel:diesel": "yes",
        "fuel:lng": "yes",
        "fuel:octane_100": "yes",
        "fuel:octane_95": "yes",
        "name": "Shell",
        "opening_hours": "24/7",
        "operator": "Shell Czech Republic a.s.",
        "website": "https://find.shell.com/cz/fuel/12264820-8157-dobsice/cz_CZ",
        "wheelchair": "yes"
      },
      "geometry": {
        "type": "Point",
        "coordinates": [
          15.2814347,
          50.1212036
        ]
      },
      "id": "node/2608060998"
    },
    {
      "type": "Feature",
      "properties": {
        "@id": "node/2611543282",
        "amenity": "fuel",
        "brand": "MOL",
        "brand:wikidata": "Q549181",
        "brand:wikipedia": "cs:MOL (holding)",
        "compressed_air": "yes",
        "fuel:adblue": "yes",
        "fuel:diesel": "yes",
        "fuel:octane_95": "yes",
        "fuel:octane_98": "yes",
        "name": "MOL, Olomouc - Přerovská",
        "opening_hours": "05:00-22:00",
        "operator": "MOL Česká republika, s.r.o.",
        "website": "https://molcesko.cz/"
      },
      "geometry": {
        "type": "Point",
        "coordinates": [
          17.2989246,
          49.5740896
        ]
      },
      "id": "node/2611543282"
    },
    {
      "type": "Feature",
      "properties": {
        "@id": "node/2663019175",
        "amenity": "fuel",
        "brand": "Benzina",
        "brand:wikidata": "Q11130894",
        "brand:wikipedia": "cs:Benzina",
        "fuel:adblue": "yes",
        "fuel:diesel": "yes",
        "fuel:octane_100": "yes",
        "fuel:octane_95": "yes",
        "name": "Benzina",
        "opening_hours": "05:00-22:00",
        "operator": "ORLEN UNIPETROL RPA, s.r.o. BENZINA"
      },
      "geometry": {
        "type": "Point",
        "coordinates": [
          13.4884281,
          49.9904214
        ]
      },
      "id": "node/2663019175"
    },
    {
      "type": "Feature",
      "properties": {
        "@id": "node/2689742181",
        "amenity": "fuel",
        "brand": "MOL",
        "brand:wikidata": "Q549181",
        "brand:wikipedia": "en:MOL (company)",
        "fuel:cng": "yes",
        "fuel:diesel": "yes",
        "fuel:lpg": "yes",
        "fuel:octane_100": "yes",
        "fuel:octane_95": "yes",
        "name": "MOL, Přerov - Lipnická",
        "opening_hours": "05:00-22:00",
        "operator": "MOL Česká republika, s.r.o.",
        "website": "https://molcesko.cz/"
      },
      "geometry": {
        "type": "Point",
        "coordinates": [
          17.4424096,
          49.4634209
        ]
      },
      "id": "node/2689742181"
    },
    {
      "type": "Feature",
      "properties": {
        "@id": "node/2704091527",
        "amenity": "fuel",
        "branch": "Jindřichův Hradec",
        "brand": "Tank Ono",
        "brand:website": "https://tank-ono.cz",
        "brand:wikidata": "Q2392813",
        "compressed_air": "yes",
        "email": "hradec@tank-ono.cz",
        "fax": "+420 384 321 338",
        "fuel:HGV_diesel": "yes",
        "fuel:adblue": "yes",
        "fuel:biodiesel": "yes",
        "fuel:diesel": "yes",
        "fuel:lpg": "yes",
        "fuel:octane_95": "yes",
        "fuel:octane_98": "yes",
        "name": "Tank Ono",
        "opening_hours": "24/7",
        "operator": "Tank Ono",
        "payment:american_express": "yes",
        "payment:cash": "yes",
        "payment:ccs": "yes",
        "payment:dkv": "yes",
        "payment:mastercard": "yes",
        "payment:uta": "yes",
        "payment:visa": "yes",
        "phone": "+420 724 305 484",
        "source": "survey",
        "toilets": "yes",
        "wheelchair": "yes"
      },
      "geometry": {
        "type": "Point",
        "coordinates": [
          15.0123568,
          49.1347621
        ]
      },
      "id": "node/2704091527"
    },
    {
      "type": "Feature",
      "properties": {
        "@id": "node/2704707216",
        "amenity": "fuel",
        "brand": "OMV",
        "fuel:HGV_diesel": "yes",
        "fuel:diesel": "yes",
        "fuel:lpg": "yes",
        "fuel:octane_100": "yes",
        "fuel:octane_95": "yes",
        "name": "OMV Teplice",
        "opening_hours": "24/7",
        "operator": "OMV Česká republika, s.r.o.",
        "shop": "yes",
        "toilets": "yes",
        "wheelchair": "yes"
      },
      "geometry": {
        "type": "Point",
        "coordinates": [
          13.8354607,
          50.6321048
        ]
      },
      "id": "node/2704707216"
    },
    {
      "type": "Feature",
      "properties": {
        "@id": "node/2705268639",
        "amenity": "fuel",
        "brand": "Tank ONO",
        "brand:wikidata": "Q2392813",
        "email": "havran@tank-ono.cz",
        "fax": "+420 476 100 329",
        "fuel:HGV_diesel": "yes",
        "fuel:diesel": "yes",
        "fuel:octane_95": "yes",
        "fuel:octane_98": "yes",
        "name": "ONO - Havraň",
        "opening_hours": "24/7",
        "operator": "Tank ONO s.r.o.",
        "payment:cash": "yes",
        "payment:ccs": "yes",
        "payment:dkv": "yes",
        "payment:maestro": "yes",
        "payment:mastercard": "yes",
        "payment:uta": "yes",
        "payment:visa": "yes",
        "phone": "+420 602 674 332",
        "shop": "yes",
        "toilets": "yes",
        "website": "https://www.tank-ono.cz/"
      },
      "geometry": {
        "type": "Point",
        "coordinates": [
          13.5980506,
          50.4497074
        ]
      },
      "id": "node/2705268639"
    },
    {
      "type": "Feature",
      "properties": {
        "@id": "node/2705268640",
        "amenity": "fuel",
        "brand": "Tank ONO",
        "brand:wikidata": "Q2392813",
        "email": "chlumec@tank-ono.cz",
        "fax": "+420 475 224 157",
        "fuel:GTL_diesel": "yes",
        "fuel:HGV_diesel": "yes",
        "fuel:adblue": "yes",
        "fuel:diesel": "yes",
        "fuel:octane_95": "yes",
        "fuel:octane_98": "yes",
        "name": "ONO - Chlumec",
        "opening_hours": "24/7",
        "operator": "Tank ONO s.r.o.",
        "payment:cash": "yes",
        "payment:ccs": "yes",
        "payment:dkv": "yes",
        "payment:maestro": "yes",
        "payment:mastercard": "yes",
        "payment:uta": "yes",
        "payment:visa": "yes",
        "phone": "+420 724 129 789",
        "shop": "yes",
        "toilets": "yes",
        "website": "https://www.tank-ono.cz/",
        "wheelchair": "yes"
      },
      "geometry": {
        "type": "Point",
        "coordinates": [
          13.9405546,
          50.6942573
        ]
      },
      "id": "node/2705268640"
    },
    {
      "type": "Feature",
      "properties": {
        "@id": "node/2705275505",
        "amenity": "fuel",
        "brand": "Tank ONO",
        "brand:wikidata": "Q2392813",
        "email": "chomutov@tank-ono.cz",
        "fax": "+420 474 345 933",
        "fuel:GTL_diesel": "yes",
        "fuel:HGV_diesel": "yes",
        "fuel:adblue": "yes",
        "fuel:diesel": "yes",
        "fuel:lpg": "yes",
        "fuel:octane_95": "yes",
        "fuel:octane_98": "yes",
        "name": "ONO - Chomutov - Přečaply",
        "opening_hours": "24/7",
        "operator": "Tank ONO s.r.o.",
        "payment:cash": "yes",
        "payment:ccs": "yes",
        "payment:dkv": "yes",
        "payment:maestro": "yes",
        "payment:mastercard": "yes",
        "payment:uta": "yes",
        "payment:visa": "yes",
        "phone": "+420 601 557 279",
        "shop": "yes",
        "toilets": "yes",
        "website": "https://www.tank-ono.cz/",
        "wheelchair": "yes"
      },
      "geometry": {
        "type": "Point",
        "coordinates": [
          13.4706963,
          50.4237557
        ]
      },
      "id": "node/2705275505"
    },
    {
      "type": "Feature",
      "properties": {
        "@id": "node/2705286263",
        "amenity": "fuel",
        "brand": "Tank ONO",
        "brand:wikidata": "Q2392813",
        "email": "domazlicka@tank-ono.cz",
        "fax": "+420 377 384 070",
        "fuel:HGV_diesel": "yes",
        "fuel:adblue": "yes",
        "fuel:diesel": "yes",
        "fuel:octane_95": "yes",
        "fuel:octane_98": "yes",
        "name": "ONO - Plzeň, Domažlická",
        "opening_hours": "24/7",
        "operator": "Tank ONO s.r.o.",
        "payment:american_express": "yes",
        "payment:cash": "yes",
        "payment:ccs": "yes",
        "payment:dkv": "yes",
        "payment:maestro": "yes",
        "payment:mastercard": "yes",
        "payment:uta": "yes",
        "payment:visa": "yes",
        "phone": "+420 602 659 096",
        "ref:CZ:evcs": "04491180",
        "ref:zabaged": "4199666954534912",
        "shop": "yes",
        "toilets": "yes",
        "website": "https://www.tank-ono.cz/",
        "wheelchair": "yes"
      },
      "geometry": {
        "type": "Point",
        "coordinates": [
          13.3308719,
          49.7365924
        ]
      },
      "id": "node/2705286263"
    },
    {
      "type": "Feature",
      "properties": {
        "@id": "node/2705286264",
        "addr:city": "Sokolov",
        "addr:conscriptionnumber": "2254",
        "addr:country": "CZ",
        "addr:housenumber": "2254",
        "addr:postcode": "35601",
        "addr:street": "Stará Březovská",
        "amenity": "fuel",
        "brand": "Tank ONO",
        "brand:wikidata": "Q2392813",
        "contact:email": "sokolov@tank-ono.cz",
        "contact:fax": "+420 352 627501",
        "contact:phone": "+420 724 300593",
        "contact:website": "https://www.tank-ono.cz/cz/index.php?page=pumpcard&pump=4",
        "description": "ONO - Sokolov",
        "fuel:HGV_diesel": "yes",
        "fuel:adblue": "yes",
        "fuel:diesel": "yes",
        "fuel:octane_95": "yes",
        "fuel:octane_98": "yes",
        "name": "ONO",
        "opening_hours": "24/7",
        "operator": "Tank ONO s.r.o.",
        "payment:cash": "yes",
        "payment:ccs": "yes",
        "payment:dkv": "yes",
        "payment:maestro": "yes",
        "payment:mastercard": "yes",
        "payment:uta": "yes",
        "payment:visa": "yes",
        "ref:ruian:addr": "41828062",
        "shop": "yes",
        "shower": "yes",
        "source:addr": "cuzk:ruian",
        "toilets": "yes",
        "wheelchair": "yes"
      },
      "geometry": {
        "type": "Point",
        "coordinates": [
          12.6644314,
          50.1668185
        ]
      },
      "id": "node/2705286264"
    },
    {
      "type": "Feature",
      "properties": {
        "@id": "node/2706668355",
        "amenity": "fuel",
        "brand": "MOL",
        "brand:wikidata": "Q549181",
        "brand:wikipedia": "en:MOL (company)",
        "fuel:diesel": "yes",
        "fuel:octane_95": "yes",
        "fuel:octane_98": "yes",
        "name": "MOL, Ústí nad Labem, Revoluční",
        "opening_hours": "24/7",
        "operator": "MOL Česká republika, s.r.o.",
        "website": "https://molcesko.cz/",
        "wheelchair": "yes"
      },
      "geometry": {
        "type": "Point",
        "coordinates": [
          14.0326538,
          50.6590647
        ]
      },
      "id": "node/2706668355"
    },
    {
      "type": "Feature",
      "properties": {
        "@id": "node/2708787717",
        "addr:conscriptionnumber": "296",
        "addr:housenumber": "296",
        "addr:place": "Cínovec",
        "addr:postcode": "41501",
        "amenity": "fuel",
        "brand": "MOL",
        "brand:wikidata": "Q549181",
        "brand:wikipedia": "cs:MOL (holding)",
        "fuel:diesel": "yes",
        "fuel:octane_95": "yes",
        "fuel:octane_98": "yes",
        "name": "MOL, Cínovec",
        "opening_hours": "06:00-22:00",
        "operator": "MOL Česká republika, s.r.o.",
        "ref:ruian:addr": "28313607",
        "shop": "yes",
        "website": "https://molcesko.cz/",
        "wheelchair": "yes"
      },
      "geometry": {
        "type": "Point",
        "coordinates": [
          13.7620871,
          50.7319783
        ]
      },
      "id": "node/2708787717"
    },
    {
      "type": "Feature",
      "properties": {
        "@id": "node/2708787726",
        "amenity": "fuel",
        "email": "moldava@f1gas.cz",
        "fuel:HGV_diesel": "yes",
        "fuel:diesel": "yes",
        "fuel:octane_91": "yes",
        "fuel:octane_95": "yes",
        "fuel:octane_98": "yes",
        "name": "Fill",
        "opening_hours": "24/7",
        "operator": "Top Tank s.r.o.",
        "phone": "+420 417 878 081",
        "shop": "yes",
        "toilets": "yes",
        "website": "https://www.f1gas.cz/",
        "wheelchair": "yes"
      },
      "geometry": {
        "type": "Point",
        "coordinates": [
          13.6869709,
          50.7188431
        ]
      },
      "id": "node/2708787726"
    },
    {
      "type": "Feature",
      "properties": {
        "@id": "node/2708787730",
        "amenity": "fuel",
        "brand": "Orlen",
        "brand:facebook": "https://www.facebook.com/orlencz",
        "brand:website": "https://www.orlen.cz",
        "brand:wikidata": "Q971649",
        "brand:wikipedia": "cs:Orlen",
        "compressed_air": "yes",
        "fuel:adblue:canister": "yes",
        "fuel:diesel": "yes",
        "fuel:octane_100": "yes",
        "fuel:octane_95": "yes",
        "internet_access": "wlan",
        "internet_access:fee": "customers",
        "name": "Orlen",
        "opening_hours": "24/7",
        "operator": "Orlen Unipetrol RPA s.r.o. - Benzina, odštěpný závod",
        "toilets": "yes",
        "wheelchair": "yes"
      },
      "geometry": {
        "type": "Point",
        "coordinates": [
          13.7940638,
          50.6701529
        ]
      },
      "id": "node/2708787730"
    },
    {
      "type": "Feature",
      "properties": {
        "@id": "node/2708787747",
        "amenity": "fuel",
        "brand": "F1",
        "description:de": "ehemals OMV",
        "email": "cinovec@f1gas.cz",
        "facebook": "https://www.facebook.com/pg/free1gas/posts/",
        "fuel:HGV_diesel": "yes",
        "fuel:diesel": "yes",
        "fuel:octane_100": "yes",
        "fuel:octane_95": "yes",
        "name": "Free1 GAS Cínovec",
        "opening_hours": "off",
        "operator": "TOP TANK s.r.o.",
        "payment:cash": "yes",
        "payment:dkv": "yes",
        "payment:maestro": "yes",
        "payment:mastercard": "yes",
        "payment:uta": "yes",
        "payment:visa": "yes",
        "phone": "+420 471 888 066",
        "shop": "yes",
        "toilets": "yes",
        "website": "https://www.f1gas.eu/station/map-detail/11",
        "wheelchair": "yes"
      },
      "geometry": {
        "type": "Point",
        "coordinates": [
          13.7696344,
          50.7287392
        ]
      },
      "id": "node/2708787747"
    },
    {
      "type": "Feature",
      "properties": {
        "@id": "node/2712126009",
        "amenity": "fuel",
        "branch": "Vlašim",
        "brand": "Orlen",
        "brand:facebook": "orlencz",
        "brand:website": "https://www.orlen.cz",
        "brand:wikidata": "Q971649",
        "brand:wikipedia": "cs:Orlen",
        "compressed_air": "yes",
        "fuel:HGV_diesel": "yes",
        "fuel:adblue": "yes",
        "fuel:adblue:canister": "yes",
        "fuel:diesel": "yes",
        "fuel:octane_100": "yes",
        "fuel:octane_95": "yes",
        "fuel:octane_98": "yes",
        "internet_access": "wlan",
        "internet_access:fee": "customers",
        "name": "Orlen",
        "opening_hours": "Mo-Su 05:00-23:00",
        "operator": "Orlen Unipetrol RPA",
        "phone": "+420317845201",
        "toilets": "yes",
        "wheelchair": "yes"
      },
      "geometry": {
        "type": "Point",
        "coordinates": [
          14.9009479,
          49.704859
        ]
      },
      "id": "node/2712126009"
    },
    {
      "type": "Feature",
      "properties": {
        "@id": "node/2713918584",
        "amenity": "fuel",
        "brand": "Orlen",
        "brand:wikidata": "Q971649",
        "fuel:diesel": "yes",
        "fuel:lpg": "yes",
        "fuel:octane_100": "yes",
        "fuel:octane_95": "yes",
        "internet_access": "wlan",
        "internet_access:fee": "no",
        "name": "Orlen",
        "opening_hours": "24/7",
        "shop": "kiosk",
        "website": "https://www.orlen.cz/"
      },
      "geometry": {
        "type": "Point",
        "coordinates": [
          14.8095459,
          50.7876025
        ]
      },
      "id": "node/2713918584"
    },
    {
      "type": "Feature",
      "properties": {
        "@id": "node/2770030651",
        "amenity": "fuel",
        "brand": "Orlen",
        "brand:wikidata": "Q971649",
        "compressed_air": "yes",
        "contact:facebook": "https://www.facebook.com/orlencz",
        "fuel:GTL_diesel": "yes",
        "fuel:adblue": "yes",
        "fuel:diesel": "yes",
        "fuel:octane_100": "yes",
        "fuel:octane_95": "yes",
        "internet_access": "wlan",
        "internet_access:fee": "customers",
        "name": "Orlen",
        "opening_hours": "Mo-Su 05:00-22:00",
        "operator": "Orlen Unipetrol RPA s.r.o. - Benzina, odštěpný závod",
        "toilets": "yes",
        "website": "https://www.orlen.cz/",
        "wheelchair": "yes"
      },
      "geometry": {
        "type": "Point",
        "coordinates": [
          18.2886539,
          49.856481
        ]
      },
      "id": "node/2770030651"
    },
    {
      "type": "Feature",
      "properties": {
        "@id": "node/2780017681",
        "amenity": "fuel",
        "branch": "Klatovy, Plzeňská, směr Plzeň",
        "brand": "Orlen",
        "brand:facebook": "orlencz",
        "brand:website": "https://www.orlen.cz",
        "brand:wikidata": "Q971649",
        "brand:wikipedia": "cs:Orlen",
        "compressed_air": "yes",
        "fuel:HGV_diesel": "yes",
        "fuel:adblue": "yes",
        "fuel:diesel": "yes",
        "fuel:octane_100": "yes",
        "fuel:octane_95": "yes",
        "internet_access": "wlan",
        "internet_access:fee": "customers",
        "name": "Orlen",
        "opening_hours": "24/7",
        "operator": "Orlen Unipetrol RPA",
        "toilets": "yes",
        "wheelchair": "yes"
      },
      "geometry": {
        "type": "Point",
        "coordinates": [
          13.2942221,
          49.4086069
        ]
      },
      "id": "node/2780017681"
    },
    {
      "type": "Feature",
      "properties": {
        "@id": "node/2780017865",
        "amenity": "fuel",
        "branch": "Klatovy, Plzeňská, směr Klatovy",
        "brand": "Orlen",
        "brand:facebook": "orlencz",
        "brand:website": "https://www.orlen.cz",
        "brand:wikidata": "Q971649",
        "brand:wikipedia": "cs:Orlen",
        "compressed_air": "yes",
        "fuel:HGV_diesel": "yes",
        "fuel:adblue": "yes",
        "fuel:diesel": "yes",
        "fuel:octane_100": "yes",
        "fuel:octane_95": "yes",
        "internet_access": "wlan",
        "internet_access:fee": "customers",
        "name": "Orlen",
        "opening_hours": "Mo-Su 05:00-22:00",
        "operator": "Orlen Unipetrol RPA",
        "toilets": "yes",
        "wheelchair": "yes"
      },
      "geometry": {
        "type": "Point",
        "coordinates": [
          13.2935854,
          49.408405
        ]
      },
      "id": "node/2780017865"
    },
    {
      "type": "Feature",
      "properties": {
        "@id": "node/2782483994",
        "addr:city": "Chrudim",
        "addr:conscriptionnumber": "828",
        "addr:housenumber": "828",
        "addr:place": "Chrudim III",
        "addr:postcode": "53701",
        "addr:street": "Obce Ležáků",
        "amenity": "fuel",
        "brand": "Benzina",
        "brand:wikidata": "Q11130894",
        "fuel:adblue": "yes",
        "fuel:diesel": "yes",
        "fuel:octane_100": "yes",
        "fuel:octane_95": "yes",
        "name": "Benzina",
        "operator": "ORLEN UNIPETROL RPA, s.r.o. BENZINA, odštěpný závod",
        "ref:ruian:addr": "26552582"
      },
      "geometry": {
        "type": "Point",
        "coordinates": [
          15.7953931,
          49.9372033
        ]
      },
      "id": "node/2782483994"
    },
    {
      "type": "Feature",
      "properties": {
        "@id": "node/2792268837",
        "amenity": "fuel",
        "branch": "Třebíč, Pražská",
        "brand": "MOL",
        "brand:facebook": "molcesko",
        "brand:instagram": "mol_cesko",
        "brand:website": "https://molcesko.cz/cz",
        "brand:wikidata": "Q549181",
        "brand:wikipedia": "cs:MOL (holding)",
        "compressed_air": "yes",
        "fuel:HGV_diesel": "yes",
        "fuel:adblue": "yes",
        "fuel:biodiesel": "yes",
        "fuel:diesel": "yes",
        "fuel:octane_100": "yes",
        "fuel:octane_95": "yes",
        "fuel:octane_98": "yes",
        "internet_access": "wlan",
        "internet_access:fee": "customers",
        "name": "MOL",
        "opening_hours": "Mo-Su 05:00-22:00",
        "operator": "MOL Česká republika",
        "payment:american_express": "yes",
        "payment:cash": "yes",
        "payment:ccs": "yes",
        "payment:dkv": "yes",
        "payment:e100": "yes",
        "payment:eurooil": "yes",
        "payment:ina": "yes",
        "payment:maestro": "yes",
        "payment:mastercard": "yes",
        "payment:mol": "yes",
        "payment:slovnaft": "yes",
        "payment:uta": "yes",
        "payment:v_pay": "yes",
        "payment:visa": "yes",
        "toilets": "yes",
        "wheelchair": "yes"
      },
      "geometry": {
        "type": "Point",
        "coordinates": [
          15.8588671,
          49.2102178
        ]
      },
      "id": "node/2792268837"
    },
    {
      "type": "Feature",
      "properties": {
        "@id": "node/2821991440",
        "addr:city": "Praha 5",
        "addr:conscriptionnumber": "1136",
        "addr:housenumber": "1136/6",
        "addr:place": "Hlubočepy",
        "addr:postcode": "15200",
        "addr:street": "K Barrandovu",
        "addr:streetnumber": "6",
        "amenity": "fuel",
        "brand": "Benzina",
        "brand:wikidata": "Q11130894",
        "brand:wikipedia": "cs:Benzina",
        "fuel:adblue:canister": "yes",
        "fuel:diesel": "yes",
        "fuel:octane_100": "yes",
        "fuel:octane_95": "yes",
        "internet_access": "wlan",
        "internet_access:fee": "no",
        "name": "Benzina, Praha 5, K Barrandovu",
        "opening_hours": "24/7",
        "operator": "Unipetrol RPA, s.r.o. – Benzina",
        "website": "https://www.benzina.cz/"
      },
      "geometry": {
        "type": "Point",
        "coordinates": [
          14.3802259,
          50.030687
        ]
      },
      "id": "node/2821991440"
    },
    {
      "type": "Feature",
      "properties": {
        "@id": "node/2851731950",
        "addr:city": "Vražné",
        "addr:conscriptionnumber": "263",
        "addr:housenumber": "263",
        "addr:place": "Hynčice",
        "addr:postcode": "74235",
        "amenity": "fuel",
        "brand": "Shell",
        "brand:wikidata": "Q154950",
        "brand:wikipedia": "en:Royal Dutch Shell",
        "contact:phone": "+420734315990",
        "fuel:diesel": "yes",
        "fuel:octane_95": "yes",
        "fuel:octane_98": "yes",
        "name": "Shell",
        "opening_hours": "24/7",
        "ref": "8154",
        "ref:ruian:addr": "41443551"
      },
      "geometry": {
        "type": "Point",
        "coordinates": [
          17.8325675,
          49.6274342
        ]
      },
      "id": "node/2851731950"
    },
    {
      "type": "Feature",
      "properties": {
        "@id": "node/2879545643",
        "amenity": "fuel",
        "brand": "MOL",
        "brand:wikidata": "Q549181",
        "brand:wikipedia": "cs:MOL (holding)",
        "fuel:diesel": "yes",
        "fuel:octane_100": "yes",
        "fuel:octane_95": "yes",
        "name": "MOL, Stříbro",
        "opening_hours": "Mo-Fr 05:00-22:00; Sa,Su 06:00-22:00",
        "operator": "MOL Česká republika, s.r.o.",
        "website": "https://molcesko.cz/"
      },
      "geometry": {
        "type": "Point",
        "coordinates": [
          12.9990506,
          49.7515116
        ]
      },
      "id": "node/2879545643"
    },
    {
      "type": "Feature",
      "properties": {
        "@id": "node/2885706095",
        "amenity": "fuel",
        "brand": "MOL",
        "brand:wikidata": "Q549181",
        "brand:wikipedia": "cs:MOL (holding)",
        "fuel:HGV_diesel": "yes",
        "fuel:diesel": "yes",
        "fuel:octane_95": "yes",
        "fuel:octane_98": "yes",
        "name": "MOL Mimoň",
        "opening_hours": "06:00-20:00",
        "operator": "MOL Česká republika, s.r.o.",
        "toilets": "yes",
        "website": "https://molcesko.cz/",
        "wheelchair": "yes"
      },
      "geometry": {
        "type": "Point",
        "coordinates": [
          14.7395589,
          50.6451304
        ]
      },
      "id": "node/2885706095"
    },
    {
      "type": "Feature",
      "properties": {
        "@id": "node/2926236304",
        "amenity": "fuel",
        "branch": "Děčín, Litoměřická",
        "brand": "Orlen",
        "brand:facebook": "https://www.facebook.com/orlencz",
        "brand:website": "https://www.orlen.cz",
        "brand:wikidata": "Q971649",
        "brand:wikipedia": "cs:Benzina",
        "compressed_air": "yes",
        "fuel:adblue": "yes",
        "fuel:diesel": "yes",
        "fuel:octane_100": "yes",
        "fuel:octane_95": "yes",
        "internet_access": "wlan",
        "internet_access:fee": "customers",
        "name": "Orlen",
        "opening_hours": "24/7",
        "operator": "Orlen Unipetrol RPA s.r.o. - Benzina, odštěpný závod",
        "toilets": "yes",
        "wheelchair": "yes"
      },
      "geometry": {
        "type": "Point",
        "coordinates": [
          14.2134541,
          50.7750054
        ]
      },
      "id": "node/2926236304"
    },
    {
      "type": "Feature",
      "properties": {
        "@id": "node/2953934085",
        "amenity": "fuel",
        "brand": "KM - PRONA",
        "email": "most@km-prona.cz",
        "fuel:diesel": "yes",
        "fuel:octane_95": "yes",
        "fuel:octane_98": "yes",
        "internet_access": "wlan",
        "name": "KM-Prona, Most",
        "opening_hours": "06:00-21:00",
        "operator": "KM - PRONA, a.s.",
        "shop": "yes",
        "website": "https://km-prona.cz/seznam-stanic/52-most"
      },
      "geometry": {
        "type": "Point",
        "coordinates": [
          13.6615728,
          50.4989815
        ]
      },
      "id": "node/2953934085"
    },
    {
      "type": "Feature",
      "properties": {
        "@id": "node/2956396471",
        "amenity": "fuel",
        "brand": "MOL",
        "brand:wikidata": "Q549181",
        "brand:wikipedia": "cs:MOL (holding)",
        "fuel:diesel": "yes",
        "fuel:lpg": "yes",
        "fuel:octane_100": "yes",
        "fuel:octane_95": "yes",
        "name": "MOL, Mikulášov, D1 směr Praha",
        "opening_hours": "24/7",
        "operator": "MOL Česká republika, s.r.o.",
        "shop": "yes",
        "website": "https://molcesko.cz/"
      },
      "geometry": {
        "type": "Point",
        "coordinates": [
          15.4160256,
          49.5153171
        ]
      },
      "id": "node/2956396471"
    },
    {
      "type": "Feature",
      "properties": {
        "@id": "node/3068752119",
        "addr:city": "Jablonec nad Nisou",
        "addr:postcode": "46602",
        "addr:street": "Březová",
        "amenity": "fuel",
        "brand": "Orlen",
        "brand:wikidata": "Q971649",
        "fuel:adblue:canister": "yes",
        "fuel:diesel": "yes",
        "fuel:lpg": "yes",
        "fuel:octane_100": "yes",
        "fuel:octane_95": "yes",
        "internet_access": "wlan",
        "internet_access:fee": "no",
        "name": "Orlen",
        "opening_hours": "24/7",
        "phone": "+420483316372",
        "website": "https://www.orlen.cz/"
      },
      "geometry": {
        "type": "Point",
        "coordinates": [
          15.1836333,
          50.7340172
        ]
      },
      "id": "node/3068752119"
    },
    {
      "type": "Feature",
      "properties": {
        "@id": "node/3161301809",
        "addr:city": "Přerov",
        "addr:housenumber": "300",
        "addr:postcode": "75002",
        "addr:street": "Tovačovská",
        "amenity": "fuel",
        "brand": "Benzina",
        "brand:wikidata": "Q11130894",
        "fuel:adblue": "yes",
        "fuel:diesel": "yes",
        "fuel:octane_100": "yes",
        "fuel:octane_95": "yes",
        "internet_access": "wlan",
        "internet_access:fee": "no",
        "name": "Benzina",
        "opening_hours": "06:00-20:00",
        "operator": "Unipetrol RPA, s.r.o. – Benzina",
        "phone": "+420581210770",
        "website": "https://www.benzina.cz/"
      },
      "geometry": {
        "type": "Point",
        "coordinates": [
          17.433598,
          49.4451879
        ]
      },
      "id": "node/3161301809"
    },
    {
      "type": "Feature",
      "properties": {
        "@id": "node/3197384082",
        "amenity": "fuel",
        "brand": "KM-Prona",
        "brand:wikidata": "Q92342984",
        "compressed_air": "yes",
        "email": "hradec@km-prona.cz",
        "fuel:diesel": "yes",
        "fuel:octane_95": "yes",
        "fuel:octane_98": "yes",
        "internet_access": "wlan",
        "name": "KM-Prona, Hradec Králové",
        "opening_hours": "06:00-22:00",
        "operator": "KM - PRONA, a.s.",
        "website": "https://km-prona.cz/seznam-stanic/51-hradec"
      },
      "geometry": {
        "type": "Point",
        "coordinates": [
          15.8495922,
          50.2114169
        ]
      },
      "id": "node/3197384082"
    },
    {
      "type": "Feature",
      "properties": {
        "@id": "node/3203290853",
        "amenity": "fuel",
        "brand": "MOL",
        "brand:wikidata": "Q549181",
        "brand:wikipedia": "cs:MOL (holding)",
        "fuel:diesel": "yes",
        "fuel:octane_95": "yes",
        "fuel:octane_98": "yes",
        "name": "MOL, Kopřivnice",
        "opening_hours": "05:00-22:00",
        "operator": "MOL Česká republika, s.r.o.",
        "website": "https://molcesko.cz/"
      },
      "geometry": {
        "type": "Point",
        "coordinates": [
          18.1610429,
          49.6124351
        ]
      },
      "id": "node/3203290853"
    },
    {
      "type": "Feature",
      "properties": {
        "@id": "node/3239009416",
        "amenity": "fuel",
        "brand": "MOL",
        "brand:wikidata": "Q549181",
        "brand:wikipedia": "cs:MOL (holding)",
        "fuel:cng": "yes",
        "fuel:diesel": "yes",
        "fuel:lpg": "yes",
        "fuel:octane_100": "yes",
        "fuel:octane_95": "yes",
        "name": "MOL, Ostrava - Bohumínská",
        "opening_hours": "05:00-22:00",
        "operator": "MOL Česká republika, s.r.o.",
        "website": "https://molcesko.cz/"
      },
      "geometry": {
        "type": "Point",
        "coordinates": [
          18.2942847,
          49.8594951
        ]
      },
      "id": "node/3239009416"
    },
    {
      "type": "Feature",
      "properties": {
        "@id": "node/3241772184",
        "amenity": "fuel",
        "brand": "MOL",
        "brand:wikidata": "Q549181",
        "brand:wikipedia": "cs:MOL (holding)",
        "fuel:adblue": "yes",
        "fuel:diesel": "yes",
        "fuel:lpg": "yes",
        "fuel:octane_95": "yes",
        "fuel:octane_98": "yes",
        "name": "MOL, Liberec Londýnská",
        "opening_hours": "24/7",
        "operator": "MOL Česká republika, s.r.o.",
        "website": "https://molcesko.cz/"
      },
      "geometry": {
        "type": "Point",
        "coordinates": [
          15.0298021,
          50.7804873
        ]
      },
      "id": "node/3241772184"
    },
    {
      "type": "Feature",
      "properties": {
        "@id": "node/3261246973",
        "addr:city": "Babylon",
        "amenity": "fuel",
        "brand": "Tank Ono",
        "brand:wikidata": "Q2392813",
        "compressed_air": "yes",
        "email": "havlovice@tank-ono.cz",
        "fuel:GTL_diesel": "yes",
        "fuel:HGV_diesel": "yes",
        "fuel:adblue": "yes",
        "fuel:diesel": "yes",
        "fuel:octane_95": "yes",
        "fuel:octane_98": "yes",
        "name": "ONO - Havlovice u Domažlic",
        "opening_hours": "24/7",
        "operator": "Tank ONO s.r.o.",
        "payment:american_express": "yes",
        "payment:cash": "yes",
        "payment:ccs": "yes",
        "payment:dkv": "yes",
        "payment:maestro": "yes",
        "payment:mastercard": "yes",
        "payment:uta": "yes",
        "payment:visa": "yes",
        "phone": "+420 602 321 510",
        "toilets": "yes",
        "website": "https://www.tank-ono.cz/"
      },
      "geometry": {
        "type": "Point",
        "coordinates": [
          12.8742243,
          49.4185511
        ]
      },
      "id": "node/3261246973"
    },
    {
      "type": "Feature",
      "properties": {
        "@id": "node/3261638766",
        "amenity": "fuel",
        "branch": "Mošnov",
        "brand": "Tank Ono",
        "brand:website": "https://tank-ono.cz",
        "brand:wikidata": "Q2392813",
        "compressed_air": "yes",
        "email": "mosnov@tank-ono.cz",
        "fax": "+420 597 471 233",
        "fuel:HGV_diesel": "yes",
        "fuel:adblue": "yes",
        "fuel:diesel": "yes",
        "fuel:octane_95": "yes",
        "fuel:octane_98": "yes",
        "name": "Tank Ono",
        "opening_hours": "24/7",
        "operator": "Tank Ono",
        "phone": "+420 724 093 772",
        "toilets": "yes",
        "wheelchair": "yes"
      },
      "geometry": {
        "type": "Point",
        "coordinates": [
          18.1272299,
          49.6924495
        ]
      },
      "id": "node/3261638766"
    },
    {
      "type": "Feature",
      "properties": {
        "@id": "node/3261647326",
        "amenity": "fuel",
        "brand": "Tank Ono",
        "compressed_air": "yes",
        "email": "cvikov@tank-ono.cz",
        "fax": "+420 487 723 744",
        "fuel:GTL_diesel": "yes",
        "fuel:HGV_diesel": "yes",
        "fuel:biodiesel": "yes",
        "fuel:diesel": "yes",
        "fuel:e85": "yes",
        "fuel:octane_95": "yes",
        "fuel:octane_98": "yes",
        "name": "Tank Ono - ČS Cvikov",
        "opening_hours": "24/7",
        "operator": "Tank ONO s.r.o.",
        "phone": "+420 601 571 145",
        "shop": "yes",
        "website": "https://tank-ono.cz/"
      },
      "geometry": {
        "type": "Point",
        "coordinates": [
          14.6160852,
          50.783844
        ]
      },
      "id": "node/3261647326"
    },
    {
      "type": "Feature",
      "properties": {
        "@id": "node/3261723290",
        "amenity": "fuel",
        "brand": "Tank ONO",
        "brand:wikidata": "Q2392813",
        "email": "roudnice@tank-ono.cz",
        "fax": "+420 416 831 912",
        "fuel:diesel": "yes",
        "fuel:octane_95": "yes",
        "fuel:octane_98": "yes",
        "name": "Ono - Roudnice nad Labem",
        "opening_hours": "24/7",
        "operator": "Tank ONO, s.r.o.",
        "phone": "+420 727 974 028",
        "shop": "yes",
        "website": "https://tank-ono.cz/"
      },
      "geometry": {
        "type": "Point",
        "coordinates": [
          14.2392941,
          50.4256692
        ]
      },
      "id": "node/3261723290"
    },
    {
      "type": "Feature",
      "properties": {
        "@id": "node/3334248999",
        "amenity": "fuel",
        "branch": "Klatovy, 5. května",
        "brand": "Orlen",
        "brand:facebook": "orlencz",
        "brand:website": "https://www.orlen.cz",
        "brand:wikidata": "Q971649",
        "brand:wikipedia": "cs:Orlen",
        "compressed_air": "yes",
        "fuel:HGV_diesel": "yes",
        "fuel:adblue": "yes",
        "fuel:diesel": "yes",
        "fuel:octane_100": "yes",
        "fuel:octane_95": "yes",
        "internet_access": "wlan",
        "internet_access:fee": "customers",
        "name": "Orlen",
        "opening_hours": "24/7",
        "operator": "Orlen Unipetrol RPA",
        "toilets": "yes",
        "wheelchair": "yes"
      },
      "geometry": {
        "type": "Point",
        "coordinates": [
          13.2965377,
          49.3847448
        ]
      },
      "id": "node/3334248999"
    },
    {
      "type": "Feature",
      "properties": {
        "@id": "node/3334249213",
        "amenity": "fuel",
        "branch": "Opava, Těšínská",
        "brand": "Orlen",
        "brand:wikidata": "Q971649",
        "compressed_air": "yes",
        "contact:facebook": "https://www.facebook.com/orlencz",
        "fuel:GTL_diesel": "yes",
        "fuel:adblue:canister": "yes",
        "fuel:diesel": "yes",
        "fuel:octane_100": "yes",
        "fuel:octane_95": "yes",
        "internet_access": "wlan",
        "internet_access:fee": "customers",
        "name": "Orlen",
        "opening_hours": "Mo-Su 05:00-23:00",
        "operator": "Orlen Unipetrol RPA s.r.o. - Benzina, odštěpný závod",
        "phone": "+420553719609",
        "toilets": "yes",
        "website": "https://www.orlen.cz/",
        "wheelchair": "yes"
      },
      "geometry": {
        "type": "Point",
        "coordinates": [
          17.912835,
          49.9349925
        ]
      },
      "id": "node/3334249213"
    },
    {
      "type": "Feature",
      "properties": {
        "@id": "node/3334249312",
        "addr:city": "Louny",
        "addr:housenumber": "2647",
        "addr:postcode": "44001",
        "addr:street": "Husova",
        "amenity": "fuel",
        "brand": "Orlen",
        "brand:wikidata": "Q971649",
        "compressed_air": "yes",
        "contact:facebook": "https://www.facebook.com/orlencz",
        "fuel:GTL_diesel": "yes",
        "fuel:diesel": "yes",
        "fuel:octane_100": "yes",
        "fuel:octane_95": "yes",
        "internet_access": "wlan",
        "internet_access:fee": "customers",
        "name": "Orlen",
        "opening_hours": "Mo-Su 05:00-23:00",
        "operator": "Orlen Unipetrol RPA s.r.o. - Benzina, odštěpný závod",
        "phone": "+420415654885",
        "toilets": "yes",
        "website": "https://www.orlen.cz/",
        "wheelchair": "yes"
      },
      "geometry": {
        "type": "Point",
        "coordinates": [
          13.8246335,
          50.360157
        ]
      },
      "id": "node/3334249312"
    },
    {
      "type": "Feature",
      "properties": {
        "@id": "node/3334249612",
        "amenity": "fuel",
        "brand": "Benzina",
        "brand:wikidata": "Q11130894",
        "brand:wikipedia": "cs:Benzina",
        "fuel:adblue": "yes",
        "fuel:diesel": "yes",
        "fuel:octane_100": "yes",
        "fuel:octane_95": "yes",
        "internet_access": "wlan",
        "internet_access:fee": "no",
        "name": "Benzina - Tábor, Měšice",
        "opening_hours": "05:00-23:00",
        "operator": "Unipetrol RPA, s.r.o. – Benzina",
        "website": "https://www.benzina.cz/"
      },
      "geometry": {
        "type": "Point",
        "coordinates": [
          14.6924534,
          49.4026653
        ]
      },
      "id": "node/3334249612"
    },
    {
      "type": "Feature",
      "properties": {
        "@id": "node/3334249800",
        "amenity": "fuel",
        "branch": "Lednice",
        "brand": "OMV",
        "brand:facebook": "https://www.facebook.com/omvceskarepublika",
        "brand:website": "https://www.omv.cz/cs-cz",
        "brand:wikidata": "Q168238",
        "brand:wikipedia": "cs:OMV",
        "compressed_air": "yes",
        "fuel:HGV_diesel": "yes",
        "fuel:diesel": "yes",
        "fuel:octane_100": "yes",
        "fuel:octane_95": "yes",
        "name": "OMV",
        "opening_hours": "Mo-Su 06:00-20:00",
        "operator": "OMV Česká republika",
        "payment:cash": "yes",
        "payment:dkv": "yes",
        "payment:mastercard": "yes",
        "payment:omv_card": "yes",
        "payment:routex": "yes",
        "payment:uta": "yes",
        "payment:visa": "yes",
        "phone": "+420519340089",
        "shop": "yes",
        "wheelchair": "yes"
      },
      "geometry": {
        "type": "Point",
        "coordinates": [
          16.7850154,
          48.8001314
        ]
      },
      "id": "node/3334249800"
    },
    {
      "type": "Feature",
      "properties": {
        "@id": "node/3334250695",
        "amenity": "fuel",
        "branch": "Ostrava, Opavská",
        "brand": "Orlen",
        "brand:wikidata": "Q971649",
        "compressed_air": "yes",
        "contact:facebook": "https://www.facebook.com/orlencz",
        "fuel:GTL_diesel": "yes",
        "fuel:adblue": "yes",
        "fuel:adblue:canister": "yes",
        "fuel:diesel": "yes",
        "fuel:octane_100": "yes",
        "fuel:octane_95": "yes",
        "internet_access": "wlan",
        "internet_access:fee": "customers",
        "name": "Orlen",
        "opening_hours": "Mo-Su 05:00-22:00",
        "operator": "Orlen Unipetrol RPA s.r.o. - Benzina, odštěpný závod",
        "phone": "+420605268726",
        "toilets": "yes",
        "website": "https://www.orlen.cz/",
        "wheelchair": "yes"
      },
      "geometry": {
        "type": "Point",
        "coordinates": [
          18.1854755,
          49.8305857
        ]
      },
      "id": "node/3334250695"
    },
    {
      "type": "Feature",
      "properties": {
        "@id": "node/3357433394",
        "amenity": "fuel",
        "branch": "Znojmo, Mramotice",
        "brand": "Orlen",
        "brand:wikidata": "Q971649",
        "compressed_air": "yes",
        "contact:facebook": "https://www.facebook.com/orlencz",
        "fuel:GTL_diesel": "yes",
        "fuel:adblue": "yes",
        "fuel:diesel": "yes",
        "fuel:octane_100": "yes",
        "fuel:octane_95": "yes",
        "internet_access": "wlan",
        "internet_access:fee": "customers",
        "name": "Orlen",
        "opening_hours": "24/7",
        "operator": "Orlen Unipetrol RPA s.r.o. - Benzina, odštěpný závod",
        "toilets": "yes",
        "website": "https://www.orlen.cz/",
        "wheelchair": "yes"
      },
      "geometry": {
        "type": "Point",
        "coordinates": [
          15.9744468,
          48.9066583
        ]
      },
      "id": "node/3357433394"
    },
    {
      "type": "Feature",
      "properties": {
        "@id": "node/3384974142",
        "amenity": "fuel",
        "branch": "Moravské Budějovice, Pražská",
        "brand": "Orlen",
        "brand:facebook": "orlencz",
        "brand:website": "https://www.orlen.cz/",
        "brand:wikidata": "Q971649",
        "compressed_air": "yes",
        "fuel:adblue:canister": "yes",
        "fuel:diesel": "yes",
        "fuel:octane_100": "yes",
        "fuel:octane_95": "yes",
        "internet_access": "wlan",
        "internet_access:fee": "customers",
        "name": "Orlen",
        "opening_hours": "Mo-Su 05:00-23:00",
        "operator": "Orlen Unipetrol RPA",
        "toilets": "yes",
        "wheelchair": "yes"
      },
      "geometry": {
        "type": "Point",
        "coordinates": [
          15.8036919,
          49.0568768
        ]
      },
      "id": "node/3384974142"
    },
    {
      "type": "Feature",
      "properties": {
        "@id": "node/3409313933",
        "amenity": "fuel",
        "brand": "MOL",
        "brand:wikidata": "Q549181",
        "brand:wikipedia": "en:MOL (company)",
        "check_date": "2025-08-24",
        "check_date:compressed_air": "2025-08-24",
        "compressed_air": "yes",
        "fuel:diesel": "yes",
        "fuel:octane_100": "yes",
        "fuel:octane_95": "yes",
        "name": "MOL, Praha 9 Kolbenova",
        "opening_hours": "06:00-22:00",
        "operator": "MOL Česká republika, s.r.o.",
        "payment:credit_cards": "yes",
        "payment:debit_cards": "yes",
        "website": "https://molcesko.cz/"
      },
      "geometry": {
        "type": "Point",
        "coordinates": [
          14.5460918,
          50.1083223
        ]
      },
      "id": "node/3409313933"
    },
    {
      "type": "Feature",
      "properties": {
        "@id": "node/3409526417",
        "amenity": "fuel",
        "brand": "Orlen",
        "brand:wikidata": "Q971649",
        "contact:facebook": "https://www.facebook.com/orlencz",
        "fuel:GTL_diesel": "yes",
        "fuel:diesel": "yes",
        "fuel:octane_100": "yes",
        "fuel:octane_95": "yes",
        "internet_access": "wlan",
        "internet_access:fee": "no",
        "name": "Orlen",
        "opening_hours": "24/7",
        "operator": "Orlen Unipetrol RPA s.r.o. - Benzina, odštěpný závod",
        "payment:american_express": "yes",
        "payment:apple_pay": "yes",
        "payment:cash": "yes",
        "payment:ccs": "yes",
        "payment:diners_club": "yes",
        "payment:dkv": "yes",
        "payment:eurooil": "yes",
        "payment:euroshell": "yes",
        "payment:google_pay": "yes",
        "payment:jcb": "yes",
        "payment:maestro": "yes",
        "payment:mastercard": "yes",
        "payment:mastercard_electronic": "yes",
        "payment:omv_card": "yes",
        "payment:union_pay": "yes",
        "payment:uta": "yes",
        "payment:visa": "yes",
        "payment:visa_electron": "yes",
        "website": "https://www.orlen.cz/",
        "wheelchair": "yes"
      },
      "geometry": {
        "type": "Point",
        "coordinates": [
          16.7833694,
          48.9065022
        ]
      },
      "id": "node/3409526417"
    },
    {
      "type": "Feature",
      "properties": {
        "@id": "node/3409526427",
        "amenity": "fuel",
        "branch": "Brno, Slatina",
        "brand": "Orlen",
        "brand:facebook": "orlencz",
        "brand:website": "https://www.orlen.cz",
        "brand:wikidata": "Q971649",
        "brand:wikipedia": "cs:Orlen",
        "compressed_air": "yes",
        "fuel:adblue:canister": "yes",
        "fuel:diesel": "yes",
        "fuel:lpg": "yes",
        "fuel:octane_100": "yes",
        "fuel:octane_95": "yes",
        "internet_access": "wlan",
        "internet_access:fee": "customers",
        "name": "Orlen",
        "opening_hours": "Mo-Su 05:00-24:00",
        "operator": "Orlen Unipetrol RPA",
        "toilets": "yes",
        "wheelchair": "yes"
      },
      "geometry": {
        "type": "Point",
        "coordinates": [
          16.6717522,
          49.1834189
        ]
      },
      "id": "node/3409526427"
    },
    {
      "type": "Feature",
      "properties": {
        "@id": "node/3409526429",
        "amenity": "fuel",
        "branch": "Plzeň, Nepomucká",
        "brand": "Orlen",
        "brand:facebook": "orlencz",
        "brand:website": "https://www.orlen.cz",
        "brand:wikidata": "Q971649",
        "brand:wikipedia": "cs:Orlen",
        "compressed_air": "yes",
        "fuel:HGV_diesel": "yes",
        "fuel:adblue": "yes",
        "fuel:adblue:canister": "yes",
        "fuel:diesel": "yes",
        "fuel:octane_100": "yes",
        "fuel:octane_95": "yes",
        "internet_access": "wlan",
        "internet_access:fee": "customers",
        "name": "Orlen",
        "opening_hours": "Mo-Su 05:00-24:00",
        "operator": "Orlen Unipetrol RPA",
        "toilets": "yes",
        "wheelchair": "yes"
      },
      "geometry": {
        "type": "Point",
        "coordinates": [
          13.4236781,
          49.6988579
        ]
      },
      "id": "node/3409526429"
    },
    {
      "type": "Feature",
      "properties": {
        "@id": "node/3409526443",
        "amenity": "fuel",
        "branch": "Rokycany",
        "brand": "Orlen",
        "brand:facebook": "https://www.facebook.com/orlencz",
        "brand:website": "https://www.orlen.cz",
        "brand:wikidata": "Q971649",
        "brand:wikipedia": "cs:Orlen",
        "compressed_air": "yes",
        "fuel:adblue:canister": "yes",
        "fuel:diesel": "yes",
        "fuel:octane_100": "yes",
        "fuel:octane_95": "yes",
        "internet_access": "wlan",
        "internet_access:fee": "customers",
        "name": "Orlen",
        "opening_hours": "24/7",
        "operator": "Orlen Unipetrol RPA s.r.o. - Benzina, odštěpný závod",
        "ref:CZ:evcs": "05256180",
        "ref:zabaged": "4199674202292224",
        "toilets": "yes",
        "wheelchair": "yes"
      },
      "geometry": {
        "type": "Point",
        "coordinates": [
          13.6088974,
          49.7440891
        ]
      },
      "id": "node/3409526443"
    },
    {
      "type": "Feature",
      "properties": {
        "@id": "node/3409526446",
        "amenity": "fuel",
        "branch": "Ostrov nad Ohří",
        "brand": "Orlen",
        "brand:wikidata": "Q971649",
        "compressed_air": "yes",
        "contact:facebook": "https://www.facebook.com/orlencz",
        "fuel:GTL_diesel": "yes",
        "fuel:adblue": "yes",
        "fuel:diesel": "yes",
        "fuel:lpg": "yes",
        "fuel:octane_100": "yes",
        "fuel:octane_95": "yes",
        "internet_access": "wlan",
        "internet_access:fee": "customers",
        "name": "Orlen",
        "opening_hours": "Mo-Su 05:00-22:00",
        "operator": "Orlen Unipetrol RPA s.r.o. - Benzina, odštěpný závod",
        "phone": "+420353843363",
        "toilets": "yes",
        "website": "https://www.orlen.cz/",
        "wheelchair": "yes"
      },
      "geometry": {
        "type": "Point",
        "coordinates": [
          12.9454756,
          50.3166438
        ]
      },
      "id": "node/3409526446"
    },
    {
      "type": "Feature",
      "properties": {
        "@id": "node/3623830831",
        "amenity": "fuel",
        "branch": "Vsetín, Generála Klapálka",
        "brand": "Orlen",
        "brand:wikidata": "Q971649",
        "compressed_air": "yes",
        "contact:facebook": "https://www.facebook.com/orlencz",
        "fuel:GTL_diesel": "yes",
        "fuel:adblue": "yes",
        "fuel:adblue:canister": "yes",
        "fuel:diesel": "yes",
        "fuel:octane_100": "yes",
        "fuel:octane_95": "yes",
        "internet_access": "wlan",
        "internet_access:fee": "customers",
        "name": "Orlen",
        "opening_hours": "24/7",
        "operator": "Orlen Unipetrol RPA s.r.o. - Benzina, odštěpný závod",
        "phone": "+420 571 436 466",
        "toilets": "yes",
        "website": "https://www.orlen.cz/",
        "wheelchair": "yes"
      },
      "geometry": {
        "type": "Point",
        "coordinates": [
          18.0014687,
          49.3290017
        ]
      },
      "id": "node/3623830831"
    },
    {
      "type": "Feature",
      "properties": {
        "@id": "node/3631511321",
        "amenity": "fuel",
        "brand": "MOL",
        "brand:wikidata": "Q549181",
        "brand:wikipedia": "cs:MOL (holding)",
        "fuel:HGV_diesel": "yes",
        "fuel:diesel": "yes",
        "fuel:octane_95": "yes",
        "fuel:octane_98": "yes",
        "internet_access": "wlan",
        "internet_access:fee": "no",
        "name": "MOL, Jesenice u Prahy",
        "opening_hours": "24/7",
        "operator": "MOL Česká republika, s.r.o.",
        "website": "https://molcesko.cz/"
      },
      "geometry": {
        "type": "Point",
        "coordinates": [
          14.528097,
          49.958699
        ]
      },
      "id": "node/3631511321"
    },
    {
      "type": "Feature",
      "properties": {
        "@id": "node/3637862562",
        "addr:housenumber": "120",
        "amenity": "fuel",
        "brand": "MOL",
        "brand:wikidata": "Q549181",
        "brand:wikipedia": "cs:MOL (holding)",
        "fuel:diesel": "yes",
        "fuel:octane_100": "yes",
        "fuel:octane_95": "yes",
        "name": "MOL, Dobrá",
        "opening_hours": "Mo-Sa 05:00-22:00; Su 07:00-20:00",
        "operator": "MOL Česká republika, s.r.o.",
        "website": "https://molcesko.cz/"
      },
      "geometry": {
        "type": "Point",
        "coordinates": [
          18.3885006,
          49.6750027
        ]
      },
      "id": "node/3637862562"
    },
    {
      "type": "Feature",
      "properties": {
        "@id": "node/3664082963",
        "amenity": "fuel",
        "brand": "OMV",
        "brand:wikidata": "Q168238",
        "brand:wikipedia": "en:OMV",
        "email": "station.praha.pankrac@omv.com",
        "fuel:diesel": "yes",
        "fuel:octane_100": "yes",
        "fuel:octane_95": "yes",
        "name": "OMV",
        "opening_hours": "24/7",
        "operator": "OMV",
        "phone": "+420 241 481 104",
        "website": "https://www.omv.cz/"
      },
      "geometry": {
        "type": "Point",
        "coordinates": [
          14.468191,
          50.0403037
        ]
      },
      "id": "node/3664082963"
    },
    {
      "type": "Feature",
      "properties": {
        "@id": "node/3711872284",
        "amenity": "fuel",
        "branch": "Podivín",
        "brand": "KM - Prona",
        "brand:facebook": "KMPRONACZ",
        "brand:instagram": "kmprona",
        "brand:website": "https://km-prona.cz",
        "brand:wikidata": "Q92342984",
        "compressed_air": "yes",
        "email": "podivin@km-prona.cz",
        "fuel:HGV_diesel": "yes",
        "fuel:diesel": "yes",
        "fuel:octane_95": "yes",
        "fuel:octane_98": "yes",
        "internet_access": "wlan",
        "internet_access:fee": "customers",
        "name": "KM - Prona",
        "opening_hours": "Mo-Su 05:00-22:00",
        "operator": "KM - Prona Trading",
        "phone": "+420 519 344 510",
        "website": "https://km-prona.cz/cerpaci-stanice/seznam-stanic/20-podivin",
        "wheelchair": "yes"
      },
      "geometry": {
        "type": "Point",
        "coordinates": [
          16.8584651,
          48.8291607
        ]
      },
      "id": "node/3711872284"
    },
    {
      "type": "Feature",
      "properties": {
        "@id": "node/3802553471",
        "addr:city": "Studénka - Butovice",
        "addr:housenumber": "904",
        "addr:postcode": "742 13",
        "addr:street": "Butovická",
        "amenity": "fuel",
        "branch": "Studénka",
        "brand": "Tank Ono",
        "brand:website": "https://tank-ono.cz",
        "brand:wikidata": "Q2392813",
        "compressed_air": "yes",
        "fuel:HGV_diesel": "yes",
        "fuel:adblue": "yes",
        "fuel:diesel": "yes",
        "fuel:lpg": "yes",
        "fuel:octane_95": "yes",
        "fuel:octane_98": "yes",
        "name": "Tank Ono",
        "opening_hours": "24/7",
        "operator": "Tank Ono",
        "toilets": "yes",
        "wheelchair": "yes"
      },
      "geometry": {
        "type": "Point",
        "coordinates": [
          18.0420902,
          49.7094411
        ]
      },
      "id": "node/3802553471"
    },
    {
      "type": "Feature",
      "properties": {
        "@id": "node/3838117975",
        "amenity": "fuel",
        "brand": "KM - PRONA",
        "email": "pec@km-prona.cz",
        "fuel:diesel": "yes",
        "fuel:lpg": "yes",
        "fuel:octane_95": "yes",
        "fuel:octane_98": "yes",
        "internet_access": "wlan",
        "name": "KM-Prona, Pec pod Sněžkou",
        "opening_hours": "06:00-20:00",
        "operator": "KM - PRONA, a.s.",
        "phone": "+420 499 522 120",
        "website": "https://km-prona.cz/cerpaci-stanice/seznam-stanic/19-pec-pod-snezkou"
      },
      "geometry": {
        "type": "Point",
        "coordinates": [
          15.7469539,
          50.6931033
        ]
      },
      "id": "node/3838117975"
    },
    {
      "type": "Feature",
      "properties": {
        "@id": "node/3838117977",
        "amenity": "fuel",
        "brand": "KM - PRONA",
        "email": "krecice@km-prona.cz",
        "fuel:adblue": "yes",
        "fuel:diesel": "yes",
        "fuel:octane_95": "yes",
        "fuel:octane_98": "yes",
        "internet_access": "wlan",
        "name": "KM-Prona, Kardašova Řečice",
        "opening_hours": "05:00-22:00",
        "operator": "KM - PRONA, a.s.",
        "phone": "+420 384 383 983",
        "shop": "kiosk",
        "website": "https://km-prona.cz/cerpaci-stanice/seznam-stanic/9-kardasova-recice"
      },
      "geometry": {
        "type": "Point",
        "coordinates": [
          14.8454414,
          49.1876018
        ]
      },
      "id": "node/3838117977"
    },
    {
      "type": "Feature",
      "properties": {
        "@id": "node/3838117982",
        "amenity": "fuel",
        "brand": "KM - PRONA",
        "compressed_air": "yes",
        "email": "clipa@km-prona.cz",
        "fuel:diesel": "yes",
        "fuel:e85": "yes",
        "fuel:lpg": "yes",
        "fuel:octane_95": "yes",
        "fuel:octane_98": "yes",
        "internet_access": "wlan",
        "name": "KM-Prona, Česká Lípa - Liberecká ulice",
        "note": "22:00-05:30 tankautomat",
        "opening_hours": "24/7",
        "operator": "KM - PRONA, a.s.",
        "phone": "+420 487 832 690",
        "shop": "yes",
        "website": "https://km-prona.cz/cerpaci-stanice/seznam-stanic/5-ceska-lipa-liberecka-ulice",
        "wheelchair": "yes"
      },
      "geometry": {
        "type": "Point",
        "coordinates": [
          14.5642124,
          50.6819022
        ]
      },
      "id": "node/3838117982"
    },
    {
      "type": "Feature",
      "properties": {
        "@id": "node/3838860750",
        "amenity": "fuel",
        "brand": "Orlen",
        "brand:facebook": "https://www.facebook.com/orlencz",
        "brand:website": "https://www.orlen.cz",
        "brand:wikidata": "Q971649",
        "compressed_air": "yes",
        "fuel:HGV_diesel": "yes",
        "fuel:adblue": "yes",
        "fuel:diesel": "yes",
        "fuel:octane_100": "yes",
        "fuel:octane_95": "yes",
        "internet_access": "wlan",
        "internet_access:fee": "customers",
        "name": "Orlen",
        "opening_hours": "24/7",
        "operator": "Orlen Unipetrol RPA s.r.o. - Benzina, odštěpný závod",
        "toilets": "yes",
        "wheelchair": "yes"
      },
      "geometry": {
        "type": "Point",
        "coordinates": [
          15.0518369,
          50.7565039
        ]
      },
      "id": "node/3838860750"
    },
    {
      "type": "Feature",
      "properties": {
        "@id": "node/3840504537",
        "amenity": "fuel",
        "email": "as2@f1gas.cz",
        "fuel:diesel": "yes",
        "fuel:octane_95": "yes",
        "fuel:octane_98": "yes",
        "name": "Free1 GAS Aš II",
        "opening_hours": "06:00-23:00",
        "operator": "TOP TANK s.r.o.",
        "phone": "+420 351 170 090",
        "shop": "yes",
        "website": "https://www.f1gas.eu/station/map-detail/8"
      },
      "geometry": {
        "type": "Point",
        "coordinates": [
          12.1766915,
          50.2178685
        ]
      },
      "id": "node/3840504537"
    },
    {
      "type": "Feature",
      "properties": {
        "@id": "node/3840504538",
        "amenity": "fuel",
        "branch": "Cheb, D6",
        "brand": "Orlen",
        "brand:wikidata": "Q971649",
        "compressed_air": "yes",
        "contact:facebook": "https://www.facebook.com/orlencz",
        "fuel:GTL_diesel": "yes",
        "fuel:adblue": "yes",
        "fuel:adblue:canister": "yes",
        "fuel:diesel": "yes",
        "fuel:octane_100": "yes",
        "fuel:octane_95": "yes",
        "internet_access": "wlan",
        "internet_access:fee": "customers",
        "name": "Orlen",
        "opening_hours": "24/7",
        "operator": "Orlen Unipetrol RPA s.r.o. - Benzina, odštěpný závod",
        "phone": "+420354529228",
        "toilets": "yes",
        "website": "https://www.orlen.cz/",
        "wheelchair": "yes"
      },
      "geometry": {
        "type": "Point",
        "coordinates": [
          12.3858364,
          50.1006779
        ]
      },
      "id": "node/3840504538"
    },
    {
      "type": "Feature",
      "properties": {
        "@id": "node/3840504539",
        "amenity": "fuel",
        "brand": "Orlen",
        "brand:facebook": "https://www.facebook.com/orlencz",
        "brand:website": "https://www.orlen.cz",
        "brand:wikidata": "Q971649",
        "brand:wikipedia": "cs:Orlen",
        "compressed_air": "yes",
        "fuel:diesel": "yes",
        "fuel:octane_100": "yes",
        "fuel:octane_95": "yes",
        "internet_access": "wlan",
        "internet_access:fee": "customers",
        "name": "Orlen",
        "opening_hours": "24/7",
        "operator": "Orlen Unipetrol RPA s.r.o. - Benzina, odštěpný závod",
        "toilets": "yes",
        "toilets:wheelchair": "yes",
        "wheelchair": "yes"
      },
      "geometry": {
        "type": "Point",
        "coordinates": [
          13.4032744,
          50.4599498
        ]
      },
      "id": "node/3840504539"
    },
    {
      "type": "Feature",
      "properties": {
        "@id": "node/3840504540",
        "amenity": "fuel",
        "branch": "Pardubice, Hradecká",
        "brand": "OMV",
        "brand:facebook": "omvceskarepublika",
        "brand:website": "https://www.omv.cz/cs-cz",
        "brand:wikidata": "Q168238",
        "brand:wikipedia": "cs:OMV",
        "compressed_air": "yes",
        "fuel:HGV_diesel": "yes",
        "fuel:diesel": "yes",
        "fuel:octane_100": "yes",
        "fuel:octane_95": "yes",
        "name": "OMV",
        "opening_hours": "24/7",
        "operator": "OMV Česká republika",
        "payment:cash": "yes",
        "payment:dkv": "yes",
        "payment:mastercard": "yes",
        "payment:omv_card": "yes",
        "payment:routex": "yes",
        "payment:uta": "yes",
        "payment:visa": "yes",
        "phone": "+420466412595",
        "ref:CZ:evcs": "04292170",
        "ref:zabaged": "4199661871038464",
        "valves": "schrader",
        "wheelchair": "yes"
      },
      "geometry": {
        "type": "Point",
        "coordinates": [
          15.7658263,
          50.047015
        ]
      },
      "id": "node/3840504540"
    },
    {
      "type": "Feature",
      "properties": {
        "@id": "node/3840504542",
        "amenity": "fuel",
        "branch": "Siřejovice, D8, směr Drážďany",
        "brand": "OMV",
        "brand:facebook": "https://www.facebook.com/omvceskarepublika",
        "brand:website": "https://www.omv.cz/cs-cz",
        "brand:wikidata": "Q168238",
        "brand:wikipedia": "cs:OMV",
        "check_date": "2023-06-26",
        "compressed_air": "yes",
        "dog": "no",
        "fuel:HGV_diesel": "yes",
        "fuel:diesel": "yes",
        "fuel:lpg": "yes",
        "fuel:octane_100": "yes",
        "fuel:octane_95": "yes",
        "name": "OMV",
        "opening_hours": "24/7",
        "operator": "OMV Česká republika",
        "payment:cash": "yes",
        "payment:dkv": "yes",
        "payment:mastercard": "yes",
        "payment:omv_card": "yes",
        "payment:routex": "yes",
        "payment:uta": "yes",
        "payment:visa": "yes",
        "phone": "+420 416 531 570",
        "ref": "2736",
        "wheelchair": "yes"
      },
      "geometry": {
        "type": "Point",
        "coordinates": [
          14.0843243,
          50.4804548
        ]
      },
      "id": "node/3840504542"
    },
    {
      "type": "Feature",
      "properties": {
        "@id": "node/3841221227",
        "amenity": "fuel",
        "brand": "EuroOil",
        "brand:wikidata": "Q110219457",
        "compressed_air": "yes",
        "contact:website": "https://www.ceproas.cz/eurooil",
        "fuel:biodiesel": "yes",
        "fuel:diesel": "yes",
        "fuel:e85": "no",
        "fuel:octane_95": "yes",
        "fuel:octane_98": "yes",
        "internet_access": "wlan",
        "internet_access:fee": "no",
        "name": "EuroOil České Budějovice",
        "opening_hours": "Mo-Su 05:00-22:00",
        "operator": "Čepro, a.s.",
        "ref": "226",
        "shop": "gas",
        "wheelchair": "yes"
      },
      "geometry": {
        "type": "Point",
        "coordinates": [
          14.5015231,
          48.980734
        ]
      },
      "id": "node/3841221227"
    },
    {
      "type": "Feature",
      "properties": {
        "@id": "node/3841221228",
        "amenity": "fuel",
        "branch": "Ostrava, Kunčice",
        "brand": "OMV",
        "brand:facebook": "https://www.facebook.com/omvceskarepublika",
        "brand:website": "https://www.omv.cz/cs-cz",
        "brand:wikidata": "Q168238",
        "brand:wikipedia": "cs:OMV",
        "compressed_air": "yes",
        "fuel:HGV_diesel": "yes",
        "fuel:diesel": "yes",
        "fuel:octane_100": "yes",
        "fuel:octane_95": "yes",
        "name": "OMV",
        "opening_hours": "24/7",
        "operator": "OMV Česká republika",
        "payment:cash": "yes",
        "payment:dkv": "yes",
        "payment:mastercard": "yes",
        "payment:omv_card": "yes",
        "payment:routex": "yes",
        "payment:uta": "yes",
        "payment:visa": "yes",
        "phone": "+420596237015",
        "shop": "yes",
        "wheelchair": "yes"
      },
      "geometry": {
        "type": "Point",
        "coordinates": [
          18.2871529,
          49.8041108
        ]
      },
      "id": "node/3841221228"
    },
    {
      "type": "Feature",
      "properties": {
        "@id": "node/3845415464",
        "amenity": "fuel",
        "brand": "Orlen",
        "brand:facebook": "https://www.facebook.com/orlencz",
        "brand:website": "https://www.orlen.cz",
        "brand:wikidata": "Q971649",
        "brand:wikipedia": "cs:Orlen",
        "compressed_air": "yes",
        "fuel:HGV_diesel": "yes",
        "fuel:diesel": "yes",
        "fuel:octane_100": "yes",
        "fuel:octane_95": "yes",
        "internet_access": "wlan",
        "internet_access:fee": "customers",
        "name": "Orlen",
        "opening_hours": "24/7",
        "operator": "Orlen Unipetrol RPA s.r.o. - Benzina, odštěpný závod",
        "toilets": "yes",
        "wheelchair": "yes"
      },
      "geometry": {
        "type": "Point",
        "coordinates": [
          15.0461781,
          50.7735499
        ]
      },
      "id": "node/3845415464"
    },
    {
      "type": "Feature",
      "properties": {
        "@id": "node/3846143757",
        "amenity": "fuel",
        "brand": "MOL",
        "brand:wikidata": "Q549181",
        "brand:wikipedia": "cs:MOL (holding)",
        "fuel:diesel": "yes",
        "fuel:octane_100": "yes",
        "fuel:octane_95": "yes",
        "internet_access": "wlan",
        "internet_access:fee": "no",
        "name": "MOL, Desná",
        "opening_hours": "Mo-Su 06:00-20:00",
        "operator": "MOL Česká republika, s.r.o.",
        "website": "https://molcesko.cz/"
      },
      "geometry": {
        "type": "Point",
        "coordinates": [
          15.3201798,
          50.7624949
        ]
      },
      "id": "node/3846143757"
    },
    {
      "type": "Feature",
      "properties": {
        "@id": "node/3846143759",
        "amenity": "fuel",
        "brand": "MOL",
        "brand:wikidata": "Q549181",
        "brand:wikipedia": "cs:MOL (holding)",
        "fuel:diesel": "yes",
        "fuel:octane_95": "yes",
        "fuel:octane_98": "yes",
        "name": "MOL Nový Bor",
        "opening_hours": "Mo-Su 06:00-22:00",
        "operator": "MOL Česká republika, s.r.o.",
        "shop": "yes",
        "website": "https://molcesko.cz/"
      },
      "geometry": {
        "type": "Point",
        "coordinates": [
          14.5406306,
          50.7675302
        ]
      },
      "id": "node/3846143759"
    },
    {
      "type": "Feature",
      "properties": {
        "@id": "node/3863354158",
        "amenity": "fuel",
        "brand": "MOL",
        "brand:wikidata": "Q549181",
        "brand:wikipedia": "cs:MOL (holding)",
        "fuel:diesel": "yes",
        "fuel:octane_100": "yes",
        "fuel:octane_95": "yes",
        "internet_access": "wlan",
        "internet_access:fee": "no",
        "name": "MOL, Dvůr Králové nad Labem",
        "opening_hours": "05:00-22:00",
        "operator": "MOL Česká republika, s.r.o.",
        "shop": "yes",
        "toilets": "yes",
        "website": "https://molcesko.cz/"
      },
      "geometry": {
        "type": "Point",
        "coordinates": [
          15.8222625,
          50.4429323
        ]
      },
      "id": "node/3863354158"
    },
    {
      "type": "Feature",
      "properties": {
        "@id": "node/3863354161",
        "amenity": "fuel",
        "brand": "MOL",
        "brand:wikidata": "Q549181",
        "brand:wikipedia": "en:MOL (company)",
        "compressed_air": "yes",
        "fuel:diesel": "yes",
        "fuel:octane_95": "yes",
        "fuel:octane_98": "yes",
        "name": "MOL"
      },
      "geometry": {
        "type": "Point",
        "coordinates": [
          15.8895174,
          50.403259
        ]
      },
      "id": "node/3863354161"
    },
    {
      "type": "Feature",
      "properties": {
        "@id": "node/3870002226",
        "amenity": "fuel",
        "brand": "MOL",
        "brand:wikidata": "Q549181",
        "brand:wikipedia": "cs:MOL (holding)",
        "fuel:diesel": "yes",
        "fuel:lpg": "yes",
        "fuel:octane_100": "yes",
        "fuel:octane_95": "yes",
        "name": "MOL, Bystřice n. Pernštejnem",
        "opening_hours": "05:00-22:00",
        "operator": "MOL Česká republika, s.r.o.",
        "website": "https://molcesko.cz/"
      },
      "geometry": {
        "type": "Point",
        "coordinates": [
          16.2544786,
          49.5285703
        ]
      },
      "id": "node/3870002226"
    },
    {
      "type": "Feature",
      "properties": {
        "@id": "node/3871339202",
        "amenity": "fuel",
        "branch": "Plzeň, Jateční",
        "brand": "MOL",
        "brand:facebook": "molcesko",
        "brand:instagram": "mol_cesko",
        "brand:website": "https://molcesko.cz/cz",
        "brand:wikidata": "Q549181",
        "brand:wikipedia": "cs:MOL (holding)",
        "check_date": "2025-12-24",
        "compressed_air": "yes",
        "fuel:HGV_diesel": "yes",
        "fuel:adblue": "yes",
        "fuel:diesel": "yes",
        "fuel:lpg": "yes",
        "fuel:octane_100": "yes",
        "fuel:octane_95": "yes",
        "internet_access": "wlan",
        "internet_access:fee": "customers",
        "name": "MOL",
        "opening_hours": "Mo-Su 05:30-22:00",
        "operator": "MOL Česká republika",
        "payment:american_express": "yes",
        "payment:cash": "yes",
        "payment:ccs": "yes",
        "payment:dkv": "yes",
        "payment:e100": "yes",
        "payment:eurooil": "yes",
        "payment:ina": "yes",
        "payment:maestro": "yes",
        "payment:mastercard": "yes",
        "payment:mol": "yes",
        "payment:slovnaft": "yes",
        "payment:uta": "yes",
        "payment:v_pay": "yes",
        "payment:visa": "yes",
        "ref:CZ:evcs": "06866260",
        "ref:zabaged": "4199738224148480",
        "toilets": "yes",
        "wheelchair": "yes"
      },
      "geometry": {
        "type": "Point",
        "coordinates": [
          13.4058656,
          49.758619
        ]
      },
      "id": "node/3871339202"
    },
    {
      "type": "Feature",
      "properties": {
        "@id": "node/3871339203",
        "amenity": "fuel",
        "branch": "Praha, Nad Vršovskou horou",
        "brand": "MOL",
        "brand:wikidata": "Q549181",
        "brand:wikipedia": "en:MOL (company)",
        "compressed_air": "yes",
        "contact:facebook": "https://www.facebook.com/molcesko",
        "contact:instagram": "https://www.instagram.com/mol_cesko",
        "fuel:GTL_diesel": "yes",
        "fuel:HGV_diesel": "yes",
        "fuel:adblue": "yes",
        "fuel:diesel": "yes",
        "fuel:octane_100": "yes",
        "fuel:octane_95": "yes",
        "name": "MOL",
        "opening_hours": "24/7",
        "operator": "MOL Česká republika",
        "payment:american_express": "yes",
        "payment:cash": "yes",
        "payment:ccs": "yes",
        "payment:dkv": "yes",
        "payment:e100": "yes",
        "payment:eurooil": "yes",
        "payment:ina": "yes",
        "payment:maestro": "yes",
        "payment:mastercard": "yes",
        "payment:mol": "yes",
        "payment:slovnaft": "yes",
        "payment:uta": "yes",
        "payment:v_pay": "yes",
        "payment:visa": "yes",
        "toilets": "yes",
        "website": "https://molcesko.cz/cz",
        "wheelchair": "yes"
      },
      "geometry": {
        "type": "Point",
        "coordinates": [
          14.4710638,
          50.0613869
        ]
      },
      "id": "node/3871339203"
    },
    {
      "type": "Feature",
      "properties": {
        "@id": "node/3871339204",
        "amenity": "fuel",
        "brand": "MOL",
        "brand:wikidata": "Q549181",
        "brand:wikipedia": "en:MOL (company)",
        "fuel:diesel": "yes",
        "fuel:octane_95": "yes",
        "fuel:octane_98": "yes",
        "name": "MOL, Vrchlabí II.",
        "opening_hours": "05:00-22:00",
        "operator": "MOL Česká republika, s.r.o.",
        "website": "https://molcesko.cz/"
      },
      "geometry": {
        "type": "Point",
        "coordinates": [
          15.6291128,
          50.6227014
        ]
      },
      "id": "node/3871339204"
    },
    {
      "type": "Feature",
      "properties": {
        "@id": "node/3879238194",
        "amenity": "fuel",
        "branch": "Mnichovo Hradiště",
        "brand": "Orlen",
        "brand:wikidata": "Q971649",
        "fuel:adblue:canister": "yes",
        "fuel:diesel": "yes",
        "fuel:octane_100": "yes",
        "fuel:octane_95": "yes",
        "internet_access": "wlan",
        "internet_access:fee": "customers",
        "name": "Orlen",
        "opening_hours": "05:00-22:00",
        "website": "https://www.orlen.cz/"
      },
      "geometry": {
        "type": "Point",
        "coordinates": [
          14.9723125,
          50.5159378
        ]
      },
      "id": "node/3879238194"
    },
    {
      "type": "Feature",
      "properties": {
        "@id": "node/3880519120",
        "amenity": "fuel",
        "brand": "Orlen",
        "brand:facebook": "https://www.facebook.com/orlencz",
        "brand:website": "https://www.orlen.cz",
        "brand:wikidata": "Q971649",
        "brand:wikipedia": "cs:Orlen",
        "compressed_air": "yes",
        "fuel:HGV_diesel": "yes",
        "fuel:diesel": "yes",
        "fuel:octane_100": "yes",
        "fuel:octane_95": "yes",
        "internet_access": "wlan",
        "internet_access:fee": "customers",
        "name": "Orlen",
        "opening_hours": "Mo-Su 05:00-22:00",
        "operator": "Orlen Unipetrol RPA s.r.o. - Benzina, odštěpný závod",
        "phone": "+420353999231",
        "toilets": "yes",
        "wheelchair": "yes"
      },
      "geometry": {
        "type": "Point",
        "coordinates": [
          12.840727,
          50.093348
        ]
      },
      "id": "node/3880519120"
    },
    {
      "type": "Feature",
      "properties": {
        "@id": "node/3880519121",
        "amenity": "fuel",
        "branch": "Nejdek",
        "brand": "Orlen",
        "brand:wikidata": "Q971649",
        "compressed_air": "yes",
        "contact:facebook": "https://www.facebook.com/orlencz",
        "fuel:GTL_diesel": "yes",
        "fuel:adblue": "yes",
        "fuel:diesel": "yes",
        "fuel:octane_100": "yes",
        "fuel:octane_95": "yes",
        "internet_access": "wlan",
        "internet_access:fee": "customers",
        "name": "Orlen",
        "opening_hours": "Mo-Su 05:00-22:00",
        "operator": "Orlen Unipetrol RPA s.r.o. - Benzina, odštěpný závod",
        "phone": "+420353925957",
        "toilets": "yes",
        "website": "https://www.orlen.cz/",
        "wheelchair": "yes"
      },
      "geometry": {
        "type": "Point",
        "coordinates": [
          12.7521106,
          50.3164991
        ]
      },
      "id": "node/3880519121"
    },
    {
      "type": "Feature",
      "properties": {
        "@id": "node/3883948448",
        "amenity": "fuel",
        "branch": "Plzeň, Rokycanská",
        "brand": "Orlen",
        "brand:facebook": "orlencz",
        "brand:website": "https://www.orlen.cz",
        "brand:wikidata": "Q971649",
        "brand:wikipedia": "cs:Orlen",
        "compressed_air": "yes",
        "fuel:adblue": "yes",
        "fuel:diesel": "yes",
        "fuel:octane_100": "yes",
        "fuel:octane_95": "yes",
        "internet_access": "wlan",
        "internet_access:fee": "customers",
        "name": "Orlen",
        "opening_hours": "24/7",
        "operator": "Orlen Unipetrol RPA",
        "payment:cards": "yes",
        "ref:CZ:evcs": "05237170",
        "ref:zabaged": "4199673245990912",
        "toilets": "yes",
        "wheelchair": "yes"
      },
      "geometry": {
        "type": "Point",
        "coordinates": [
          13.4412711,
          49.7464031
        ]
      },
      "id": "node/3883948448"
    },
    {
      "type": "Feature",
      "properties": {
        "@id": "node/3883948449",
        "amenity": "fuel",
        "branch": "Železná Ruda",
        "brand": "Orlen",
        "brand:facebook": "orlencz",
        "brand:website": "https://www.orlen.cz",
        "brand:wikidata": "Q971649",
        "brand:wikipedia": "cs:Orlen",
        "compressed_air": "yes",
        "fuel:diesel": "yes",
        "fuel:octane_100": "yes",
        "fuel:octane_95": "yes",
        "internet_access": "wlan",
        "internet_access:fee": "customers",
        "name": "Orlen",
        "opening_hours": "24/7",
        "operator": "Orlen Unipetrol RPA",
        "toilets": "yes",
        "wheelchair": "yes"
      },
      "geometry": {
        "type": "Point",
        "coordinates": [
          13.2280124,
          49.1388944
        ]
      },
      "id": "node/3883948449"
    },
    {
      "type": "Feature",
      "properties": {
        "@id": "node/3891610849",
        "amenity": "fuel",
        "brand": "MOL",
        "brand:wikidata": "Q549181",
        "brand:wikipedia": "en:MOL (company)",
        "fuel:diesel": "yes",
        "fuel:octane_100": "yes",
        "fuel:octane_95": "yes",
        "name": "MOL,Střížkov, Liberecká, do centra",
        "opening_hours": "24/7",
        "operator": "MOL Česká republika, s.r.o.",
        "website": "https://molcesko.cz/"
      },
      "geometry": {
        "type": "Point",
        "coordinates": [
          14.477533,
          50.1229118
        ]
      },
      "id": "node/3891610849"
    },
    {
      "type": "Feature",
      "properties": {
        "@id": "node/3899100617",
        "amenity": "fuel",
        "branch": "Mikulov",
        "brand": "Shell",
        "brand:facebook": "ShellCeskaRepublika",
        "brand:website": "https://www.shell.cz/",
        "brand:wikidata": "Q110716465",
        "compressed_air": "yes",
        "fuel:GTL_diesel": "yes",
        "fuel:adblue:canister": "yes",
        "fuel:diesel": "yes",
        "fuel:octane_100": "yes",
        "fuel:octane_95": "yes",
        "name": "Shell",
        "opening_hours": "24/7",
        "operator": "Shell Czech Republic",
        "toilets": "yes",
        "wheelchair": "yes"
      },
      "geometry": {
        "type": "Point",
        "coordinates": [
          16.6256211,
          48.8058304
        ]
      },
      "id": "node/3899100617"
    },
    {
      "type": "Feature",
      "properties": {
        "@id": "node/3930024763",
        "amenity": "fuel",
        "branch": "Uherské Hradiště, Tř. Maršála Malinovského",
        "brand": "Orlen",
        "brand:facebook": "orlencz",
        "brand:website": "https://www.orlen.cz",
        "brand:wikidata": "Q971649",
        "brand:wikipedia": "cs:Orlen",
        "compressed_air": "yes",
        "fuel:adblue": "yes",
        "fuel:diesel": "yes",
        "fuel:octane_100": "yes",
        "fuel:octane_95": "yes",
        "internet_access": "wlan",
        "internet_access:fee": "customers",
        "name": "Orlen",
        "opening_hours": "24/7",
        "operator": "Orlen Unipetrol RPA",
        "toilets": "yes",
        "wheelchair": "yes"
      },
      "geometry": {
        "type": "Point",
        "coordinates": [
          17.4660839,
          49.058847
        ]
      },
      "id": "node/3930024763"
    },
    {
      "type": "Feature",
      "properties": {
        "@id": "node/3951327351",
        "amenity": "fuel",
        "brand": "MOL",
        "brand:wikidata": "Q549181",
        "brand:wikipedia": "en:MOL (company)",
        "compressed_air": "yes",
        "fuel:diesel": "yes",
        "fuel:octane_100": "yes",
        "fuel:octane_95": "yes",
        "internet_access": "wlan",
        "internet_access:fee": "no",
        "name": "MOL, Brno - Olomoucká",
        "opening_hours": "05:00 - 22:00",
        "operator": "MOL Česká republika, s.r.o.",
        "website": "https://molcesko.cz/"
      },
      "geometry": {
        "type": "Point",
        "coordinates": [
          16.6318935,
          49.1903759
        ]
      },
      "id": "node/3951327351"
    },
    {
      "type": "Feature",
      "properties": {
        "@id": "node/3973022266",
        "addr:city": "Třebechovice pod Orebem",
        "addr:housenumber": "1397",
        "addr:postcode": "50346",
        "addr:street": "Týnišťská",
        "amenity": "fuel",
        "brand": "Benzina",
        "brand:wikidata": "Q11130894",
        "fuel:GTL_diesel": "yes",
        "fuel:adblue:canister": "yes",
        "fuel:diesel": "yes",
        "fuel:octane_100": "yes",
        "fuel:octane_95": "yes",
        "internet_access": "wlan",
        "internet_access:fee": "no",
        "name": "Benzina - Třebechovice pod Orebem",
        "opening_hours": "05:00-22:00",
        "operator": "Unipetrol RPA, s.r.o. – Benzina",
        "website": "https://www.benzina.cz/"
      },
      "geometry": {
        "type": "Point",
        "coordinates": [
          16.0068792,
          50.1888135
        ]
      },
      "id": "node/3973022266"
    },
    {
      "type": "Feature",
      "properties": {
        "@id": "node/4063549886",
        "amenity": "fuel",
        "fuel:adblue": "yes",
        "fuel:diesel": "yes",
        "fuel:lpg": "yes",
        "fuel:octane_95": "yes",
        "fuel:octane_98": "yes",
        "name": "AN",
        "opening_hours": "Mo-Su 06:00-21:00 || \"tankautomat\"",
        "operator": "autoservis Novotný",
        "payment:coins": "yes",
        "payment:css": "yes",
        "payment:maestro": "yes",
        "payment:notes": "yes",
        "payment:visa": "yes",
        "vending": "fuel",
        "vending_machine": "yes"
      },
      "geometry": {
        "type": "Point",
        "coordinates": [
          14.4275502,
          49.231865
        ]
      },
      "id": "node/4063549886"
    },
    {
      "type": "Feature",
      "properties": {
        "@id": "node/4212944825",
        "amenity": "fuel",
        "branch": "Česká Lípa, Pražská",
        "brand": "Orlen",
        "brand:facebook": "https://www.facebook.com/orlencz",
        "brand:website": "https://www.orlen.cz",
        "brand:wikidata": "Q971649",
        "compressed_air": "yes",
        "fuel:adblue:canister": "yes",
        "fuel:diesel": "yes",
        "fuel:octane_100": "yes",
        "fuel:octane_95": "yes",
        "internet_access": "wlan",
        "internet_access:fee": "customers",
        "name": "Orlen",
        "opening_hours": "24/7",
        "operator": "Orlen Unipetrol RPA s.r.o. - Benzina, odštěpný závod",
        "toilets": "yes",
        "wheelchair": "yes"
      },
      "geometry": {
        "type": "Point",
        "coordinates": [
          14.5415608,
          50.6989946
        ]
      },
      "id": "node/4212944825"
    },
    {
      "type": "Feature",
      "properties": {
        "@id": "node/4308532513",
        "amenity": "fuel",
        "brand": "Tank Ono",
        "brand:wikidata": "Q2392813",
        "email": "sterboholy@tank-ono.cz",
        "fax": "+420 272 654 810",
        "fuel:GTL_diesel": "yes",
        "fuel:HGV_diesel": "yes",
        "fuel:biodiesel": "yes",
        "fuel:diesel": "yes",
        "fuel:e85": "yes",
        "fuel:lpg": "yes",
        "fuel:octane_95": "yes",
        "fuel:octane_98": "yes",
        "name": "Tank ONO - ČS Praha - Štěrboholy",
        "opening_hours": "24/7",
        "operator": "Tank ONO s.r.o.",
        "payment:dkv": "yes",
        "payment:uta": "yes",
        "phone": "+420 725 820 898",
        "website": "https://tank-ono.cz/"
      },
      "geometry": {
        "type": "Point",
        "coordinates": [
          14.5411719,
          50.0706198
        ]
      },
      "id": "node/4308532513"
    },
    {
      "type": "Feature",
      "properties": {
        "@id": "node/4345732726",
        "amenity": "fuel",
        "brand": "Benzina",
        "brand:wikidata": "Q11130894",
        "fuel:GTL_diesel": "yes",
        "fuel:adblue:canister": "yes",
        "fuel:diesel": "yes",
        "fuel:octane_100": "yes",
        "fuel:octane_95": "yes",
        "internet_access": "wlan",
        "internet_access:fee": "no",
        "name": "Benzina - Rosice",
        "opening_hours": "24/7",
        "operator": "Unipetrol RPA, s.r.o. – Benzina",
        "website": "https://www.benzina.cz/"
      },
      "geometry": {
        "type": "Point",
        "coordinates": [
          16.4030805,
          49.1846743
        ]
      },
      "id": "node/4345732726"
    },
    {
      "type": "Feature",
      "properties": {
        "@id": "node/4550934024",
        "addr:city": "Jesenice",
        "addr:housenumber": "1347",
        "addr:postcode": "25242",
        "addr:street": "Pražská",
        "amenity": "fuel",
        "brand": "Avia",
        "brand:wikidata": "Q300147",
        "fuel:adblue": "yes",
        "fuel:diesel": "yes",
        "fuel:lpg": "yes",
        "fuel:octane_95": "yes",
        "fuel:octane_98": "yes",
        "name": "Avia Jesenice",
        "opening_hours": "24/7",
        "operator": "Avia",
        "phone": "+420 246 083 594",
        "self_service": "yes",
        "shop": "kiosk",
        "website": "https://aviaczech.cz/"
      },
      "geometry": {
        "type": "Point",
        "coordinates": [
          14.5383665,
          49.9703693
        ]
      },
      "id": "node/4550934024"
    },
    {
      "type": "Feature",
      "properties": {
        "@id": "node/4565729669",
        "amenity": "fuel",
        "fuel:HGV_diesel": "yes",
        "fuel:diesel": "yes",
        "fuel:octane_95": "yes",
        "fuel:octane_98": "yes",
        "name": "EUROBIT",
        "shop": "kiosk"
      },
      "geometry": {
        "type": "Point",
        "coordinates": [
          18.4262881,
          49.6720871
        ]
      },
      "id": "node/4565729669"
    },
    {
      "type": "Feature",
      "properties": {
        "@id": "node/4589409457",
        "addr:city": "Vojtanov",
        "amenity": "fuel",
        "brand": "Tank ONO",
        "brand:wikidata": "Q2392813",
        "changing_table": "no",
        "compressed_air": "no",
        "contact:email": "vojtanov@tank-ono.cz",
        "contact:fax": "+420 353 542558",
        "contact:phone": "+420 353 999654",
        "contact:website": "http://tank-ono.cz/cz/index.php?page=pumpcard&pump=39",
        "description": "ONO - Vojtanov",
        "fuel:HGV_diesel": "yes",
        "fuel:adblue": "yes",
        "fuel:diesel": "yes",
        "fuel:e85": "yes",
        "fuel:octane_95": "yes",
        "fuel:octane_98": "yes",
        "name": "ONO",
        "opening_hours": "24/7",
        "operator": "Tank ONO s.r.o.",
        "payment:credit_cards": "yes",
        "payment:debit_cards": "yes",
        "shop": "yes",
        "toilets": "yes",
        "toilets:wheelchair": "limited",
        "wheelchair": "yes"
      },
      "geometry": {
        "type": "Point",
        "coordinates": [
          12.3183085,
          50.1630139
        ]
      },
      "id": "node/4589409457"
    },
    {
      "type": "Feature",
      "properties": {
        "@id": "node/4696868313",
        "addr:city": "Staré Sedlo",
        "amenity": "fuel",
        "brand": "Orlen",
        "fuel:diesel": "yes",
        "fuel:octane_100": "yes",
        "fuel:octane_95": "yes",
        "internet_access": "wlan",
        "internet_access:fee": "no",
        "name": "Orlen",
        "opening_hours": "24/7",
        "operator": "Orlen Unipetrol RPA",
        "website": "https://www.orlen.cz/",
        "wikidata": "Q1593113",
        "wikipedia": "cs:Orlen Unipetrol"
      },
      "geometry": {
        "type": "Point",
        "coordinates": [
          12.6942385,
          50.1849177
        ]
      },
      "id": "node/4696868313"
    },
    {
      "type": "Feature",
      "properties": {
        "@id": "node/4706581595",
        "amenity": "fuel",
        "brand": "MOL",
        "brand:wikidata": "Q549181",
        "brand:wikipedia": "cs:MOL (holding)",
        "fuel:octane_98": "yes",
        "name": "MOL Tišice",
        "opening_hours": "Mo-Su 06:00-20:00",
        "operator": "MOL Česká republika, s.r.o.",
        "website": "https://molcesko.cz/"
      },
      "geometry": {
        "type": "Point",
        "coordinates": [
          14.5732485,
          50.2600398
        ]
      },
      "id": "node/4706581595"
    },
    {
      "type": "Feature",
      "properties": {
        "@id": "node/4721498293",
        "amenity": "fuel",
        "brand": "Benzina",
        "brand:wikidata": "Q11130894",
        "fuel:GTL_diesel": "yes",
        "fuel:adblue:canister": "yes",
        "fuel:diesel": "yes",
        "fuel:octane_100": "yes",
        "fuel:octane_95": "yes",
        "internet_access": "wlan",
        "internet_access:fee": "no",
        "name": "Benzina - Osice PS",
        "opening_hours": "24/7",
        "operator": "Unipetrol RPA, s.r.o. – Benzina",
        "website": "https://www.benzina.cz/"
      },
      "geometry": {
        "type": "Point",
        "coordinates": [
          15.6975711,
          50.1373182
        ]
      },
      "id": "node/4721498293"
    },
    {
      "type": "Feature",
      "properties": {
        "@id": "node/4755204033",
        "amenity": "fuel",
        "email": "vejprty@f1gas.cz",
        "fuel:diesel": "yes",
        "fuel:octane_95": "yes",
        "fuel:octane_98": "yes",
        "name": "Free1 GAS Vejprty",
        "opening_hours": "24/7",
        "operator": "TOP TANK s.r.o.",
        "phone": "+420 474 331 188",
        "website": "https://www.f1gas.eu/station/map-detail/36"
      },
      "geometry": {
        "type": "Point",
        "coordinates": [
          13.0296377,
          50.4969798
        ]
      },
      "id": "node/4755204033"
    },
    {
      "type": "Feature",
      "properties": {
        "@id": "node/4828732521",
        "amenity": "fuel",
        "brand": "Shell",
        "brand:wikidata": "Q110716465",
        "brand:wikipedia": "en:Shell plc",
        "check_date": "2025-09-26",
        "compressed_air": "yes",
        "fuel:diesel": "yes",
        "fuel:octane_100": "yes",
        "fuel:octane_95": "yes",
        "internet_access": "wlan",
        "internet_access:fee": "no",
        "name": "Shell",
        "opening_hours": "24/7",
        "operator": "Shell Czech Republic a.s.",
        "toilets": "yes"
      },
      "geometry": {
        "type": "Point",
        "coordinates": [
          14.381599,
          50.0694301
        ]
      },
      "id": "node/4828732521"
    },
    {
      "type": "Feature",
      "properties": {
        "@id": "node/4828758421",
        "amenity": "fuel",
        "brand": "Shell",
        "brand:wikidata": "Q110716465",
        "brand:wikipedia": "cs:Shell (firma)",
        "compressed_air": "yes",
        "fuel:diesel": "yes",
        "fuel:lpg": "yes",
        "fuel:octane_100": "yes",
        "fuel:octane_95": "yes",
        "name": "Shell",
        "opening_hours": "24/7",
        "operator": "Shell Czech Republic a.s."
      },
      "geometry": {
        "type": "Point",
        "coordinates": [
          16.4829327,
          49.7896632
        ]
      },
      "id": "node/4828758421"
    },
    {
      "type": "Feature",
      "properties": {
        "@id": "node/4853159007",
        "amenity": "fuel",
        "brand": "MOL",
        "brand:wikidata": "Q549181",
        "brand:wikipedia": "cs:MOL (holding)",
        "compressed_air": "no",
        "fuel:GTL_diesel": "yes",
        "fuel:HGV_diesel": "yes",
        "fuel:diesel": "yes",
        "fuel:octane_100": "yes",
        "fuel:octane_95": "yes",
        "internet_access": "wlan",
        "internet_access:fee": "no",
        "name": "MOL, Brno - Hviezdoslavova",
        "opening_hours": "24/7",
        "operator": "MOL Česká republika, s.r.o.",
        "website": "https://molcesko.cz/"
      },
      "geometry": {
        "type": "Point",
        "coordinates": [
          16.6830772,
          49.1840606
        ]
      },
      "id": "node/4853159007"
    },
    {
      "type": "Feature",
      "properties": {
        "@id": "node/4853159020",
        "amenity": "fuel",
        "brand": "MOL",
        "brand:wikidata": "Q549181",
        "brand:wikipedia": "en:MOL (company)",
        "fuel:adblue": "yes",
        "fuel:diesel": "yes",
        "fuel:octane_100": "yes",
        "fuel:octane_95": "yes",
        "name": "MOL, Brno - Pisárky Bauerova",
        "opening_hours": "24/7",
        "operator": "MOL Česká republika, s.r.o.",
        "website": "https://molcesko.cz/"
      },
      "geometry": {
        "type": "Point",
        "coordinates": [
          16.5796553,
          49.1834882
        ]
      },
      "id": "node/4853159020"
    },
    {
      "type": "Feature",
      "properties": {
        "@id": "node/4853159221",
        "amenity": "fuel",
        "brand": "MOL",
        "brand:wikidata": "Q549181",
        "brand:wikipedia": "cs:MOL (holding)",
        "compressed_air": "yes",
        "fuel:GTL_diesel": "yes",
        "fuel:HGV_diesel": "yes",
        "fuel:diesel": "yes",
        "fuel:octane_100": "yes",
        "fuel:octane_95": "yes",
        "internet_access": "wlan",
        "internet_access:fee": "no",
        "name": "MOL Brno - Hradecká",
        "opening_hours": "06:00 - 22:00",
        "operator": "MOL Česká republika, s.r.o.",
        "website": "https://molcesko.cz/"
      },
      "geometry": {
        "type": "Point",
        "coordinates": [
          16.5826231,
          49.2318702
        ]
      },
      "id": "node/4853159221"
    },
    {
      "type": "Feature",
      "properties": {
        "@id": "node/4853159387",
        "amenity": "fuel",
        "brand": "Free1 GAS",
        "compressed_air": "yes",
        "fuel:diesel": "yes",
        "fuel:octane_95": "yes",
        "fuel:octane_98": "yes",
        "name": "Fill Rozvadov",
        "opening_hours": "24/7",
        "phone": "+420374783662",
        "wheelchair": "no"
      },
      "geometry": {
        "type": "Point",
        "coordinates": [
          12.5332761,
          49.6593639
        ]
      },
      "id": "node/4853159387"
    },
    {
      "type": "Feature",
      "properties": {
        "@id": "node/4892697115",
        "amenity": "fuel",
        "fuel:diesel": "yes",
        "fuel:lpg": "yes",
        "fuel:octane_95": "yes",
        "fuel:octane_98": "yes",
        "operator": "Benzína"
      },
      "geometry": {
        "type": "Point",
        "coordinates": [
          14.3087995,
          50.402351
        ]
      },
      "id": "node/4892697115"
    },
    {
      "type": "Feature",
      "properties": {
        "@id": "node/4952394797",
        "amenity": "fuel",
        "brand": "KM - PRONA",
        "email": "hostivar@km-prona.cz",
        "fuel:diesel": "yes",
        "fuel:e85": "yes",
        "fuel:lpg": "yes",
        "fuel:octane_95": "yes",
        "fuel:octane_98": "yes",
        "internet_access": "wlan",
        "name": "KM-Prona, Praha - Hostivař",
        "opening_hours": "24/7",
        "operator": "KM - PRONA, a.s.",
        "phone": "+420 777 939 399",
        "shop": "kiosk",
        "website": "https://km-prona.cz/cerpaci-stanice/seznam-stanic/23-praha-hostivar"
      },
      "geometry": {
        "type": "Point",
        "coordinates": [
          14.5378402,
          50.0638641
        ]
      },
      "id": "node/4952394797"
    },
    {
      "type": "Feature",
      "properties": {
        "@id": "node/4964411435",
        "amenity": "fuel",
        "brand": "Benzina",
        "compressed_air": "yes",
        "fuel:diesel": "yes",
        "fuel:lpg": "yes",
        "fuel:octane_100": "yes",
        "fuel:octane_95": "yes",
        "opening_hours": "24/7"
      },
      "geometry": {
        "type": "Point",
        "coordinates": [
          16.6497293,
          49.4910003
        ]
      },
      "id": "node/4964411435"
    },
    {
      "type": "Feature",
      "properties": {
        "@id": "node/5314964460",
        "amenity": "fuel",
        "brand": "Benzina",
        "brand:wikidata": "Q11130894",
        "fuel:GTL_diesel": "yes",
        "fuel:adblue:canister": "yes",
        "fuel:diesel": "yes",
        "fuel:octane_100": "yes",
        "fuel:octane_95": "yes",
        "internet_access": "wlan",
        "internet_access:fee": "no",
        "name": "Benzina - Luhačovice",
        "opening_hours": "05:00-22:00",
        "operator": "Unipetrol RPA, s.r.o. – Benzina",
        "website": "https://www.benzina.cz/"
      },
      "geometry": {
        "type": "Point",
        "coordinates": [
          17.7434899,
          49.0935931
        ]
      },
      "id": "node/5314964460"
    },
    {
      "type": "Feature",
      "properties": {
        "@id": "node/5318700473",
        "amenity": "fuel",
        "branch": "Vyšší Brod",
        "brand": "Orlen",
        "brand:facebook": "orlencz",
        "brand:website": "https://www.orlen.cz/",
        "brand:wikidata": "Q971649",
        "compressed_air": "yes",
        "fuel:diesel": "yes",
        "fuel:octane_100": "yes",
        "fuel:octane_95": "yes",
        "internet_access": "wlan",
        "internet_access:fee": "customers",
        "name": "Orlen",
        "opening_hours": "Mo-Su 05:00-22:00",
        "operator": "Orlen Unipetrol RPA",
        "toilets": "yes",
        "wheelchair": "yes"
      },
      "geometry": {
        "type": "Point",
        "coordinates": [
          14.3249108,
          48.6190964
        ]
      },
      "id": "node/5318700473"
    },
    {
      "type": "Feature",
      "properties": {
        "@id": "node/5335393150",
        "amenity": "fuel",
        "branch": "Prostějov, Olomoucká",
        "brand": "Orlen",
        "brand:wikidata": "Q971649",
        "fuel:adblue:canister": "yes",
        "fuel:diesel": "yes",
        "fuel:octane_100": "yes",
        "fuel:octane_95": "yes",
        "internet_access": "wlan",
        "internet_access:fee": "no",
        "name": "Orlen",
        "opening_hours": "24/7"
      },
      "geometry": {
        "type": "Point",
        "coordinates": [
          17.1217947,
          49.483644
        ]
      },
      "id": "node/5335393150"
    },
    {
      "type": "Feature",
      "properties": {
        "@id": "node/5422665558",
        "amenity": "fuel",
        "brand": "EuroOil",
        "brand:wikidata": "Q110219457",
        "contact:website": "https://www.ceproas.cz/eurooil",
        "fuel:cng": "yes",
        "fuel:diesel": "yes",
        "fuel:e85": "yes",
        "fuel:lpg": "yes",
        "fuel:octane_95": "yes",
        "fuel:octane_98": "yes",
        "internet_access": "wlan",
        "internet_access:fee": "no",
        "name": "EuroOil Olomouc - Hodolany, Lipenská",
        "opening_hours": "Mo-Su 06:00-20:00",
        "operator": "Čepro, a.s.",
        "ref": "518",
        "shop": "gas"
      },
      "geometry": {
        "type": "Point",
        "coordinates": [
          17.2985523,
          49.5895121
        ]
      },
      "id": "node/5422665558"
    },
    {
      "type": "Feature",
      "properties": {
        "@id": "node/5518593589",
        "amenity": "fuel",
        "automated": "yes",
        "brand": "KM - PRONA",
        "email": "zatec@km-prona.cz",
        "fuel:adblue": "yes",
        "fuel:diesel": "yes",
        "fuel:e85": "yes",
        "fuel:lpg": "yes",
        "fuel:octane_100": "yes",
        "fuel:octane_95": "yes",
        "fuel:octane_98": "no",
        "internet_access": "wlan",
        "name": "KM-Prona, Žatec",
        "note": "22:00-05:00 tankautomat",
        "opening_hours": "24/7",
        "operator": "KM - PRONA, a.s.",
        "phone": "+420 415 710 239",
        "shop": "yes",
        "website": "https://km-prona.cz/cerpaci-stanice/seznam-stanic/33-zatec"
      },
      "geometry": {
        "type": "Point",
        "coordinates": [
          13.5296953,
          50.3190899
        ]
      },
      "id": "node/5518593589"
    },
    {
      "type": "Feature",
      "properties": {
        "@id": "node/5518593590",
        "amenity": "fuel",
        "brand": "KM - PRONA",
        "email": "jaromerice@km-prona.cz",
        "fuel:HGV_diesel": "yes",
        "fuel:adblue": "yes",
        "fuel:diesel": "yes",
        "fuel:lpg": "yes",
        "fuel:octane_95": "yes",
        "fuel:octane_98": "yes",
        "internet_access": "wlan",
        "name": "KM-Prona, Jaroměřice nad Rokytnou",
        "note": "22:00-05:00 tankautomat",
        "opening_hours": "24/7",
        "operator": "KM - PRONA, a.s.",
        "phone": "+420 568 440 095",
        "shop": "yes",
        "website": "https://km-prona.cz/cerpaci-stanice/seznam-stanic/37-jaromerice-nad-rokytnou"
      },
      "geometry": {
        "type": "Point",
        "coordinates": [
          15.8883628,
          49.08892
        ]
      },
      "id": "node/5518593590"
    },
    {
      "type": "Feature",
      "properties": {
        "@id": "node/5527137073",
        "amenity": "fuel",
        "email": "cs14@robinoil.cz",
        "fuel:diesel": "yes",
        "fuel:octane_95": "yes",
        "fuel:octane_98": "yes",
        "kiosk": "yes",
        "name": "RoBiN OIL Harrachov",
        "opening_hours": "24/7",
        "operator": "RoBiN OIL s.r.o.",
        "shop": "yes",
        "toilets": "yes",
        "website": "http://www.robinoil.cz/index.php/cerpaci-stanice/vyhledavani-cs/5"
      },
      "geometry": {
        "type": "Point",
        "coordinates": [
          15.396907,
          50.762567
        ]
      },
      "id": "node/5527137073"
    },
    {
      "type": "Feature",
      "properties": {
        "@id": "node/5599873947",
        "amenity": "fuel",
        "brand": "EuroOil",
        "brand:wikidata": "Q110219457",
        "car_wash": "yes",
        "check_date:opening_hours": "2026-07-08",
        "compressed_air": "yes",
        "contact:website": "https://www.ceproas.cz/eurooil",
        "fuel:diesel": "yes",
        "fuel:e85": "yes",
        "fuel:octane_95": "yes",
        "fuel:octane_98": "yes",
        "internet_access": "wlan",
        "internet_access:fee": "no",
        "name": "EuroOil Brno - Lesná, Okružní",
        "opening_hours": "Mo-Su 06:00-21:00",
        "operator": "Čepro, a.s.",
        "ref": "403",
        "shop": "gas"
      },
      "geometry": {
        "type": "Point",
        "coordinates": [
          16.6213782,
          49.2326703
        ]
      },
      "id": "node/5599873947"
    },
    {
      "type": "Feature",
      "properties": {
        "@id": "node/5601741287",
        "addr:city": "Šestajovice",
        "addr:housenumber": "1190",
        "addr:postcode": "25092",
        "addr:street": "Revoluční",
        "amenity": "fuel",
        "brand": "FB Petrol",
        "fuel:adblue": "yes",
        "fuel:diesel": "yes",
        "fuel:octane_95": "yes",
        "fuel:octane_98": "yes",
        "name": "Brtek s.r.o.",
        "opening_hours": "06:00-21:00",
        "payment:cash": "yes",
        "payment:credit_cards": "yes",
        "payment:mastercard": "yes",
        "payment:visa": "yes"
      },
      "geometry": {
        "type": "Point",
        "coordinates": [
          14.6753868,
          50.1173811
        ]
      },
      "id": "node/5601741287"
    },
    {
      "type": "Feature",
      "properties": {
        "@id": "node/5614142959",
        "amenity": "fuel",
        "brand": "EuroOil",
        "brand:wikidata": "Q110219457",
        "compressed_air": "yes",
        "contact:website": "https://www.ceproas.cz/eurooil",
        "fuel:diesel": "yes",
        "fuel:e85": "no",
        "fuel:octane_95": "yes",
        "fuel:octane_98": "yes",
        "internet_access": "wlan",
        "internet_access:fee": "no",
        "name": "EuroOil Brno - výstaviště, Křížkovského",
        "opening_hours": "Mo-Su 06:00-22:00",
        "operator": "Čepro, a.s.",
        "ref": "404"
      },
      "geometry": {
        "type": "Point",
        "coordinates": [
          16.5872637,
          49.1875581
        ]
      },
      "id": "node/5614142959"
    },
    {
      "type": "Feature",
      "properties": {
        "@id": "node/5614174766",
        "amenity": "fuel",
        "brand": "EuroOil",
        "brand:wikidata": "Q110219457",
        "car_wash": "yes",
        "contact:website": "https://www.ceproas.cz/eurooil",
        "fuel:biodiesel": "yes",
        "fuel:diesel": "yes",
        "fuel:e85": "yes",
        "fuel:octane_95": "yes",
        "fuel:octane_98": "yes",
        "name": "EuroOil Chotěboř",
        "opening_hours": "Mo-Su 05:00-22:00",
        "operator": "Čepro, a.s.",
        "ref": "72",
        "shop": "gas"
      },
      "geometry": {
        "type": "Point",
        "coordinates": [
          15.6621377,
          49.712223
        ]
      },
      "id": "node/5614174766"
    },
    {
      "type": "Feature",
      "properties": {
        "@id": "node/5614174783",
        "amenity": "fuel",
        "brand": "EuroOil",
        "contact:website": "https://www.ceproas.cz/eurooil",
        "fuel:biodiesel": "yes",
        "fuel:diesel": "yes",
        "fuel:octane_95": "yes",
        "fuel:octane_98": "yes",
        "internet_access": "wlan",
        "internet_access:fee": "no",
        "name": "EuroOil Jičín",
        "opening_hours": "Mo-Su 06:00-21:00",
        "operator": "Čepro, a.s.",
        "ref": "326",
        "shop": "gas"
      },
      "geometry": {
        "type": "Point",
        "coordinates": [
          15.3425623,
          50.4325282
        ]
      },
      "id": "node/5614174783"
    },
    {
      "type": "Feature",
      "properties": {
        "@id": "node/5614196290",
        "amenity": "fuel",
        "brand": "EuroOil",
        "car_wash": "yes",
        "contact:website": "https://www.ceproas.cz/eurooil",
        "fuel:biodiesel": "yes",
        "fuel:diesel": "yes",
        "fuel:e85": "yes",
        "fuel:lpg": "yes",
        "fuel:octane_95": "yes",
        "fuel:octane_98": "yes",
        "internet_access": "wlan",
        "internet_access:fee": "no",
        "name": "EuroOil",
        "opening_hours": "Mo-Su 05:00-22:00",
        "operator": "Čepro, a.s.",
        "ref": "624",
        "shop": "gas"
      },
      "geometry": {
        "type": "Point",
        "coordinates": [
          12.7368148,
          49.8627419
        ]
      },
      "id": "node/5614196290"
    },
    {
      "type": "Feature",
      "properties": {
        "@id": "node/5614196297",
        "amenity": "fuel",
        "brand": "EuroOil",
        "contact:website": "https://www.ceproas.cz/eurooil",
        "fuel:diesel": "yes",
        "fuel:e85": "yes",
        "fuel:octane_95": "yes",
        "fuel:octane_98": "yes",
        "internet_access": "wlan",
        "internet_access:fee": "no",
        "name": "EuroOil Plzeň, Křimice",
        "opening_hours": "Mo-Su 05:00-22:00",
        "operator": "Čepro, a.s.",
        "ref": "615",
        "shop": "gas",
        "wheelchair": "yes"
      },
      "geometry": {
        "type": "Point",
        "coordinates": [
          13.3094278,
          49.755675
        ]
      },
      "id": "node/5614196297"
    },
    {
      "type": "Feature",
      "properties": {
        "@id": "node/5695365854",
        "addr:city": "Antošovice",
        "addr:postcode": "71100",
        "amenity": "fuel",
        "brand": "EuroOil",
        "description": "směr Česko",
        "description:cs": "směr Česko",
        "description:pl": "kierunek Czechy",
        "fuel:adblue": "yes",
        "fuel:diesel": "yes",
        "fuel:lpg": "yes",
        "fuel:octane_95": "yes",
        "fuel:octane_98": "yes",
        "internet_access": "wlan",
        "internet_access:fee": "no",
        "name": "EuroOil Antošovice- levá",
        "name:pl": "Stacja EuroOil Antošovice-D1",
        "opening_hours": "24/7",
        "operator": "Čepro, a.s.",
        "ref": "549",
        "shop": "gas;convenience"
      },
      "geometry": {
        "type": "Point",
        "coordinates": [
          18.3077036,
          49.905307
        ]
      },
      "id": "node/5695365854"
    },
    {
      "type": "Feature",
      "properties": {
        "@id": "node/5695365855",
        "addr:city": "Antošovice",
        "addr:postcode": "71100",
        "amenity": "fuel",
        "brand": "EuroOil",
        "capacity:hgv": "2",
        "capacity:motorcar": "9",
        "description": "směr Polsko",
        "description:cs": "směr Polsko",
        "description:pl": "kierunek Polska",
        "fuel:adblue": "yes",
        "fuel:diesel": "yes",
        "fuel:lpg": "yes",
        "fuel:octane_95": "yes",
        "fuel:octane_98": "yes",
        "internet_access": "wlan",
        "internet_access:fee": "no",
        "name": "EuroOil Antošovice- pravá",
        "name:pl": "Stacja EuroOil Antošovice-D1",
        "opening_hours": "24/7",
        "operator": "Čepro, a.s.",
        "ref": "548",
        "self_service": "yes",
        "shop": "convenience;gas"
      },
      "geometry": {
        "type": "Point",
        "coordinates": [
          18.3059301,
          49.900697
        ]
      },
      "id": "node/5695365855"
    },
    {
      "type": "Feature",
      "properties": {
        "@id": "node/5695365865",
        "amenity": "fuel",
        "brand": "EuroOil",
        "car_wash": "yes",
        "compressed_air": "yes",
        "fuel:diesel": "yes",
        "fuel:octane_95": "yes",
        "fuel:octane_98": "yes",
        "internet_access": "wlan",
        "internet_access:fee": "no",
        "name": "EuroOil Karviná",
        "opening_hours": "Mo-Su 05:00-21:00",
        "operator": "Čepro, a.s.",
        "ref": "512",
        "shop": "gas"
      },
      "geometry": {
        "type": "Point",
        "coordinates": [
          18.5351528,
          49.85515
        ]
      },
      "id": "node/5695365865"
    },
    {
      "type": "Feature",
      "properties": {
        "@id": "node/5695399485",
        "amenity": "fuel",
        "brand": "EuroOil",
        "fuel:diesel": "yes",
        "fuel:octane_95": "yes",
        "fuel:octane_98": "yes",
        "name": "EuroOil Loučovice",
        "opening_hours": "Mo-Su 06:00-19:00",
        "operator": "Čepro, a.s.",
        "ref": "230",
        "vending": "fuel",
        "vending_machine": "fuel"
      },
      "geometry": {
        "type": "Point",
        "coordinates": [
          14.253995,
          48.6170325
        ]
      },
      "id": "node/5695399485"
    },
    {
      "type": "Feature",
      "properties": {
        "@id": "node/5695450482",
        "amenity": "fuel",
        "brand": "EuroOil",
        "compressed_air": "yes",
        "fuel:diesel": "yes",
        "fuel:octane_95": "yes",
        "fuel:octane_98": "yes",
        "internet_access": "wlan",
        "internet_access:fee": "no",
        "name": "EuroOil Kamýk nad Vltavou",
        "opening_hours": "Mo-Su 06:00-20:00",
        "operator": "Čepro, a.s.",
        "ref": "218"
      },
      "geometry": {
        "type": "Point",
        "coordinates": [
          14.2536161,
          49.6396226
        ]
      },
      "id": "node/5695450482"
    },
    {
      "type": "Feature",
      "properties": {
        "@id": "node/5723987179",
        "amenity": "fuel",
        "branch": "Opava, Hradecká",
        "brand": "Orlen",
        "brand:wikidata": "Q971649",
        "compressed_air": "yes",
        "contact:facebook": "https://www.facebook.com/orlencz",
        "fuel:GTL_diesel": "yes",
        "fuel:adblue:canister": "yes",
        "fuel:diesel": "yes",
        "fuel:octane_100": "yes",
        "fuel:octane_95": "yes",
        "internet_access": "wlan",
        "internet_access:fee": "customers",
        "name": "Orlen",
        "opening_hours": "24/7",
        "operator": "Orlen Unipetrol RPA s.r.o. - Benzina, odštěpný závod",
        "toilets": "yes",
        "website": "https://www.orlen.cz/",
        "wheelchair": "yes"
      },
      "geometry": {
        "type": "Point",
        "coordinates": [
          17.8984394,
          49.9271668
        ]
      },
      "id": "node/5723987179"
    },
    {
      "type": "Feature",
      "properties": {
        "@id": "node/5736217370",
        "amenity": "fuel",
        "brand": "Shell",
        "fuel:diesel": "yes",
        "fuel:octane_95": "yes",
        "fuel:octane_98": "yes",
        "name": "Shell Hulín"
      },
      "geometry": {
        "type": "Point",
        "coordinates": [
          17.4802607,
          49.3038008
        ]
      },
      "id": "node/5736217370"
    },
    {
      "type": "Feature",
      "properties": {
        "@id": "node/5880867206",
        "amenity": "fuel",
        "brand": "Orlen",
        "brand:wikidata": "Q971649",
        "compressed_air": "yes",
        "contact:facebook": "https://www.facebook.com/orlencz",
        "fuel:GTL_diesel": "yes",
        "fuel:adblue": "yes",
        "fuel:diesel": "yes",
        "fuel:octane_100": "yes",
        "fuel:octane_95": "yes",
        "internet_access": "wlan",
        "internet_access:fee": "customers",
        "name": "Orlen",
        "opening_hours": "24/7",
        "operator": "Orlen Unipetrol RPA s.r.o. - Benzina, odštěpný závod",
        "toilets": "yes",
        "website": "https://www.orlen.cz/",
        "wheelchair": "yes"
      },
      "geometry": {
        "type": "Point",
        "coordinates": [
          18.2533384,
          49.7817144
        ]
      },
      "id": "node/5880867206"
    },
    {
      "type": "Feature",
      "properties": {
        "@id": "node/6002500889",
        "amenity": "fuel",
        "brand": "Benzina",
        "brand:wikidata": "Q11130894",
        "fuel:adblue:canister": "yes",
        "fuel:diesel": "yes",
        "fuel:octane_100": "yes",
        "fuel:octane_95": "yes",
        "internet_access": "wlan",
        "internet_access:fee": "no",
        "name": "Benzina - Bratří Štefanů",
        "opening_hours": "24/7",
        "operator": "Unipetrol RPA, s.r.o. – Benzina",
        "website": "https://www.benzina.cz/"
      },
      "geometry": {
        "type": "Point",
        "coordinates": [
          15.8780054,
          50.2176887
        ]
      },
      "id": "node/6002500889"
    },
    {
      "type": "Feature",
      "properties": {
        "@id": "node/6219343209",
        "amenity": "fuel",
        "branch": "Dačice, Hradecká",
        "brand": "Orlen",
        "brand:facebook": "orlencz",
        "brand:website": "https://www.orlen.cz",
        "brand:wikidata": "Q971649",
        "compressed_air": "yes",
        "fuel:adblue:canister": "yes",
        "fuel:diesel": "yes",
        "fuel:octane_100": "yes",
        "fuel:octane_95": "yes",
        "internet_access": "wlan",
        "internet_access:fee": "customers",
        "name": "Orlen",
        "opening_hours": "Mo-Su 05:00-23:00",
        "operator": "Orlen Unipetrol RPA s.r.o. - Benzina, odštěpný závod",
        "payment:american_express": "yes",
        "payment:apple_pay": "yes",
        "payment:cash": "yes",
        "payment:ccs": "yes",
        "payment:dkv": "yes",
        "payment:eurooil": "yes",
        "payment:euroshell": "yes",
        "payment:google_pay": "yes",
        "payment:jcb": "yes",
        "payment:logpay": "yes",
        "payment:maestro": "yes",
        "payment:mastercard": "yes",
        "payment:omv_card": "yes",
        "payment:uta": "yes",
        "payment:visa": "yes",
        "payment:visa_electron": "yes",
        "toilets": "yes",
        "wheelchair": "yes"
      },
      "geometry": {
        "type": "Point",
        "coordinates": [
          15.4197834,
          49.0818576
        ]
      },
      "id": "node/6219343209"
    },
    {
      "type": "Feature",
      "properties": {
        "@id": "node/6219360531",
        "amenity": "fuel",
        "brand": "Orlen",
        "brand:facebook": "https://www.facebook.com/orlencz",
        "brand:website": "https://www.orlen.cz",
        "brand:wikidata": "Q971649",
        "compressed_air": "yes",
        "fuel:GTL_diesel": "yes",
        "fuel:adblue": "yes",
        "fuel:diesel": "yes",
        "fuel:octane_100": "yes",
        "fuel:octane_95": "yes",
        "internet_access": "wlan",
        "internet_access:fee": "customers",
        "name": "Orlen",
        "opening_hours": "Mo-Su 05:00-22:00",
        "operator": "Orlen Unipetrol RPA s.r.o. - Benzina, odštěpný závod",
        "payment:american_express": "yes",
        "payment:apple_pay": "yes",
        "payment:cash": "yes",
        "payment:ccs": "yes",
        "payment:diners_club": "yes",
        "payment:dkv": "yes",
        "payment:eurooil": "yes",
        "payment:euroshell": "yes",
        "payment:google_pay": "yes",
        "payment:jcb": "yes",
        "payment:maestro": "yes",
        "payment:mastercard": "yes",
        "payment:mastercard_electronic": "yes",
        "payment:omv_card": "yes",
        "payment:union_pay": "yes",
        "payment:uta": "yes",
        "payment:visa": "yes",
        "payment:visa_electron": "yes",
        "toilets": "yes",
        "wheelchair": "yes"
      },
      "geometry": {
        "type": "Point",
        "coordinates": [
          15.3489693,
          48.9964567
        ]
      },
      "id": "node/6219360531"
    },
    {
      "type": "Feature",
      "properties": {
        "@id": "node/6283886682",
        "amenity": "fuel",
        "fuel:adblue": "yes",
        "fuel:diesel": "yes",
        "fuel:lpg": "yes",
        "fuel:octane_95": "yes",
        "fuel:octane_98": "yes",
        "name": "Tank Ono - ČS Dobkovice u Děčína",
        "opening_hours": "24/7",
        "operator": "Tank ONO s.r.o.",
        "toilets": "yes",
        "website": "https://www.tank-ono.cz/cz/index.php?page=pumpcard&pump=40"
      },
      "geometry": {
        "type": "Point",
        "coordinates": [
          14.1888736,
          50.7209702
        ]
      },
      "id": "node/6283886682"
    },
    {
      "type": "Feature",
      "properties": {
        "@id": "node/6325927288",
        "amenity": "fuel",
        "brand": "Robin Oil",
        "brand:website": "https://www.ceproas.cz/eurooil",
        "brand:wikidata": "Q133453886",
        "compressed_air": "yes",
        "email": "cs91@robinoil.cz",
        "fuel:GTL_diesel": "yes",
        "fuel:diesel": "yes",
        "fuel:lpg": "yes",
        "fuel:octane_95": "yes",
        "fuel:octane_98": "yes",
        "internet_access": "wlan",
        "internet_access:fee": "customers",
        "name": "Robin Oil",
        "opening_hours": "24/7",
        "operator": "Čepro",
        "toilets": "yes",
        "wheelchair": "yes"
      },
      "geometry": {
        "type": "Point",
        "coordinates": [
          14.3336274,
          49.0437288
        ]
      },
      "id": "node/6325927288"
    },
    {
      "type": "Feature",
      "properties": {
        "@id": "node/6433718131",
        "amenity": "fuel",
        "brand": "Benzina",
        "brand:wikidata": "Q11130894",
        "brand:wikipedia": "cs:Benzina",
        "fuel:GTL_diesel": "yes",
        "fuel:adblue:canister": "yes",
        "fuel:diesel": "yes",
        "fuel:lpg": "yes",
        "fuel:octane_100": "yes",
        "fuel:octane_95": "yes",
        "internet_access": "wlan",
        "internet_access:fee": "no",
        "name": "Benzina Koutníkova",
        "opening_hours": "24/7",
        "operator": "Unipetrol RPA, s.r.o. – Benzina",
        "website": "https://www.benzina.cz/"
      },
      "geometry": {
        "type": "Point",
        "coordinates": [
          15.8070927,
          50.2210397
        ]
      },
      "id": "node/6433718131"
    },
    {
      "type": "Feature",
      "properties": {
        "@id": "node/6743997080",
        "amenity": "fuel",
        "brand": "Orlen",
        "brand:facebook": "https://www.facebook.com/orlencz",
        "brand:website": "https://www.orlen.cz",
        "brand:wikidata": "Q971649",
        "brand:wikipedia": "cs:Orlen",
        "compressed_air": "yes",
        "fuel:diesel": "yes",
        "fuel:lpg": "yes",
        "fuel:octane_100": "yes",
        "fuel:octane_95": "yes",
        "internet_access": "wlan",
        "internet_access:fee": "customers",
        "name": "Orlen",
        "opening_hours": "Mo-Su 05:00-23:00",
        "operator": "Orlen Unipetrol RPA s.r.o. - Benzina, odštěpný závod",
        "toilets": "yes",
        "wheelchair": "yes"
      },
      "geometry": {
        "type": "Point",
        "coordinates": [
          13.1948719,
          50.3888771
        ]
      },
      "id": "node/6743997080"
    },
    {
      "type": "Feature",
      "properties": {
        "@id": "node/6791194840",
        "addr:city": "Praha 7",
        "addr:housenumber": "ev.168/28",
        "addr:place": "Holešovice",
        "addr:postcode": "17000",
        "addr:provisionalnumber": "168",
        "addr:street": "Vrbenského",
        "addr:streetnumber": "28",
        "amenity": "fuel",
        "brand": "MOL",
        "brand:wikidata": "Q549181",
        "brand:wikipedia": "en:MOL (company)",
        "fuel:diesel": "yes",
        "fuel:octane_100": "yes",
        "fuel:octane_95": "yes",
        "name": "MOL, Holešovice",
        "opening_hours": "24/7",
        "operator": "MOL Česká republika, s.r.o.",
        "website": "https://molcesko.cz/"
      },
      "geometry": {
        "type": "Point",
        "coordinates": [
          14.4382252,
          50.1089683
        ]
      },
      "id": "node/6791194840"
    },
    {
      "type": "Feature",
      "properties": {
        "@id": "node/6791194841",
        "amenity": "fuel",
        "branch": "Praha, Liberecká, výjezd z centra",
        "brand": "MOL",
        "brand:wikidata": "Q549181",
        "brand:wikipedia": "en:MOL (company)",
        "compressed_air": "yes",
        "contact:facebook": "https://www.facebook.com/molcesko",
        "contact:instagram": "https://www.instagram.com/mol_cesko",
        "fuel:GTL_diesel": "yes",
        "fuel:diesel": "yes",
        "fuel:octane_100": "yes",
        "fuel:octane_95": "yes",
        "internet_access": "wlan",
        "internet_access:fee": "customers",
        "name": "MOL",
        "opening_hours": "24/7",
        "operator": "MOL Česká republika",
        "payment:american_express": "yes",
        "payment:cash": "yes",
        "payment:ccs": "yes",
        "payment:dkv": "yes",
        "payment:e100": "yes",
        "payment:eurooil": "yes",
        "payment:ina": "yes",
        "payment:maestro": "yes",
        "payment:mastercard": "yes",
        "payment:mol": "yes",
        "payment:slovnaft": "yes",
        "payment:uta": "yes",
        "payment:v_pay": "yes",
        "payment:visa": "yes",
        "toilets": "yes",
        "website": "https://molcesko.cz/cz",
        "wheelchair": "yes"
      },
      "geometry": {
        "type": "Point",
        "coordinates": [
          14.4758928,
          50.1211027
        ]
      },
      "id": "node/6791194841"
    },
    {
      "type": "Feature",
      "properties": {
        "@id": "node/6831462195",
        "amenity": "fuel",
        "brand": "Orlen",
        "brand:wikidata": "Q971649",
        "fuel:GTL_diesel": "yes",
        "fuel:adblue": "yes",
        "fuel:adblue:canister": "yes",
        "fuel:diesel": "yes",
        "fuel:lpg": "yes",
        "fuel:octane_100": "yes",
        "fuel:octane_95": "yes",
        "internet_access": "wlan",
        "internet_access:fee": "no",
        "name": "Orlen",
        "opening_hours": "24/7",
        "website": "https://www.orlen.cz/"
      },
      "geometry": {
        "type": "Point",
        "coordinates": [
          14.1363855,
          50.5165537
        ]
      },
      "id": "node/6831462195"
    },
    {
      "type": "Feature",
      "properties": {
        "@id": "node/6868830944",
        "amenity": "fuel",
        "brand": "Benzina",
        "brand:wikidata": "Q11130894",
        "fuel:diesel": "yes",
        "fuel:lpg": "yes",
        "fuel:octane_100": "yes",
        "fuel:octane_95": "yes",
        "internet_access": "wlan",
        "internet_access:fee": "no",
        "name": "Benzina - Kojetín",
        "opening_hours": "06:00-21:00",
        "operator": "Unipetrol RPA, s.r.o. – Benzina",
        "website": "https://www.benzina.cz/"
      },
      "geometry": {
        "type": "Point",
        "coordinates": [
          17.3137122,
          49.3381795
        ]
      },
      "id": "node/6868830944"
    },
    {
      "type": "Feature",
      "properties": {
        "@id": "node/6869130739",
        "addr:city": "Louny",
        "addr:housenumber": "2672",
        "addr:postcode": "44001",
        "addr:street": "Václava Majera",
        "amenity": "fuel",
        "brand": "Orlen",
        "brand:wikidata": "Q971649",
        "compressed_air": "yes",
        "contact:facebook": "https://www.facebook.com/orlencz",
        "fuel:GTL_diesel": "yes",
        "fuel:adblue:canister": "yes",
        "fuel:diesel": "yes",
        "fuel:octane_100": "yes",
        "fuel:octane_95": "yes",
        "internet_access": "wlan",
        "internet_access:fee": "customers",
        "name": "Orlen",
        "opening_hours": "Mo-Su 05:00-22:00",
        "operator": "Orlen Unipetrol RPA s.r.o. - Benzina, odštěpný závod",
        "toilets": "yes",
        "website": "https://www.orlen.cz/",
        "wheelchair": "yes"
      },
      "geometry": {
        "type": "Point",
        "coordinates": [
          13.8160465,
          50.3502156
        ]
      },
      "id": "node/6869130739"
    },
    {
      "type": "Feature",
      "properties": {
        "@id": "node/6949440999",
        "amenity": "fuel",
        "brand": "Benzina",
        "brand:wikidata": "Q11130894",
        "email": "benzina@benzina.cz",
        "fuel:GTL_diesel": "yes",
        "fuel:adblue:canister": "yes",
        "fuel:diesel": "yes",
        "fuel:octane_100": "yes",
        "fuel:octane_95": "yes",
        "internet_access": "wlan",
        "internet_access:fee": "no",
        "name": "Benzina - Přeštice",
        "opening_hours": "PH,Mo-Su 05:00-23:00",
        "operator": "Unipetrol RPA, s.r.o. – Benzina",
        "phone": "+420 377 982 358",
        "website": "https://www.benzina.cz/"
      },
      "geometry": {
        "type": "Point",
        "coordinates": [
          13.3269712,
          49.5781687
        ]
      },
      "id": "node/6949440999"
    },
    {
      "type": "Feature",
      "properties": {
        "@id": "node/6988061026",
        "amenity": "fuel",
        "brand": "MOL",
        "brand:wikidata": "Q549181",
        "brand:wikipedia": "cs:MOL (holding)",
        "fuel:diesel": "yes",
        "fuel:octane_100": "yes",
        "fuel:octane_95": "yes",
        "name": "MOL, Ostrava, Opavská 13",
        "opening_hours": "05:00-22:00",
        "operator": "MOL Česká republika, s.r.o.",
        "website": "https://molcesko.cz/"
      },
      "geometry": {
        "type": "Point",
        "coordinates": [
          18.1995057,
          49.8261702
        ]
      },
      "id": "node/6988061026"
    },
    {
      "type": "Feature",
      "properties": {
        "@id": "node/6988061027",
        "amenity": "fuel",
        "brand": "MOL",
        "brand:wikidata": "Q549181",
        "brand:wikipedia": "cs:MOL (holding)",
        "fuel:diesel": "yes",
        "fuel:octane_100": "yes",
        "fuel:octane_95": "yes",
        "internet_access": "wlan",
        "internet_access:fee": "no",
        "name": "MOL, Ostrava - Ruská",
        "opening_hours": "05:00-22:00",
        "operator": "MOL Česká republika, s.r.o.",
        "website": "https://molcesko.cz/"
      },
      "geometry": {
        "type": "Point",
        "coordinates": [
          18.2500747,
          49.807654
        ]
      },
      "id": "node/6988061027"
    },
    {
      "type": "Feature",
      "properties": {
        "@id": "node/7167662948",
        "amenity": "fuel",
        "brand": "MOL",
        "brand:wikidata": "Q549181",
        "brand:wikipedia": "en:MOL (company)",
        "fuel:diesel": "yes",
        "fuel:lpg": "yes",
        "fuel:octane_95": "yes",
        "fuel:octane_98": "yes",
        "name": "Mol",
        "opening_hours": "Mo-Fr 05:00-22:00; Sa,Su 06:00-22:00",
        "operator": "MOL Česká republika, s.r.o.",
        "website": "https://molcesko.cz/"
      },
      "geometry": {
        "type": "Point",
        "coordinates": [
          14.6487477,
          50.1739392
        ]
      },
      "id": "node/7167662948"
    },
    {
      "type": "Feature",
      "properties": {
        "@id": "node/7216995105",
        "amenity": "fuel",
        "brand": "TOPAS",
        "fuel:diesel": "yes",
        "fuel:lpg": "yes",
        "fuel:octane_95": "yes",
        "fuel:octane_98": "yes",
        "name": "TOPAS",
        "payment:maestro": "yes",
        "payment:mastercard": "yes",
        "payment:visa": "yes",
        "payment:visa_debit": "yes",
        "payment:visa_electron": "yes",
        "shop": "yes"
      },
      "geometry": {
        "type": "Point",
        "coordinates": [
          16.5277733,
          49.621329
        ]
      },
      "id": "node/7216995105"
    },
    {
      "type": "Feature",
      "properties": {
        "@id": "node/7365245915",
        "amenity": "fuel",
        "brand": "MOL",
        "brand:wikidata": "Q549181",
        "brand:wikipedia": "cs:MOL (holding)",
        "fuel:diesel": "yes",
        "fuel:octane_95": "yes",
        "fuel:octane_98": "yes",
        "name": "MOL, Odrava u Chebu",
        "opening_hours": "24/7",
        "operator": "MOL Česká republika, s.r.o.",
        "phone": "+420 354 597103",
        "website": "https://molcesko.cz/"
      },
      "geometry": {
        "type": "Point",
        "coordinates": [
          12.4862422,
          50.1031542
        ]
      },
      "id": "node/7365245915"
    },
    {
      "type": "Feature",
      "properties": {
        "@id": "node/7365245916",
        "amenity": "fuel",
        "brand": "MOL",
        "brand:wikidata": "Q549181",
        "brand:wikipedia": "cs:MOL (holding)",
        "compressed_air": "yes",
        "fuel:diesel": "yes",
        "fuel:octane_95": "yes",
        "fuel:octane_98": "yes",
        "name": "MOL, Pomezí směr ČR",
        "opening_hours": "24/7",
        "operator": "MOL Česká republika, s.r.o.",
        "website": "https://molcesko.cz/"
      },
      "geometry": {
        "type": "Point",
        "coordinates": [
          12.2643739,
          50.0860948
        ]
      },
      "id": "node/7365245916"
    },
    {
      "type": "Feature",
      "properties": {
        "@id": "node/7365245926",
        "amenity": "fuel",
        "brand": "MOL",
        "brand:wikidata": "Q549181",
        "brand:wikipedia": "cs:MOL (holding)",
        "compressed_air": "yes",
        "fuel:diesel": "yes",
        "fuel:octane_95": "yes",
        "fuel:octane_98": "yes",
        "name": "MOL, Pomezí směr D",
        "opening_hours": "24/7",
        "operator": "MOL Česká republika, s.r.o.",
        "website": "https://molcesko.cz/"
      },
      "geometry": {
        "type": "Point",
        "coordinates": [
          12.2651719,
          50.0870293
        ]
      },
      "id": "node/7365245926"
    },
    {
      "type": "Feature",
      "properties": {
        "@id": "node/7365245957",
        "amenity": "fuel",
        "brand": "MOL",
        "brand:wikidata": "Q549181",
        "brand:wikipedia": "cs:MOL (holding)",
        "fuel:diesel": "yes",
        "fuel:octane_95": "yes",
        "fuel:octane_98": "yes",
        "name": "MOL, Nový Žďár u Aše",
        "opening_hours": "Mo-Su 05:00-22:00",
        "operator": "MOL Česká republika, s.r.o.",
        "website": "https://molcesko.cz/"
      },
      "geometry": {
        "type": "Point",
        "coordinates": [
          12.2151975,
          50.1967033
        ]
      },
      "id": "node/7365245957"
    },
    {
      "type": "Feature",
      "properties": {
        "@id": "node/7366403301",
        "amenity": "fuel",
        "brand": "Benzina",
        "brand:wikidata": "Q11130894",
        "compressed_air": "yes",
        "fuel:GTL_diesel": "yes",
        "fuel:adblue:canister": "yes",
        "fuel:diesel": "yes",
        "fuel:octane_95": "yes",
        "fuel:octane_98": "yes",
        "internet_access": "wlan",
        "internet_access:fee": "no",
        "name": "Benzina Ústí nad Labem, Přístavní",
        "opening_hours": "24/7",
        "operator": "Unipetrol RPA, s.r.o. – Benzina"
      },
      "geometry": {
        "type": "Point",
        "coordinates": [
          14.0717939,
          50.662639
        ]
      },
      "id": "node/7366403301"
    },
    {
      "type": "Feature",
      "properties": {
        "@id": "node/7366403303",
        "amenity": "fuel",
        "branch": "Varvažov, D8 - směr Německo",
        "brand": "MOL",
        "brand:wikidata": "Q549181",
        "brand:wikipedia": "cs:MOL (holding)",
        "compressed_air": "yes",
        "contact:facebook": "https://www.facebook.com/molcesko",
        "contact:instagram": "https://www.instagram.com/mol_cesko",
        "fuel:GTL_diesel": "yes",
        "fuel:HGV_diesel": "yes",
        "fuel:adblue": "yes",
        "fuel:diesel": "yes",
        "fuel:octane_100": "yes",
        "fuel:octane_95": "yes",
        "internet_access": "wlan",
        "internet_access:fee": "customers",
        "name": "MOL Varvažov (D8) ->Dresden",
        "opening_hours": "24/7",
        "operator": "MOL Česká republika",
        "payment:american_express": "yes",
        "payment:cash": "yes",
        "payment:ccs": "yes",
        "payment:dkv": "yes",
        "payment:e100": "yes",
        "payment:eurooil": "yes",
        "payment:ina": "yes",
        "payment:maestro": "yes",
        "payment:mastercard": "yes",
        "payment:mol": "yes",
        "payment:slovnaft": "yes",
        "payment:uta": "yes",
        "payment:v_pay": "yes",
        "payment:visa": "yes",
        "toilets": "yes",
        "website": "https://molcesko.cz/cz",
        "wheelchair": "yes"
      },
      "geometry": {
        "type": "Point",
        "coordinates": [
          13.9697089,
          50.7119121
        ]
      },
      "id": "node/7366403303"
    },
    {
      "type": "Feature",
      "properties": {
        "@id": "node/7366403304",
        "amenity": "fuel",
        "brand": "MOL",
        "brand:wikidata": "Q549181",
        "brand:wikipedia": "cs:MOL (holding)",
        "fuel:adblue": "yes",
        "fuel:diesel": "yes",
        "fuel:octane_95": "yes",
        "fuel:octane_98": "yes",
        "name": "MOL Varvažov (D8) ->Praha",
        "opening_hours": "24/7",
        "operator": "MOL Česká republika, s.r.o.",
        "website": "https://molcesko.cz/"
      },
      "geometry": {
        "type": "Point",
        "coordinates": [
          13.9696248,
          50.7128157
        ]
      },
      "id": "node/7366403304"
    },
    {
      "type": "Feature",
      "properties": {
        "@id": "node/7474711975",
        "amenity": "fuel",
        "brand": "Benzina",
        "brand:wikidata": "Q11130894",
        "brand:wikipedia": "cs:Benzina",
        "check_date:opening_hours": "2026-06-04",
        "compressed_air": "yes",
        "fuel:adblue": "yes",
        "fuel:diesel": "yes",
        "fuel:octane_100": "yes",
        "fuel:octane_95": "yes",
        "internet_access": "wlan",
        "internet_access:fee": "no",
        "name": "Benzina - Poděbradská",
        "opening_hours": "05:00-24:00",
        "operator": "Unipetrol RPA, s.r.o. – Benzina",
        "website": "https://www.benzina.cz/"
      },
      "geometry": {
        "type": "Point",
        "coordinates": [
          14.5272609,
          50.1037563
        ]
      },
      "id": "node/7474711975"
    },
    {
      "type": "Feature",
      "properties": {
        "@id": "node/7500318517",
        "amenity": "fuel",
        "brand": "KM-Prona",
        "brand:wikidata": "Q92342984",
        "compressed_air": "yes",
        "email": "liberec@km-prona.cz",
        "fuel:diesel": "yes",
        "fuel:octane_95": "yes",
        "fuel:octane_98": "yes",
        "internet_access": "wlan",
        "name": "KM-Prona, Liberec, Vratislavická",
        "opening_hours": "24/7",
        "operator": "KM - PRONA, a.s.",
        "phone": "+420 482 310 089",
        "shop": "kiosk",
        "website": "https://km-prona.cz/cerpaci-stanice/seznam-stanic/36-liberec"
      },
      "geometry": {
        "type": "Point",
        "coordinates": [
          15.0697339,
          50.7478858
        ]
      },
      "id": "node/7500318517"
    },
    {
      "type": "Feature",
      "properties": {
        "@id": "node/7500318518",
        "amenity": "fuel",
        "brand": "Orlen",
        "brand:facebook": "https://www.facebook.com/orlencz",
        "brand:website": "https://www.orlen.cz",
        "brand:wikidata": "Q971649",
        "brand:wikipedia": "cs:Orlen",
        "compressed_air": "yes",
        "fuel:adblue:canister": "yes",
        "fuel:diesel": "yes",
        "fuel:lpg": "yes",
        "fuel:octane_100": "yes",
        "fuel:octane_95": "yes",
        "internet_access": "wlan",
        "internet_access:fee": "customers",
        "name": "Orlen",
        "opening_hours": "24/7",
        "operator": "Orlen Unipetrol RPA s.r.o. - Benzina, odštěpný závod",
        "toilets": "yes",
        "wheelchair": "yes"
      },
      "geometry": {
        "type": "Point",
        "coordinates": [
          13.606061,
          50.594939
        ]
      },
      "id": "node/7500318518"
    },
    {
      "type": "Feature",
      "properties": {
        "@id": "node/7500318519",
        "amenity": "fuel",
        "branch": "Kraslice",
        "brand": "Orlen",
        "brand:wikidata": "Q971649",
        "check_date:opening_hours": "2026-07-01",
        "compressed_air": "yes",
        "contact:facebook": "https://www.facebook.com/orlencz",
        "fuel:GTL_diesel": "yes",
        "fuel:adblue": "yes",
        "fuel:diesel": "yes",
        "fuel:octane_100": "yes",
        "fuel:octane_95": "yes",
        "internet_access": "wlan",
        "internet_access:fee": "customers",
        "name": "Orlen",
        "opening_hours": "Mo-Su 05:00-22:00",
        "operator": "Orlen Unipetrol RPA s.r.o. - Benzina, odštěpný závod",
        "toilets": "yes",
        "website": "https://www.orlen.cz/",
        "wheelchair": "yes"
      },
      "geometry": {
        "type": "Point",
        "coordinates": [
          12.5192294,
          50.3193897
        ]
      },
      "id": "node/7500318519"
    },
    {
      "type": "Feature",
      "properties": {
        "@id": "node/7529740506",
        "amenity": "fuel",
        "branch": "Ostrava, Krmelínská",
        "brand": "Orlen",
        "brand:wikidata": "Q971649",
        "compressed_air": "yes",
        "contact:facebook": "https://www.facebook.com/orlencz",
        "fuel:GTL_diesel": "yes",
        "fuel:adblue:canister": "yes",
        "fuel:diesel": "yes",
        "fuel:octane_100": "yes",
        "fuel:octane_95": "yes",
        "internet_access": "wlan",
        "internet_access:fee": "customers",
        "name": "Orlen",
        "opening_hours": "Mo-Su 05:00-21:00",
        "operator": "Orlen Unipetrol RPA s.r.o. - Benzina, odštěpný závod",
        "toilets": "yes",
        "website": "https://www.orlen.cz/",
        "wheelchair": "yes"
      },
      "geometry": {
        "type": "Point",
        "coordinates": [
          18.2704193,
          49.7812658
        ]
      },
      "id": "node/7529740506"
    },
    {
      "type": "Feature",
      "properties": {
        "@id": "node/7550206477",
        "amenity": "fuel",
        "brand": "MOL",
        "brand:wikidata": "Q549181",
        "brand:wikipedia": "cs:MOL (holding)",
        "fuel:GTL_diesel": "yes",
        "fuel:adblue": "yes",
        "fuel:diesel": "yes",
        "fuel:octane_100": "yes",
        "fuel:octane_95": "yes",
        "name": "MOL, Bělčice, D1 33. km směr Brno",
        "opening_hours": "24/7",
        "operator": "MOL Česká republika, s.r.o.",
        "website": "https://molcesko.cz/"
      },
      "geometry": {
        "type": "Point",
        "coordinates": [
          14.8127704,
          49.8407285
        ]
      },
      "id": "node/7550206477"
    },
    {
      "type": "Feature",
      "properties": {
        "@id": "node/7554183198",
        "amenity": "fuel",
        "brand": "Benzina",
        "brand:wikidata": "Q11130894",
        "fuel:HGV_diesel": "yes",
        "fuel:adblue:canister": "yes",
        "fuel:diesel": "yes",
        "fuel:octane_100": "yes",
        "fuel:octane_95": "yes",
        "internet_access": "wlan",
        "internet_access:fee": "no",
        "name": "Benzina Líšnice",
        "opening_hours": "24/7",
        "operator": "Unipetrol RPA, s.r.o. – Benzina",
        "website": "https://www.benzina.cz/"
      },
      "geometry": {
        "type": "Point",
        "coordinates": [
          14.3206144,
          49.898826
        ]
      },
      "id": "node/7554183198"
    },
    {
      "type": "Feature",
      "properties": {
        "@id": "node/7556487696",
        "amenity": "fuel",
        "branch": "Ostrava, Pustkovec",
        "brand": "Orlen",
        "brand:wikidata": "Q971649",
        "compressed_air": "yes",
        "contact:facebook": "https://www.facebook.com/orlencz",
        "fuel:GTL_diesel": "yes",
        "fuel:adblue:canister": "yes",
        "fuel:diesel": "yes",
        "fuel:lpg": "yes",
        "fuel:octane_100": "yes",
        "fuel:octane_95": "yes",
        "internet_access": "wlan",
        "internet_access:fee": "customers",
        "name": "Orlen",
        "opening_hours": "Mo-Su 05:00-22:00",
        "operator": "Orlen Unipetrol RPA s.r.o. - Benzina, odštěpný závod",
        "toilets": "yes",
        "website": "https://www.orlen.cz/",
        "wheelchair": "yes"
      },
      "geometry": {
        "type": "Point",
        "coordinates": [
          18.150017,
          49.8430764
        ]
      },
      "id": "node/7556487696"
    },
    {
      "type": "Feature",
      "properties": {
        "@id": "node/7556487697",
        "amenity": "fuel",
        "branch": "Opava, Krnovská",
        "brand": "Orlen",
        "brand:wikidata": "Q971649",
        "compressed_air": "yes",
        "contact:facebook": "https://www.facebook.com/orlencz",
        "fuel:GTL_diesel": "yes",
        "fuel:adblue:canister": "yes",
        "fuel:diesel": "yes",
        "fuel:octane_100": "yes",
        "fuel:octane_95": "yes",
        "internet_access": "wlan",
        "internet_access:fee": "customers",
        "name": "Orlen",
        "opening_hours": "24/7",
        "operator": "Orlen Unipetrol RPA s.r.o. - Benzina, odštěpný závod",
        "toilets": "yes",
        "website": "https://www.orlen.cz/",
        "wheelchair": "yes"
      },
      "geometry": {
        "type": "Point",
        "coordinates": [
          17.8841038,
          49.9469007
        ]
      },
      "id": "node/7556487697"
    },
    {
      "type": "Feature",
      "properties": {
        "@id": "node/7561396255",
        "amenity": "fuel",
        "brand": "Orlen",
        "brand:wikidata": "Q971649",
        "compressed_air": "yes",
        "contact:facebook": "https://www.facebook.com/orlencz",
        "fuel:GTL_diesel": "yes",
        "fuel:adblue:canister": "yes",
        "fuel:diesel": "yes",
        "fuel:octane_100": "yes",
        "fuel:octane_95": "yes",
        "internet_access": "wlan",
        "internet_access:fee": "no",
        "name": "Orlen",
        "opening_hours": "24/7",
        "operator": "Orlen Unipetrol RPA s.r.o. - Benzina, odštěpný závod",
        "website": "https://www.orlen.cz/",
        "wheelchair": "yes"
      },
      "geometry": {
        "type": "Point",
        "coordinates": [
          16.5828147,
          49.2212463
        ]
      },
      "id": "node/7561396255"
    },
    {
      "type": "Feature",
      "properties": {
        "@id": "node/7572241306",
        "amenity": "fuel",
        "email": "jirikov@f1gas.cz",
        "fuel:diesel": "yes",
        "fuel:octane_95": "yes",
        "fuel:octane_98": "yes",
        "name": "Free1 GAS Jiříkov",
        "opening_hours": "off",
        "operator": "TOP TANK s.r.o.",
        "phone": "+420 412 336 871",
        "website": "https://www.f1gas.eu/station/map-detail/40"
      },
      "geometry": {
        "type": "Point",
        "coordinates": [
          14.5747282,
          51.000745
        ]
      },
      "id": "node/7572241306"
    },
    {
      "type": "Feature",
      "properties": {
        "@id": "node/7572241307",
        "amenity": "fuel",
        "email": "rozany@f1gas.cz",
        "fuel:diesel": "yes",
        "fuel:lpg": "yes",
        "fuel:octane_95": "yes",
        "fuel:octane_98": "yes",
        "name": "Free1 GAS Rožany",
        "operator": "TOP TANK s.r.o.",
        "phone": "+420 412 331801",
        "website": "https://www.f1gas.eu/station/map-detail/38"
      },
      "geometry": {
        "type": "Point",
        "coordinates": [
          14.4478623,
          51.0332963
        ]
      },
      "id": "node/7572241307"
    },
    {
      "type": "Feature",
      "properties": {
        "@id": "node/7572241313",
        "amenity": "fuel",
        "email": "zelezna.ruda@f1gas.cz",
        "fuel:diesel": "yes",
        "fuel:lpg": "yes",
        "fuel:octane_95": "yes",
        "fuel:octane_98": "yes",
        "name": "Free1 GAS Železná Ruda",
        "opening_hours": "06:00-18:00",
        "operator": "TOP TANK s.r.o.",
        "phone": "+420 376 397 874",
        "website": "https://www.f1gas.eu/station/map-detail/37"
      },
      "geometry": {
        "type": "Point",
        "coordinates": [
          13.2561858,
          49.149248
        ]
      },
      "id": "node/7572241313"
    },
    {
      "type": "Feature",
      "properties": {
        "@id": "node/7572241328",
        "addr:city": "Petrovice",
        "addr:postcode": "40377",
        "addr:street": "Petrovice 575",
        "amenity": "fuel",
        "brand": "One1",
        "email": "petrovice@one1.eu",
        "fuel:diesel": "yes",
        "fuel:octane_95": "yes",
        "fuel:octane_98": "yes",
        "name": "One1 GAS Petrovice",
        "opening_hours": "Mo-Su 07:00-21:00",
        "operator": "TOP TANK s.r.o.",
        "phone": "+420 727 937 642",
        "self_service": "yes",
        "shop": "yes",
        "website": "https://www.one1.eu/de/petrovice"
      },
      "geometry": {
        "type": "Point",
        "coordinates": [
          13.9824428,
          50.811589
        ]
      },
      "id": "node/7572241328"
    },
    {
      "type": "Feature",
      "properties": {
        "@id": "node/7572241334",
        "amenity": "fuel",
        "compressed_air": "yes",
        "email": "sebestian@f1gas.cz",
        "fuel:GTL_diesel": "yes",
        "fuel:diesel": "yes",
        "fuel:octane_95": "yes",
        "fuel:octane_98": "yes",
        "name": "Free1 GAS Hora Sv. Šebestiána",
        "opening_hours": "24/7",
        "operator": "TOP TANK s.r.o.",
        "phone": "+420 474 336 420",
        "website": "https://www.f1gas.eu/station/map-detail/15",
        "wheelchair": "yes"
      },
      "geometry": {
        "type": "Point",
        "coordinates": [
          13.2274814,
          50.5460299
        ]
      },
      "id": "node/7572241334"
    },
    {
      "type": "Feature",
      "properties": {
        "@id": "node/7574912299",
        "amenity": "fuel",
        "branch": "Vrbno pod Pradědem",
        "brand": "Orlen",
        "brand:wikidata": "Q971649",
        "compressed_air": "yes",
        "contact:facebook": "https://www.facebook.com/orlencz",
        "fuel:GTL_diesel": "yes",
        "fuel:diesel": "yes",
        "fuel:octane_100": "yes",
        "fuel:octane_95": "yes",
        "internet_access": "wlan",
        "internet_access:fee": "customers",
        "name": "Orlen",
        "opening_hours": "Mo-Su 05:00-21:00",
        "operator": "Orlen Unipetrol RPA s.r.o. - Benzina, odštěpný závod",
        "toilets": "yes",
        "website": "https://www.orlen.cz/",
        "wheelchair": "yes"
      },
      "geometry": {
        "type": "Point",
        "coordinates": [
          17.39208,
          50.1138742
        ]
      },
      "id": "node/7574912299"
    },
    {
      "type": "Feature",
      "properties": {
        "@id": "node/7575515066",
        "amenity": "fuel",
        "fuel:adblue": "yes",
        "fuel:diesel": "yes",
        "fuel:lpg": "yes",
        "fuel:octane_95": "yes",
        "fuel:octane_98": "yes",
        "internet_access": "wlan",
        "internet_access:fee": "no",
        "name": "Agro Žamberk - Šedivec",
        "opening_hours": "Mo-Fr 05:00-23:00; PH,Sa,Su 06:30-23:00",
        "operator": "Agro Žamberk a.s.",
        "website": "https://www.agrozamberk.cz/cerpaci-stanice-sedivec"
      },
      "geometry": {
        "type": "Point",
        "coordinates": [
          16.5345811,
          50.0547387
        ]
      },
      "id": "node/7575515066"
    },
    {
      "type": "Feature",
      "properties": {
        "@id": "node/7575515193",
        "amenity": "fuel",
        "fuel:diesel": "yes",
        "fuel:lpg": "yes",
        "fuel:octane_95": "yes",
        "fuel:octane_98": "yes",
        "name": "Agro Žamberk - Němčice",
        "opening_hours": "Mo-Fr 06:00-21:00; PH,Sa,Su 07:00-21:00",
        "operator": "Agro Žamberk a.s.",
        "website": "https://www.agrozamberk.cz/cerpaci-stanice-nemcice"
      },
      "geometry": {
        "type": "Point",
        "coordinates": [
          16.34889,
          49.892304
        ]
      },
      "id": "node/7575515193"
    },
    {
      "type": "Feature",
      "properties": {
        "@id": "node/7580864021",
        "amenity": "fuel",
        "branch": "Mikulov",
        "brand": "MOL",
        "brand:facebook": "molcesko",
        "brand:instagram": "mol_cesko",
        "brand:website": "https://molcesko.cz/cz",
        "brand:wikidata": "Q549181",
        "brand:wikipedia": "en:MOL (company)",
        "cafe": "yes",
        "compressed_air": "yes",
        "fuel:HGV_diesel": "yes",
        "fuel:adblue": "yes",
        "fuel:diesel": "yes",
        "fuel:lpg": "yes",
        "fuel:octane_100": "yes",
        "fuel:octane_95": "yes",
        "internet_access": "wlan",
        "internet_access:fee": "customers",
        "name": "MOL",
        "opening_hours": "24/7",
        "operator": "MOL Česká republika",
        "payment:american_express": "yes",
        "payment:cash": "yes",
        "payment:ccs": "yes",
        "payment:dkv": "yes",
        "payment:e100": "yes",
        "payment:eurooil": "yes",
        "payment:ina": "yes",
        "payment:maestro": "yes",
        "payment:mastercard": "yes",
        "payment:mol": "yes",
        "payment:slovnaft": "yes",
        "payment:uta": "yes",
        "payment:v_pay": "yes",
        "payment:visa": "yes",
        "toilets": "yes",
        "wheelchair": "yes"
      },
      "geometry": {
        "type": "Point",
        "coordinates": [
          16.6324881,
          48.7982069
        ]
      },
      "id": "node/7580864021"
    },
    {
      "type": "Feature",
      "properties": {
        "@id": "node/7591086926",
        "amenity": "fuel",
        "brand": "Orlen",
        "brand:wikidata": "Q971649",
        "compressed_air": "yes",
        "contact:facebook": "https://www.facebook.com/orlencz",
        "fuel:GTL_diesel": "yes",
        "fuel:diesel": "yes",
        "fuel:octane_100": "yes",
        "fuel:octane_95": "yes",
        "internet_access": "wlan",
        "internet_access:fee": "customers",
        "name": "Orlen",
        "opening_hours": "24/7",
        "operator": "Orlen Unipetrol RPA s.r.o. - Benzina, odštěpný závod",
        "toilets": "yes",
        "website": "https://www.orlen.cz/",
        "wheelchair": "yes"
      },
      "geometry": {
        "type": "Point",
        "coordinates": [
          13.5326295,
          50.3135579
        ]
      },
      "id": "node/7591086926"
    },
    {
      "type": "Feature",
      "properties": {
        "@id": "node/7591086936",
        "amenity": "fuel",
        "brand": "Orlen",
        "brand:facebook": "https://www.facebook.com/orlencz",
        "brand:website": "https://www.orlen.cz",
        "brand:wikidata": "Q971649",
        "brand:wikipedia": "cs:Orlen",
        "compressed_air": "yes",
        "fuel:diesel": "yes",
        "fuel:octane_100": "yes",
        "fuel:octane_95": "yes",
        "internet_access": "wlan",
        "internet_access:fee": "customers",
        "name": "Orlen",
        "opening_hours": "24/7",
        "operator": "Orlen Unipetrol RPA s.r.o. - Benzina, odštěpný závod",
        "toilets": "yes",
        "wheelchair": "yes"
      },
      "geometry": {
        "type": "Point",
        "coordinates": [
          13.4257464,
          50.4522033
        ]
      },
      "id": "node/7591086936"
    },
    {
      "type": "Feature",
      "properties": {
        "@id": "node/7592729187",
        "amenity": "fuel",
        "brand": "MOL",
        "brand:wikidata": "Q549181",
        "brand:wikipedia": "cs:MOL (holding)",
        "compressed_air": "yes",
        "fuel:diesel": "yes",
        "fuel:octane_100": "yes",
        "fuel:octane_95": "yes",
        "name": "MOL, Vídeňská",
        "opening_hours": "24/7",
        "operator": "MOL Česká republika, s.r.o.",
        "website": "https://molcesko.cz/"
      },
      "geometry": {
        "type": "Point",
        "coordinates": [
          14.4809434,
          50.0037336
        ]
      },
      "id": "node/7592729187"
    },
    {
      "type": "Feature",
      "properties": {
        "@id": "node/7592729188",
        "amenity": "fuel",
        "brand": "MOL",
        "brand:wikidata": "Q549181",
        "brand:wikipedia": "cs:MOL (holding)",
        "fuel:diesel": "yes",
        "fuel:lpg": "yes",
        "fuel:octane_100": "yes",
        "fuel:octane_95": "yes",
        "name": "MOL, Na Jelenách",
        "opening_hours": "05:00-22:00",
        "operator": "MOL Česká republika, s.r.o.",
        "website": "https://molcesko.cz/"
      },
      "geometry": {
        "type": "Point",
        "coordinates": [
          14.5063707,
          50.0198611
        ]
      },
      "id": "node/7592729188"
    },
    {
      "type": "Feature",
      "properties": {
        "@id": "node/7592729191",
        "amenity": "fuel",
        "branch": "Horní Počernice, Novopacká",
        "brand": "Orlen",
        "brand:facebook": "orlencz",
        "brand:website": "https://www.orlen.cz",
        "brand:wikidata": "Q971649",
        "brand:wikipedia": "cs:Orlen",
        "compressed_air": "yes",
        "fuel:adblue:canister": "yes",
        "fuel:diesel": "yes",
        "fuel:octane_100": "yes",
        "fuel:octane_95": "yes",
        "internet_access": "wlan",
        "internet_access:fee": "customers",
        "name": "Orlen",
        "opening_hours": "24/7",
        "operator": "Orlen Unipetrol RPA",
        "toilets": "yes",
        "wheelchair": "yes"
      },
      "geometry": {
        "type": "Point",
        "coordinates": [
          14.6142532,
          50.1247191
        ]
      },
      "id": "node/7592729191"
    },
    {
      "type": "Feature",
      "properties": {
        "@id": "node/7592729194",
        "amenity": "fuel",
        "branch": "Praha, Kaplanova",
        "brand": "MOL",
        "brand:wikidata": "Q549181",
        "brand:wikipedia": "en:MOL (company)",
        "compressed_air": "yes",
        "contact:facebook": "https://www.facebook.com/molcesko",
        "contact:instagram": "https://www.instagram.com/mol_cesko",
        "description": "Praha 4 - Chodov, nájezd na D1",
        "fuel:GTL_diesel": "yes",
        "fuel:HGV_diesel": "yes",
        "fuel:adblue": "yes",
        "fuel:diesel": "yes",
        "fuel:octane_100": "yes",
        "fuel:octane_95": "yes",
        "name": "MOL",
        "opening_hours": "24/7",
        "operator": "MOL Česká republika",
        "payment:american_express": "yes",
        "payment:cash": "yes",
        "payment:ccs": "yes",
        "payment:dkv": "yes",
        "payment:e100": "yes",
        "payment:eurooil": "yes",
        "payment:ina": "yes",
        "payment:maestro": "yes",
        "payment:mastercard": "yes",
        "payment:mol": "yes",
        "payment:slovnaft": "yes",
        "payment:uta": "yes",
        "payment:v_pay": "yes",
        "payment:visa": "yes",
        "toilets": "yes",
        "website": "https://molcesko.cz/cz",
        "wheelchair": "yes"
      },
      "geometry": {
        "type": "Point",
        "coordinates": [
          14.4894191,
          50.0373889
        ]
      },
      "id": "node/7592729194"
    },
    {
      "type": "Feature",
      "properties": {
        "@id": "node/7592729228",
        "amenity": "fuel",
        "compressed_air": "yes",
        "fuel:diesel": "yes",
        "fuel:octane_100": "yes",
        "fuel:octane_95": "yes",
        "name": "Orlen"
      },
      "geometry": {
        "type": "Point",
        "coordinates": [
          14.5051704,
          50.1281849
        ]
      },
      "id": "node/7592729228"
    },
    {
      "type": "Feature",
      "properties": {
        "@id": "node/7603297225",
        "amenity": "fuel",
        "brand": "Orlen",
        "brand:wikidata": "Q971649",
        "fuel:diesel": "yes",
        "fuel:octane_100": "yes",
        "fuel:octane_95": "yes",
        "internet_access": "wlan",
        "internet_access:fee": "no",
        "name": "Orlen",
        "opening_hours": "24/7",
        "website": "https://www.orlen.cz/"
      },
      "geometry": {
        "type": "Point",
        "coordinates": [
          14.2412391,
          50.4261082
        ]
      },
      "id": "node/7603297225"
    },
    {
      "type": "Feature",
      "properties": {
        "@id": "node/7607854433",
        "amenity": "fuel",
        "branch": "Svatá Kateřina",
        "brand": "Orlen",
        "brand:wikidata": "Q971649",
        "compressed_air": "yes",
        "contact:facebook": "https://www.facebook.com/orlencz",
        "fuel:GTL_diesel": "yes",
        "fuel:diesel": "yes",
        "fuel:octane_100": "yes",
        "fuel:octane_95": "yes",
        "internet_access": "wlan",
        "internet_access:fee": "customers",
        "name": "Orlen",
        "opening_hours": "Mo-Su 06:00-21:00",
        "operator": "Orlen Unipetrol RPA s.r.o. - Benzina, odštěpný závod",
        "toilets": "yes",
        "website": "https://www.orlen.cz/",
        "wheelchair": "yes"
      },
      "geometry": {
        "type": "Point",
        "coordinates": [
          13.0684803,
          49.2746109
        ]
      },
      "id": "node/7607854433"
    },
    {
      "type": "Feature",
      "properties": {
        "@id": "node/7608302750",
        "amenity": "fuel",
        "brand": "Orlen",
        "brand:facebook": "https://www.facebook.com/orlencz",
        "brand:website": "https://www.orlen.cz",
        "brand:wikidata": "Q971649",
        "brand:wikipedia": "cs:Orlen",
        "compressed_air": "yes",
        "fuel:diesel": "yes",
        "fuel:octane_100": "yes",
        "fuel:octane_95": "yes",
        "internet_access": "wlan",
        "internet_access:fee": "customers",
        "name": "Orlen",
        "opening_hours": "Mo-Su 06:00-21:00",
        "operator": "Orlen Unipetrol RPA s.r.o. - Benzina, odštěpný závod",
        "toilets": "yes",
        "wheelchair": "yes"
      },
      "geometry": {
        "type": "Point",
        "coordinates": [
          13.6327916,
          50.48474
        ]
      },
      "id": "node/7608302750"
    },
    {
      "type": "Feature",
      "properties": {
        "@id": "node/7608305737",
        "amenity": "fuel",
        "fuel:adblue": "yes",
        "fuel:diesel": "yes",
        "fuel:lpg": "yes",
        "fuel:octane_100": "yes",
        "fuel:octane_95": "yes",
        "name": "Valatrans Liptál",
        "opening_hours": "06:00-22:00",
        "operator": "VALATRANS a.s.",
        "shop": "yes",
        "website": "https://www.valatrans.com/nase-sluzby/cerpaci-stanice-a-restaurace/"
      },
      "geometry": {
        "type": "Point",
        "coordinates": [
          17.9353932,
          49.2937973
        ]
      },
      "id": "node/7608305737"
    },
    {
      "type": "Feature",
      "properties": {
        "@id": "node/8178578777",
        "amenity": "fuel",
        "brand": "Orlen",
        "brand:wikidata": "Q971649",
        "compressed_air": "yes",
        "contact:facebook": "https://www.facebook.com/orlencz",
        "fuel:GTL_diesel": "yes",
        "fuel:adblue": "yes",
        "fuel:diesel": "yes",
        "fuel:octane_100": "yes",
        "fuel:octane_95": "yes",
        "name": "Orlen",
        "opening_hours": "24/7",
        "operator": "Orlen Unipetrol RPA s.r.o. - Benzina, odštěpný závod",
        "website": "https://www.orlen.cz/",
        "wheelchair": "yes"
      },
      "geometry": {
        "type": "Point",
        "coordinates": [
          17.2934079,
          48.889697
        ]
      },
      "id": "node/8178578777"
    },
    {
      "type": "Feature",
      "properties": {
        "@id": "node/8488480474",
        "amenity": "fuel",
        "brand": "Benzina",
        "brand:wikidata": "Q11130894",
        "fuel:diesel": "yes",
        "fuel:lpg": "yes",
        "fuel:octane_100": "yes",
        "fuel:octane_95": "yes",
        "internet_access": "wlan",
        "internet_access:fee": "no",
        "name": "Benzina - Vizovice",
        "opening_hours": "Mo-Fr 05:30-22:30; Sa-Su 06:30-22:30",
        "operator": "Unipetrol RPA, s.r.o. – Benzina",
        "shop": "yes",
        "website": "https://www.benzina.cz/"
      },
      "geometry": {
        "type": "Point",
        "coordinates": [
          17.8470956,
          49.2182539
        ]
      },
      "id": "node/8488480474"
    },
    {
      "type": "Feature",
      "properties": {
        "@id": "node/8764966060",
        "amenity": "fuel",
        "brand": "CAROIL",
        "fuel:cng": "yes",
        "fuel:diesel": "yes",
        "fuel:lpg": "yes",
        "fuel:octane_95": "yes",
        "fuel:octane_98": "yes",
        "name": "CAROIL",
        "operator": "CAROIL, a.s.",
        "shop": "yes"
      },
      "geometry": {
        "type": "Point",
        "coordinates": [
          17.0071618,
          49.2874205
        ]
      },
      "id": "node/8764966060"
    },
    {
      "type": "Feature",
      "properties": {
        "@id": "node/8968177033",
        "amenity": "fuel",
        "branch": "Bavory",
        "brand": "Orlen",
        "brand:facebook": "https://www.facebook.com/orlencz",
        "brand:website": "https://www.orlen.cz",
        "brand:wikidata": "Q971649",
        "compressed_air": "yes",
        "fuel:GTL_diesel": "yes",
        "fuel:diesel": "yes",
        "fuel:lpg": "yes",
        "fuel:octane_100": "yes",
        "fuel:octane_95": "yes",
        "name": "Orlen",
        "opening_hours": "Mo-Su 05:00-22:00",
        "operator": "Orlen Unipetrol RPA s.r.o. - Benzina, odštěpný závod",
        "payment:american_express": "yes",
        "payment:apple_pay": "yes",
        "payment:cash": "yes",
        "payment:ccs": "yes",
        "payment:dkv": "yes",
        "payment:edenred": "yes",
        "payment:eurooil": "yes",
        "payment:euroshell": "yes",
        "payment:google_pay": "yes",
        "payment:jcb": "yes",
        "payment:logpay": "yes",
        "payment:maestro": "yes",
        "payment:mastercard": "yes",
        "payment:omv_card": "yes",
        "payment:sodexo": "yes",
        "payment:up": "yes",
        "payment:uta": "yes",
        "payment:visa": "yes",
        "payment:visa_electron": "yes",
        "toilets": "yes",
        "wheelchair": "yes"
      },
      "geometry": {
        "type": "Point",
        "coordinates": [
          16.6133294,
          48.8314451
        ]
      },
      "id": "node/8968177033"
    },
    {
      "type": "Feature",
      "properties": {
        "@id": "node/9310817282",
        "amenity": "fuel",
        "brand": "Orlen express",
        "brand:facebook": "https://www.facebook.com/orlencz",
        "brand:website": "https://www.orlen.cz",
        "brand:wikidata": "Q971649",
        "compressed_air": "no",
        "email": "info@orlen.cz",
        "fuel:diesel": "yes",
        "fuel:octane_100": "yes",
        "fuel:octane_95": "yes",
        "name": "Orlen express",
        "opening_hours": "24/7",
        "operator": "Orlen Unipetrol RPA s.r.o. - Benzina, odštěpný závod",
        "phone": "+420 800 102 800",
        "self_service": "only",
        "shop": "no",
        "wheelchair": "yes"
      },
      "geometry": {
        "type": "Point",
        "coordinates": [
          14.1895911,
          49.0529167
        ]
      },
      "id": "node/9310817282"
    },
    {
      "type": "Feature",
      "properties": {
        "@id": "node/9502645599",
        "amenity": "fuel",
        "brand": "MOL",
        "brand:wikidata": "Q549181",
        "fuel:adblue": "yes",
        "fuel:diesel": "yes",
        "fuel:octane_100": "yes",
        "fuel:octane_95": "yes",
        "name": "MOL",
        "opening_hours": "24/7",
        "operational_status": "open"
      },
      "geometry": {
        "type": "Point",
        "coordinates": [
          18.2499014,
          49.6554915
        ]
      },
      "id": "node/9502645599"
    },
    {
      "type": "Feature",
      "properties": {
        "@id": "node/9694833243",
        "amenity": "fuel",
        "brand": "Orlen",
        "brand:wikidata": "Q971649",
        "changing_table": "no",
        "compressed_air": "no",
        "fuel:diesel": "yes",
        "fuel:octane_100": "yes",
        "fuel:octane_95": "yes",
        "wheelchair": "yes"
      },
      "geometry": {
        "type": "Point",
        "coordinates": [
          14.4900672,
          48.9962411
        ]
      },
      "id": "node/9694833243"
    },
    {
      "type": "Feature",
      "properties": {
        "@id": "node/10070035749",
        "amenity": "fuel",
        "brand": "MOL",
        "brand:wikidata": "Q549181",
        "fixme": "dokreslit okoli, cesty a budovy az budou v nejakych zdrojich",
        "fuel:adblue": "yes",
        "fuel:diesel": "yes",
        "fuel:octane_100": "yes",
        "fuel:octane_95": "yes",
        "name": "MOL",
        "opening_hours": "24/7",
        "shop": "yes"
      },
      "geometry": {
        "type": "Point",
        "coordinates": [
          18.2661913,
          49.6612858
        ]
      },
      "id": "node/10070035749"
    },
    {
      "type": "Feature",
      "properties": {
        "@id": "node/10181150999",
        "amenity": "fuel",
        "brand": "Unicorn",
        "fuel:diesel": "yes",
        "fuel:octane_95": "yes",
        "fuel:octane_98": "yes",
        "name": "Unicorn Pavlice",
        "opening_hours": "Mo-Sa 06:00-22:00; Su 08:00-22:00",
        "operator": "UNIXAN s.r.o.",
        "payment:american_express": "yes",
        "payment:ccs": "yes",
        "payment:mastercard": "yes",
        "payment:uta": "yes",
        "payment:visa": "yes",
        "shop": "kiosk",
        "website": "https://unicorn-cs.cz/"
      },
      "geometry": {
        "type": "Point",
        "coordinates": [
          15.894556,
          48.9740773
        ]
      },
      "id": "node/10181150999"
    },
    {
      "type": "Feature",
      "properties": {
        "@id": "node/10771044963",
        "amenity": "fuel",
        "brand": "EuroOil",
        "brand:facebook": "https://www.facebook.com/EuroOil",
        "brand:instagram": "https://www.instagram.com/eurooilcz",
        "brand:wikidata": "Q110219457",
        "cafe": "yes",
        "fuel:adblue": "yes",
        "fuel:diesel": "yes",
        "fuel:octane_95": "yes",
        "fuel:octane_98": "yes",
        "internet_access": "wlan",
        "internet_access:fee": "customers",
        "name": "EuroOil",
        "opening_hours": "24/7",
        "operator": "Čepro",
        "ref": "538",
        "shop": "convenience",
        "toilets": "yes",
        "website": "https://www.ceproas.cz/eurooil",
        "wheelchair": "yes"
      },
      "geometry": {
        "type": "Point",
        "coordinates": [
          17.2595207,
          49.3200094
        ]
      },
      "id": "node/10771044963"
    },
    {
      "type": "Feature",
      "properties": {
        "@id": "node/10771044993",
        "amenity": "fuel",
        "branch": "Křenovice, D1, směr Brno",
        "brand": "EuroOil",
        "brand:facebook": "https://www.facebook.com/EuroOil",
        "brand:instagram": "https://www.instagram.com/eurooilcz",
        "brand:wikidata": "Q110219457",
        "cafe": "yes",
        "compressed_air": "no",
        "fuel:adblue": "yes",
        "fuel:diesel": "yes",
        "fuel:octane_95": "yes",
        "fuel:octane_98": "yes",
        "internet_access": "wlan",
        "internet_access:fee": "customers",
        "name": "EuroOil",
        "opening_hours": "24/7",
        "operator": "Čepro",
        "ref": "539",
        "shop": "convenience",
        "toilets": "yes",
        "website": "https://www.ceproas.cz/eurooil",
        "wheelchair": "yes"
      },
      "geometry": {
        "type": "Point",
        "coordinates": [
          17.261918,
          49.3208789
        ]
      },
      "id": "node/10771044993"
    },
    {
      "type": "Feature",
      "properties": {
        "@id": "node/10775251705",
        "amenity": "fuel",
        "brand": "FILL",
        "fuel:diesel": "yes",
        "fuel:octane_95": "yes",
        "fuel:octane_98": "yes",
        "name": "Fill",
        "operator": "Fill",
        "shop": "yes",
        "website": "https://www.fillpump.cz/"
      },
      "geometry": {
        "type": "Point",
        "coordinates": [
          13.7664619,
          50.7278071
        ]
      },
      "id": "node/10775251705"
    },
    {
      "type": "Feature",
      "properties": {
        "@id": "node/10805189284",
        "amenity": "fuel",
        "brand": "F1",
        "fuel:diesel": "yes",
        "fuel:octane_95": "yes",
        "fuel:octane_98": "yes",
        "name": "one1 - Alžbětín",
        "opening_hours": "Mo-Su 05:00-22:00",
        "shop": "convenience"
      },
      "geometry": {
        "type": "Point",
        "coordinates": [
          13.2099466,
          49.1248642
        ]
      },
      "id": "node/10805189284"
    },
    {
      "type": "Feature",
      "properties": {
        "@id": "node/10811304911",
        "amenity": "fuel",
        "brand": "Free1 GAS",
        "fuel:diesel": "yes",
        "fuel:octane_95": "yes",
        "fuel:octane_98": "yes",
        "name": "Free1 Gas",
        "opening_hours": "24/7",
        "operator": "Free1 Gas",
        "phone": "+420379571652",
        "self_service": "yes",
        "shop": "convenience"
      },
      "geometry": {
        "type": "Point",
        "coordinates": [
          12.5329274,
          49.6486212
        ]
      },
      "id": "node/10811304911"
    },
    {
      "type": "Feature",
      "properties": {
        "@id": "node/10814472644",
        "amenity": "fuel",
        "brand": "Free1 GAS",
        "fuel:HGV_diesel": "yes",
        "fuel:adblue": "yes",
        "fuel:diesel": "yes",
        "fuel:octane_95": "yes",
        "fuel:octane_98": "yes",
        "layer": "1",
        "name": "Free1 GAS - Rozvadov TIR D",
        "opening_hours": "24/7",
        "operator": "Free1 GAS",
        "phone": "+420379571652",
        "self_service": "yes"
      },
      "geometry": {
        "type": "Point",
        "coordinates": [
          12.5291347,
          49.6437201
        ]
      },
      "id": "node/10814472644"
    },
    {
      "type": "Feature",
      "properties": {
        "@id": "node/10862836084",
        "addr:city": "Modřice",
        "addr:housenumber": "744",
        "addr:postcode": "66442",
        "addr:street": "U dálnice",
        "amenity": "fuel",
        "brand": "Orlen",
        "brand:wikidata": "Q971649",
        "compressed_air": "yes",
        "fuel:diesel": "yes",
        "fuel:octane_100": "yes",
        "fuel:octane_95": "yes",
        "name": "Orlen",
        "opening_hours": "24/7",
        "self_service": "yes",
        "shop": "no",
        "wheelchair": "yes"
      },
      "geometry": {
        "type": "Point",
        "coordinates": [
          16.6324318,
          49.1351745
        ]
      },
      "id": "node/10862836084"
    },
    {
      "type": "Feature",
      "properties": {
        "@id": "node/10867282461",
        "amenity": "fuel",
        "brand": "Benzina",
        "compressed_air": "yes",
        "fuel:adblue": "yes",
        "fuel:diesel": "yes",
        "fuel:octane_100": "yes",
        "fuel:octane_95": "yes",
        "name": "Benzina",
        "self_service": "yes",
        "shop": "yes",
        "wheelchair": "yes"
      },
      "geometry": {
        "type": "Point",
        "coordinates": [
          15.0186009,
          49.1358261
        ]
      },
      "id": "node/10867282461"
    },
    {
      "type": "Feature",
      "properties": {
        "@id": "node/10895545134",
        "amenity": "fuel",
        "brand": "MOL",
        "brand:wikidata": "Q549181",
        "brand:wikipedia": "cs:MOL (holding)",
        "fuel:diesel": "yes",
        "fuel:octane_100": "yes",
        "fuel:octane_95": "yes",
        "name": "MOL Jesenice",
        "opening_hours": "24/7",
        "operator": "MOL Česká republika, s.r.o.",
        "shop": "yes",
        "website": "https://molcesko.cz/"
      },
      "geometry": {
        "type": "Point",
        "coordinates": [
          13.4703172,
          50.0918684
        ]
      },
      "id": "node/10895545134"
    },
    {
      "type": "Feature",
      "properties": {
        "@id": "node/10939538734",
        "addr:city": "Brno",
        "addr:housenumber": "5",
        "addr:postcode": "62800",
        "addr:street": "Podruhova",
        "amenity": "fuel",
        "compressed_air": "no",
        "fuel:diesel": "yes",
        "fuel:lpg": "yes",
        "fuel:octane_98": "yes",
        "name": "Unger",
        "opening_hours": "24/7",
        "operator": "Auto Unger s.r.o.",
        "phone": "+420 544 215 001",
        "self_service": "yes"
      },
      "geometry": {
        "type": "Point",
        "coordinates": [
          16.6734568,
          49.2092801
        ]
      },
      "id": "node/10939538734"
    },
    {
      "type": "Feature",
      "properties": {
        "@id": "node/11036035791",
        "amenity": "fuel",
        "brand": "OMV",
        "brand:wikidata": "Q168238",
        "fuel:diesel": "yes",
        "fuel:octane_100": "yes",
        "fuel:octane_95": "yes",
        "name": "OMV",
        "opening_hours": "05:00-23:00",
        "operator": "OMV",
        "phone": "+420 725 701 400",
        "website": "https://www.omv.cz/"
      },
      "geometry": {
        "type": "Point",
        "coordinates": [
          16.6494463,
          49.352992
        ]
      },
      "id": "node/11036035791"
    },
    {
      "type": "Feature",
      "properties": {
        "@id": "node/11036057807",
        "amenity": "fuel",
        "brand": "Unicorn",
        "compressed_air": "yes",
        "fuel:diesel": "yes",
        "fuel:octane_95": "yes",
        "fuel:octane_98": "yes",
        "name": "Unicorn Blansko",
        "opening_hours": "Mo-Sa 06:00-22:00; Su,PH 08:00-22:00",
        "operator": "UNIXAN s.r.o.",
        "payment:american_express": "yes",
        "payment:ccs": "yes",
        "payment:mastercard": "yes",
        "payment:uta": "yes",
        "payment:visa": "yes",
        "website": "https://unicorn-cs.cz/"
      },
      "geometry": {
        "type": "Point",
        "coordinates": [
          16.6406373,
          49.3715853
        ]
      },
      "id": "node/11036057807"
    },
    {
      "type": "Feature",
      "properties": {
        "@id": "node/11168890056",
        "amenity": "fuel",
        "fuel:diesel": "yes",
        "fuel:octane_95": "yes",
        "fuel:octane_98": "yes",
        "name": "Jistab",
        "operator": "Jistab",
        "website": "https://www.jistab.cz"
      },
      "geometry": {
        "type": "Point",
        "coordinates": [
          14.3470126,
          50.1406676
        ]
      },
      "id": "node/11168890056"
    },
    {
      "type": "Feature",
      "properties": {
        "@id": "node/11197318003",
        "amenity": "fuel",
        "brand": "Orlen",
        "brand:wikidata": "Q971649",
        "fuel:diesel": "yes",
        "fuel:octane_100": "yes",
        "fuel:octane_95": "yes",
        "note": "možná stále pod původním označením Benzina",
        "opening_hours": "05:00-20:00",
        "website": "https://www.orlen.cz/"
      },
      "geometry": {
        "type": "Point",
        "coordinates": [
          13.5093568,
          49.6454322
        ]
      },
      "id": "node/11197318003"
    },
    {
      "type": "Feature",
      "properties": {
        "@id": "node/11204799386",
        "amenity": "fuel",
        "brand:wikidata": "Q11130894",
        "fuel:adblue": "yes",
        "fuel:diesel": "yes",
        "fuel:octane_100": "yes",
        "fuel:octane_95": "yes",
        "name": "Benzina - Nový Bor",
        "opening_hours": "24/7",
        "shop": "yes"
      },
      "geometry": {
        "type": "Point",
        "coordinates": [
          14.5417276,
          50.7655457
        ]
      },
      "id": "node/11204799386"
    },
    {
      "type": "Feature",
      "properties": {
        "@id": "node/11206953299",
        "amenity": "fuel",
        "brand": "Shell",
        "brand:wikidata": "Q110716465",
        "compressed_air": "yes",
        "fuel:adblue": "yes",
        "fuel:diesel": "yes",
        "fuel:lpg": "no",
        "fuel:octane_100": "yes",
        "fuel:octane_95": "yes",
        "name": "Shell",
        "opening_hours": "Mo-Fr 05:00-22:00; Sa,Su 06:00-22:00",
        "operator": "Shell Czech Republic a.s.",
        "shop": "convenience",
        "toilets": "yes"
      },
      "geometry": {
        "type": "Point",
        "coordinates": [
          17.8789736,
          49.2388349
        ]
      },
      "id": "node/11206953299"
    },
    {
      "type": "Feature",
      "properties": {
        "@id": "node/11206954467",
        "amenity": "fuel",
        "branch": "Ledeč nad Sázavou",
        "brand": "Orlen",
        "brand:facebook": "orlencz",
        "brand:website": "https://www.orlen.cz",
        "brand:wikidata": "Q971649",
        "brand:wikipedia": "cs:Orlen",
        "compressed_air": "yes",
        "fuel:adblue": "yes",
        "fuel:diesel": "yes",
        "fuel:octane_100": "yes",
        "fuel:octane_95": "yes",
        "internet_access": "wlan",
        "internet_access:fee": "customers",
        "name": "Orlen",
        "opening_hours": "24/7",
        "operator": "Orlen Unipetrol RPA s.r.o. - Benzina",
        "toilets": "yes",
        "wheelchair": "yes"
      },
      "geometry": {
        "type": "Point",
        "coordinates": [
          15.2880216,
          49.6933948
        ]
      },
      "id": "node/11206954467"
    },
    {
      "type": "Feature",
      "properties": {
        "@id": "node/11208556757",
        "amenity": "fuel",
        "fuel:adblue": "yes",
        "fuel:diesel": "yes",
        "fuel:octane_100": "yes",
        "fuel:octane_95": "yes",
        "name": "W8 Český Těšín",
        "opening_hours": "Mo-Fr 06:00-18:00",
        "operator": "W8",
        "website": "https://w8sro.cz/"
      },
      "geometry": {
        "type": "Point",
        "coordinates": [
          18.6196053,
          49.7376827
        ]
      },
      "id": "node/11208556757"
    },
    {
      "type": "Feature",
      "properties": {
        "@id": "node/11218243247",
        "amenity": "fuel",
        "brand": "Unicorn",
        "fuel:diesel": "yes",
        "fuel:octane_95": "yes",
        "fuel:octane_98": "yes",
        "name": "Unicorn Lažínky",
        "opening_hours": "Mo-Fr 05:30-21:30; Sa 06:00-21:00; Su,PH 08:00-21:00",
        "operator": "UNIXAN s.r.o.",
        "payment:american_express": "yes",
        "payment:ccs": "yes",
        "payment:mastercard": "yes",
        "payment:uta": "yes",
        "payment:visa": "yes",
        "website": "https://unicorn-cs.cz/"
      },
      "geometry": {
        "type": "Point",
        "coordinates": [
          15.828907,
          49.0359671
        ]
      },
      "id": "node/11218243247"
    },
    {
      "type": "Feature",
      "properties": {
        "@id": "node/11219252397",
        "amenity": "fuel",
        "branch": "Unhošť",
        "brand": "Orlen express",
        "brand:facebook": "https://www.facebook.com/orlencz",
        "brand:website": "https://www.orlen.cz",
        "brand:wikidata": "Q971649",
        "compressed_air": "no",
        "email": "info@orlen.cz",
        "fuel:diesel": "yes",
        "fuel:octane_100": "yes",
        "fuel:octane_95": "yes",
        "name": "Orlen express",
        "opening_hours": "24/7",
        "operator": "Orlen Unipetrol RPA s.r.o. - Benzina, odštěpný závod",
        "phone": "+420 800 102 800",
        "self_service": "only",
        "wheelchair": "yes"
      },
      "geometry": {
        "type": "Point",
        "coordinates": [
          14.1415807,
          50.0867647
        ]
      },
      "id": "node/11219252397"
    },
    {
      "type": "Feature",
      "properties": {
        "@id": "node/11254636444",
        "amenity": "fuel",
        "fuel:diesel": "yes",
        "fuel:octane_98": "yes",
        "name": "Travel Free",
        "opening_hours": "07:00-19:00"
      },
      "geometry": {
        "type": "Point",
        "coordinates": [
          13.9788828,
          50.7865138
        ]
      },
      "id": "node/11254636444"
    },
    {
      "type": "Feature",
      "properties": {
        "@id": "node/11347912202",
        "amenity": "fuel",
        "fuel:adblue": "yes",
        "fuel:diesel": "yes",
        "fuel:octane_100": "yes",
        "fuel:octane_95": "yes",
        "fuel:octane_98": "no",
        "name": "HAS",
        "opening_hours": "24/7",
        "operator": "H.A.S. spol. s r.o.",
        "payment:contactless": "yes",
        "payment:maestro": "yes",
        "payment:mastercard": "yes",
        "payment:visa": "yes",
        "payment:visa_electron": "yes",
        "self_service": "yes",
        "shop": "yes",
        "website": "https://www.has-cs.cz/cerpaci-stanice",
        "wheelchair": "yes"
      },
      "geometry": {
        "type": "Point",
        "coordinates": [
          18.3477044,
          49.663759
        ]
      },
      "id": "node/11347912202"
    },
    {
      "type": "Feature",
      "properties": {
        "@id": "node/11383026995",
        "amenity": "fuel",
        "branch": "Zlín, Broučkova",
        "brand": "Robin Oil",
        "brand:website": "https://www.ceproas.cz/eurooil",
        "brand:wikidata": "Q133453886",
        "compressed_air": "yes",
        "fuel:diesel": "yes",
        "fuel:octane_95": "yes",
        "fuel:octane_98": "yes",
        "internet_access": "wlan",
        "internet_access:fee": "customers",
        "name": "Robin Oil",
        "opening_hours": "24/7",
        "operator": "Čepro",
        "payment:cash": "yes",
        "payment:fleet_card": "yes",
        "payment:mastercard": "yes",
        "payment:visa": "yes",
        "toilets": "yes",
        "wheelchair": "yes"
      },
      "geometry": {
        "type": "Point",
        "coordinates": [
          17.6927137,
          49.2258873
        ]
      },
      "id": "node/11383026995"
    },
    {
      "type": "Feature",
      "properties": {
        "@id": "node/11383254613",
        "amenity": "fuel",
        "brand": "Robin Oil",
        "brand:website": "https://www.ceproas.cz/eurooil",
        "brand:wikidata": "Q133453886",
        "compressed_air": "yes",
        "email": "cs25@robinoil.cz",
        "fuel:diesel": "yes",
        "fuel:octane_95": "yes",
        "fuel:octane_98": "yes",
        "internet_access": "wlan",
        "internet_access:fee": "customers",
        "name": "Robin Oil",
        "opening_hours": "24/7",
        "operator": "Čepro",
        "phone": "+420 381 284 890",
        "toilets": "yes",
        "wheelchair": "yes"
      },
      "geometry": {
        "type": "Point",
        "coordinates": [
          14.4830969,
          48.735415
        ]
      },
      "id": "node/11383254613"
    },
    {
      "type": "Feature",
      "properties": {
        "@id": "node/11613690739",
        "amenity": "fuel",
        "compressed_air": "yes",
        "fuel:cng": "yes",
        "fuel:diesel": "yes",
        "fuel:lpg": "yes",
        "fuel:octane_100": "yes",
        "fuel:octane_95": "yes",
        "name": "D-Oil",
        "opening_hours": "Mo-Su 05:00-23:00",
        "operator": "Doil",
        "payment:maestro": "yes",
        "payment:mastercard": "yes",
        "payment:visa": "yes",
        "payment:visa_debit": "yes",
        "payment:visa_electron": "yes"
      },
      "geometry": {
        "type": "Point",
        "coordinates": [
          16.4977895,
          49.177281
        ]
      },
      "id": "node/11613690739"
    },
    {
      "type": "Feature",
      "properties": {
        "@id": "node/12038206417",
        "amenity": "fuel",
        "branch": "Hodonín, Bratislavská",
        "brand": "Shell",
        "brand:wikidata": "Q110716465",
        "compressed_air": "yes",
        "contact:facebook": "https://www.facebook.com/ShellCeskaRepublika",
        "fuel:GTL_diesel": "yes",
        "fuel:adblue": "yes",
        "fuel:adblue:canister": "yes",
        "fuel:diesel": "yes",
        "fuel:octane_100": "yes",
        "fuel:octane_95": "yes",
        "name": "Shell",
        "opening_hours": "24/7",
        "operator": "Shell Czech Republic",
        "toilets": "yes",
        "website": "https://www.shell.cz/",
        "wheelchair": "yes"
      },
      "geometry": {
        "type": "Point",
        "coordinates": [
          17.1266745,
          48.8455377
        ]
      },
      "id": "node/12038206417"
    },
    {
      "type": "Feature",
      "properties": {
        "@id": "node/12317930646",
        "amenity": "fuel",
        "brand": "Orlen",
        "brand:wikidata": "Q971649",
        "compressed_air": "yes",
        "contact:facebook": "https://www.facebook.com/orlencz",
        "fuel:GTL_diesel": "yes",
        "fuel:cng": "yes",
        "fuel:diesel": "yes",
        "fuel:octane_100": "yes",
        "fuel:octane_95": "yes",
        "name": "Orlen",
        "opening_hours": "24/7",
        "operator": "Orlen Unipetrol RPA s.r.o. - Benzina, odštěpný závod",
        "website": "https://www.orlen.cz/",
        "wheelchair": "yes"
      },
      "geometry": {
        "type": "Point",
        "coordinates": [
          16.8981036,
          48.7774924
        ]
      },
      "id": "node/12317930646"
    },
    {
      "type": "Feature",
      "properties": {
        "@id": "node/12318145694",
        "amenity": "fuel",
        "brand": "Orlen",
        "brand:wikidata": "Q971649",
        "compressed_air": "yes",
        "contact:facebook": "https://www.facebook.com/orlencz",
        "fuel:GTL_diesel": "yes",
        "fuel:diesel": "yes",
        "fuel:octane_100": "yes",
        "fuel:octane_95": "yes",
        "name": "Orlen",
        "opening_hours": "Mo-Su 06:00-22:00",
        "operator": "Orlen Unipetrol RPA s.r.o. - Benzina, odštěpný závod",
        "website": "https://www.orlen.cz/",
        "wheelchair": "yes"
      },
      "geometry": {
        "type": "Point",
        "coordinates": [
          16.8581776,
          48.7350086
        ]
      },
      "id": "node/12318145694"
    },
    {
      "type": "Feature",
      "properties": {
        "@id": "node/12553430662",
        "amenity": "fuel",
        "brand": "Orlen",
        "brand:wikidata": "Q971649",
        "compressed_air": "yes",
        "contact:facebook": "https://www.facebook.com/orlencz",
        "fuel:GTL_diesel": "yes",
        "fuel:adblue": "yes",
        "fuel:diesel": "yes",
        "fuel:octane_100": "yes",
        "fuel:octane_95": "yes",
        "level": "0",
        "name": "Orlen",
        "opening_hours": "24/7",
        "operator": "Orlen Unipetrol RPA s.r.o. - Benzina, odštěpný závod",
        "payment:american_express": "yes",
        "payment:apple_pay": "yes",
        "payment:cash": "yes",
        "payment:ccs": "yes",
        "payment:diners_club": "yes",
        "payment:dkv": "yes",
        "payment:eurooil": "yes",
        "payment:euroshell": "yes",
        "payment:google_pay": "yes",
        "payment:jcb": "yes",
        "payment:maestro": "yes",
        "payment:mastercard": "yes",
        "payment:mastercard_electronic": "yes",
        "payment:omv_card": "yes",
        "payment:union_pay": "yes",
        "payment:uta": "yes",
        "payment:visa": "yes",
        "payment:visa_electron": "yes",
        "shop": "convenience",
        "stroller": "yes",
        "toilets": "yes",
        "website": "https://www.orlen.cz/",
        "wheelchair": "yes"
      },
      "geometry": {
        "type": "Point",
        "coordinates": [
          16.9027941,
          48.8423873
        ]
      },
      "id": "node/12553430662"
    },
    {
      "type": "Feature",
      "properties": {
        "@id": "node/12553781442",
        "amenity": "fuel",
        "brand": "Orlen",
        "brand:wikidata": "Q971649",
        "compressed_air": "yes",
        "contact:facebook": "https://www.facebook.com/orlencz",
        "fuel:GTL_diesel": "yes",
        "fuel:adblue": "yes",
        "fuel:diesel": "yes",
        "fuel:octane_100": "yes",
        "fuel:octane_95": "yes",
        "name": "Orlen",
        "opening_hours": "Mo-Su 05:00-22:00",
        "operator": "Orlen Unipetrol RPA s.r.o. - Benzina, odštěpný závod",
        "payment:american_express": "yes",
        "payment:apple_pay": "yes",
        "payment:cash": "yes",
        "payment:ccs": "yes",
        "payment:diners_club": "yes",
        "payment:dkv": "yes",
        "payment:eurooil": "yes",
        "payment:euroshell": "yes",
        "payment:google_pay": "yes",
        "payment:jcb": "yes",
        "payment:maestro": "yes",
        "payment:mastercard": "yes",
        "payment:mastercard_electronic": "yes",
        "payment:omv_card": "yes",
        "payment:union_pay": "yes",
        "payment:uta": "yes",
        "payment:visa": "yes",
        "payment:visa_electron": "yes",
        "website": "https://www.orlen.cz/",
        "wheelchair": "yes"
      },
      "geometry": {
        "type": "Point",
        "coordinates": [
          16.6299292,
          48.8129449
        ]
      },
      "id": "node/12553781442"
    },
    {
      "type": "Feature",
      "properties": {
        "@id": "node/12612661007",
        "addr:city": "Příbram",
        "addr:housenumber": "388",
        "addr:postcode": "26101",
        "addr:street": "Březnická",
        "amenity": "fuel",
        "brand": "MOL",
        "brand:wikidata": "Q549181",
        "fuel:adblue": "yes",
        "fuel:diesel": "yes",
        "fuel:lpg": "yes",
        "fuel:octane_100": "yes",
        "fuel:octane_95": "yes",
        "fuel:propane": "yes",
        "mobile": "+420 721 007 062",
        "name": "MOL",
        "opening_hours": "24/7",
        "payment:american_express": "yes",
        "payment:cash": "yes",
        "payment:ccs": "yes",
        "payment:contactless": "yes",
        "payment:credit_cards": "yes",
        "payment:debit_cards": "yes",
        "payment:dkv": "yes",
        "payment:mastercard": "yes",
        "payment:uta": "yes",
        "payment:visa": "yes",
        "payment:visa_electron": "yes",
        "self_service": "yes"
      },
      "geometry": {
        "type": "Point",
        "coordinates": [
          14.0040325,
          49.6789243
        ]
      },
      "id": "node/12612661007"
    },
    {
      "type": "Feature",
      "properties": {
        "@id": "node/12626324284",
        "amenity": "fuel",
        "brand": "Orlen",
        "brand:wikidata": "Q971649",
        "compressed_air": "yes",
        "contact:facebook": "https://www.facebook.com/orlencz",
        "fuel:GTL_diesel": "yes",
        "fuel:adblue": "yes",
        "fuel:diesel": "yes",
        "fuel:lpg": "yes",
        "fuel:octane_100": "yes",
        "fuel:octane_95": "yes",
        "internet_access": "wlan",
        "internet_access:fee": "customers",
        "name": "Orlen",
        "opening_hours": "24/7",
        "operator": "Orlen Unipetrol RPA s.r.o. - Benzina, odštěpný závod",
        "toilets": "yes",
        "website": "https://www.orlen.cz/",
        "wheelchair": "yes"
      },
      "geometry": {
        "type": "Point",
        "coordinates": [
          16.1788369,
          48.866376
        ]
      },
      "id": "node/12626324284"
    },
    {
      "type": "Feature",
      "properties": {
        "@id": "node/12626377327",
        "amenity": "fuel",
        "branch": "Praha, Strakonická",
        "brand": "Orlen",
        "brand:facebook": "orlencz",
        "brand:website": "https://www.orlen.cz",
        "brand:wikidata": "Q971649",
        "brand:wikipedia": "cs:Orlen",
        "compressed_air": "yes",
        "fuel:diesel": "yes",
        "fuel:octane_100": "yes",
        "fuel:octane_95": "yes",
        "internet_access": "wlan",
        "internet_access:fee": "customers",
        "name": "Orlen",
        "opening_hours": "Mo-Su 05:00-24:00",
        "operator": "Orlen Unipetrol RPA",
        "toilets": "yes",
        "wheelchair": "yes"
      },
      "geometry": {
        "type": "Point",
        "coordinates": [
          14.409954,
          50.049236
        ]
      },
      "id": "node/12626377327"
    },
    {
      "type": "Feature",
      "properties": {
        "@id": "node/12626395302",
        "addr:postcode": "66902",
        "amenity": "fuel",
        "brand": "Orlen",
        "brand:wikidata": "Q971649",
        "check_date": "2025-05-03",
        "compressed_air": "yes",
        "contact:facebook": "https://www.facebook.com/orlencz",
        "fuel:GTL_diesel": "yes",
        "fuel:diesel": "yes",
        "fuel:octane_100": "yes",
        "fuel:octane_95": "yes",
        "internet_access": "wlan",
        "internet_access:fee": "customers",
        "name": "Orlen",
        "opening_hours": "24/7",
        "operator": "Orlen Unipetrol RPA s.r.o. - Benzina, odštěpný závod",
        "toilets": "yes",
        "website": "https://www.orlen.cz/",
        "wheelchair": "yes"
      },
      "geometry": {
        "type": "Point",
        "coordinates": [
          16.0569965,
          48.84679
        ]
      },
      "id": "node/12626395302"
    },
    {
      "type": "Feature",
      "properties": {
        "@id": "node/12629998036",
        "amenity": "fuel",
        "branch": "Karviná, tř. 17. listopadu",
        "brand": "Orlen",
        "brand:wikidata": "Q971649",
        "compressed_air": "yes",
        "contact:facebook": "https://www.facebook.com/orlencz",
        "fuel:GTL_diesel": "yes",
        "fuel:adblue": "yes",
        "fuel:diesel": "yes",
        "fuel:lpg": "yes",
        "fuel:octane_100": "yes",
        "fuel:octane_95": "yes",
        "internet_access": "wlan",
        "internet_access:fee": "customers",
        "name": "Orlen",
        "operator": "Orlen Unipetrol RPA s.r.o. - Benzina, odštěpný závod",
        "toilets": "yes",
        "website": "https://www.orlen.cz/",
        "wheelchair": "yes"
      },
      "geometry": {
        "type": "Point",
        "coordinates": [
          18.5546936,
          49.8454583
        ]
      },
      "id": "node/12629998036"
    },
    {
      "type": "Feature",
      "properties": {
        "@id": "node/12630201080",
        "amenity": "fuel",
        "branch": "Klimkovice, D1, směr Přerov",
        "brand": "Orlen",
        "brand:wikidata": "Q971649",
        "compressed_air": "yes",
        "contact:facebook": "https://www.facebook.com/orlencz",
        "fuel:GTL_diesel": "yes",
        "fuel:adblue": "yes",
        "fuel:diesel": "yes",
        "fuel:lpg": "yes",
        "fuel:octane_100": "yes",
        "fuel:octane_95": "yes",
        "internet_access": "wlan",
        "internet_access:fee": "customers",
        "name": "Orlen",
        "opening_hours": "24/7",
        "operator": "Orlen Unipetrol RPA s.r.o. - Benzina, odštěpný závod",
        "payment:cash": "yes",
        "payment:credit_cards": "yes",
        "payment:debit_cards": "yes",
        "toilets": "yes",
        "toilets:wheelchair": "yes",
        "website": "https://www.orlen.cz/",
        "wheelchair": "yes"
      },
      "geometry": {
        "type": "Point",
        "coordinates": [
          18.0962364,
          49.7766562
        ]
      },
      "id": "node/12630201080"
    },
    {
      "type": "Feature",
      "properties": {
        "@id": "node/12630232860",
        "amenity": "fuel",
        "branch": "Klimkovice, D1, směr Ostrava",
        "brand": "Orlen",
        "brand:wikidata": "Q971649",
        "compressed_air": "yes",
        "contact:facebook": "https://www.facebook.com/orlencz",
        "fuel:GTL_diesel": "yes",
        "fuel:adblue": "yes",
        "fuel:diesel": "yes",
        "fuel:octane_100": "yes",
        "fuel:octane_95": "yes",
        "internet_access": "wlan",
        "internet_access:fee": "customers",
        "name": "Orlen",
        "opening_hours": "24/7",
        "operator": "Orlen Unipetrol RPA s.r.o. - Benzina, odštěpný závod",
        "payment:cash": "yes",
        "payment:credit_cards": "yes",
        "payment:debit_cards": "yes",
        "toilets": "yes",
        "toilets:wheelchair": "yes",
        "website": "https://www.orlen.cz/",
        "wheelchair": "yes"
      },
      "geometry": {
        "type": "Point",
        "coordinates": [
          18.0970822,
          49.7743478
        ]
      },
      "id": "node/12630232860"
    },
    {
      "type": "Feature",
      "properties": {
        "@id": "node/12630522265",
        "amenity": "fuel",
        "branch": "Krnov",
        "brand": "Orlen",
        "brand:wikidata": "Q971649",
        "compressed_air": "yes",
        "contact:facebook": "https://www.facebook.com/orlencz",
        "fuel:GTL_diesel": "yes",
        "fuel:adblue:canister": "yes",
        "fuel:diesel": "yes",
        "fuel:octane_100": "yes",
        "fuel:octane_95": "yes",
        "internet_access": "wlan",
        "internet_access:fee": "customers",
        "name": "Orlen",
        "opening_hours": "24/7",
        "operator": "Orlen Unipetrol RPA s.r.o. - Benzina, odštěpný závod",
        "toilets": "yes",
        "website": "https://www.orlen.cz/",
        "wheelchair": "yes"
      },
      "geometry": {
        "type": "Point",
        "coordinates": [
          17.6938358,
          50.0875727
        ]
      },
      "id": "node/12630522265"
    },
    {
      "type": "Feature",
      "properties": {
        "@id": "node/12632867226",
        "amenity": "fuel",
        "branch": "Velešín",
        "brand": "Orlen",
        "brand:wikidata": "Q971649",
        "changing_table": "no",
        "compressed_air": "yes",
        "contact:facebook": "https://www.facebook.com/orlencz",
        "fuel:GTL_diesel": "yes",
        "fuel:adblue": "yes",
        "fuel:diesel": "yes",
        "fuel:octane_100": "yes",
        "fuel:octane_95": "yes",
        "internet_access": "wlan",
        "internet_access:fee": "customers",
        "name": "Orlen",
        "opening_hours": "Mo-Su 05:00-24:00",
        "operator": "Orlen Unipetrol RPA s.r.o. - Benzina, odštěpný závod",
        "toilets": "yes",
        "valves": "schrader",
        "website": "https://www.orlen.cz/",
        "wheelchair": "yes"
      },
      "geometry": {
        "type": "Point",
        "coordinates": [
          14.4587893,
          48.8210661
        ]
      },
      "id": "node/12632867226"
    },
    {
      "type": "Feature",
      "properties": {
        "@id": "node/12634097598",
        "amenity": "fuel",
        "brand": "Orlen express",
        "brand:facebook": "https://www.facebook.com/orlencz",
        "brand:website": "https://www.orlen.cz",
        "brand:wikidata": "Q971649",
        "compressed_air": "no",
        "email": "info@orlen.cz",
        "fuel:diesel": "yes",
        "fuel:octane_100": "yes",
        "fuel:octane_95": "yes",
        "name": "Orlen express",
        "opening_hours": "24/7",
        "operator": "Orlen Unipetrol RPA s.r.o. - Benzina, odštěpný závod",
        "phone": "+420 800 102 800",
        "self_service": "only",
        "shop": "no",
        "wheelchair": "yes"
      },
      "geometry": {
        "type": "Point",
        "coordinates": [
          14.3685454,
          50.2436792
        ]
      },
      "id": "node/12634097598"
    },
    {
      "type": "Feature",
      "properties": {
        "@id": "node/12638027854",
        "amenity": "fuel",
        "branch": "Prachatice, Krumlovská",
        "brand": "Orlen",
        "brand:wikidata": "Q971649",
        "compressed_air": "yes",
        "contact:facebook": "https://www.facebook.com/orlencz",
        "fuel:GTL_diesel": "yes",
        "fuel:diesel": "yes",
        "fuel:octane_100": "yes",
        "fuel:octane_95": "yes",
        "internet_access": "wlan",
        "internet_access:fee": "customers",
        "name": "Orlen",
        "opening_hours": "Mo-Su 05:00-21:00",
        "operator": "Orlen Unipetrol RPA s.r.o. - Benzina, odštěpný závod",
        "toilets": "yes",
        "website": "https://www.orlen.cz/",
        "wheelchair": "yes"
      },
      "geometry": {
        "type": "Point",
        "coordinates": [
          14.0117334,
          49.0013595
        ]
      },
      "id": "node/12638027854"
    },
    {
      "type": "Feature",
      "properties": {
        "@id": "node/12638045538",
        "amenity": "fuel",
        "branch": "Prachatice, Nebahovská",
        "brand": "Orlen",
        "brand:wikidata": "Q971649",
        "compressed_air": "yes",
        "contact:facebook": "https://www.facebook.com/orlencz",
        "fuel:GTL_diesel": "yes",
        "fuel:diesel": "yes",
        "fuel:octane_100": "yes",
        "fuel:octane_95": "yes",
        "internet_access": "wlan",
        "internet_access:fee": "customers",
        "name": "Orlen",
        "opening_hours": "24/7",
        "operator": "Orlen Unipetrol RPA s.r.o. - Benzina, odštěpný závod",
        "toilets": "yes",
        "website": "https://www.orlen.cz/",
        "wheelchair": "yes"
      },
      "geometry": {
        "type": "Point",
        "coordinates": [
          14.0046878,
          49.0127377
        ]
      },
      "id": "node/12638045538"
    },
    {
      "type": "Feature",
      "properties": {
        "@id": "node/12638534843",
        "amenity": "fuel",
        "brand": "Orlen",
        "brand:wikidata": "Q971649",
        "compressed_air": "yes",
        "contact:facebook": "https://www.facebook.com/orlencz",
        "fuel:GTL_diesel": "yes",
        "fuel:HGV_diesel": "yes",
        "fuel:diesel": "yes",
        "fuel:octane_100": "yes",
        "fuel:octane_95": "yes",
        "internet_access": "wlan",
        "internet_access:fee": "customers",
        "name": "Orlen",
        "opening_hours": "Mo-Su 05:00-22:00",
        "operator": "Orlen Unipetrol RPA s.r.o. - Benzina, odštěpný závod",
        "payment:app": "yes",
        "payment:cash": "yes",
        "payment:credit_cards": "yes",
        "payment:debit_cards": "yes",
        "shop": "convenience",
        "stroller": "yes",
        "toilets": "yes",
        "website": "https://www.orlen.cz/",
        "wheelchair": "yes"
      },
      "geometry": {
        "type": "Point",
        "coordinates": [
          18.6213177,
          49.7410578
        ]
      },
      "id": "node/12638534843"
    },
    {
      "type": "Feature",
      "properties": {
        "@id": "node/12638750361",
        "amenity": "fuel",
        "branch": "Ostrava, Těšínská",
        "brand": "Orlen",
        "brand:wikidata": "Q971649",
        "contact:facebook": "https://www.facebook.com/orlencz",
        "fuel:GTL_diesel": "yes",
        "fuel:diesel": "yes",
        "fuel:octane_100": "yes",
        "fuel:octane_95": "yes",
        "internet_access": "wlan",
        "internet_access:fee": "customers",
        "name": "Orlen",
        "opening_hours": "Mo-Su 05:00-23:00",
        "operator": "Orlen Unipetrol RPA s.r.o. - Benzina, odštěpný závod",
        "toilets": "yes",
        "website": "https://www.orlen.cz/",
        "wheelchair": "yes"
      },
      "geometry": {
        "type": "Point",
        "coordinates": [
          18.3354136,
          49.8133803
        ]
      },
      "id": "node/12638750361"
    },
    {
      "type": "Feature",
      "properties": {
        "@id": "node/12645384614",
        "amenity": "fuel",
        "branch": "Český Krumlov, Chvalšinská",
        "brand": "MOL",
        "brand:facebook": "molcesko",
        "brand:instagram": "mol_cesko",
        "brand:website": "https://molcesko.cz/cz",
        "brand:wikidata": "Q549181",
        "compressed_air": "yes",
        "fuel:GTL_diesel": "yes",
        "fuel:HGV_diesel": "yes",
        "fuel:adblue": "yes",
        "fuel:diesel": "yes",
        "fuel:lpg": "yes",
        "fuel:octane_100": "yes",
        "fuel:octane_95": "yes",
        "name": "MOL",
        "opening_hours": "Mo-Su 06:00-22:00",
        "operator": "MOL Česká republika",
        "payment:american_express": "yes",
        "payment:cash": "yes",
        "payment:ccs": "yes",
        "payment:dkv": "yes",
        "payment:e100": "yes",
        "payment:eurooil": "yes",
        "payment:ina": "yes",
        "payment:maestro": "yes",
        "payment:mastercard": "yes",
        "payment:mol": "yes",
        "payment:slovnaft": "yes",
        "payment:uta": "yes",
        "payment:v_pay": "yes",
        "payment:visa": "yes",
        "smoking": "no",
        "toilets": "yes",
        "wheelchair": "yes"
      },
      "geometry": {
        "type": "Point",
        "coordinates": [
          14.3020637,
          48.8168237
        ]
      },
      "id": "node/12645384614"
    },
    {
      "type": "Feature",
      "properties": {
        "@id": "node/12645390475",
        "amenity": "fuel",
        "branch": "Český Krumlov, Nemocniční",
        "brand": "MOL",
        "brand:facebook": "molcesko",
        "brand:instagram": "mol_cesko",
        "brand:website": "https://molcesko.cz/cz",
        "brand:wikidata": "Q549181",
        "brand:wikipedia": "en:MOL (company)",
        "compressed_air": "yes",
        "fuel:GTL_diesel": "yes",
        "fuel:HGV_diesel": "yes",
        "fuel:adblue": "yes",
        "fuel:diesel": "yes",
        "fuel:octane_100": "yes",
        "fuel:octane_95": "yes",
        "name": "MOL",
        "opening_hours": "Mo-Su 06:00-22:00",
        "operator": "MOL Česká republika",
        "payment:american_express": "yes",
        "payment:cash": "yes",
        "payment:ccs": "yes",
        "payment:dkv": "yes",
        "payment:e100": "yes",
        "payment:eurooil": "yes",
        "payment:ina": "yes",
        "payment:maestro": "yes",
        "payment:mastercard": "yes",
        "payment:mol": "yes",
        "payment:slovnaft": "yes",
        "payment:uta": "yes",
        "payment:v_pay": "yes",
        "payment:visa": "yes",
        "toilets": "yes",
        "wheelchair": "yes"
      },
      "geometry": {
        "type": "Point",
        "coordinates": [
          14.3226668,
          48.8122385
        ]
      },
      "id": "node/12645390475"
    },
    {
      "type": "Feature",
      "properties": {
        "@id": "node/12649725655",
        "amenity": "fuel",
        "brand": "KM - PRONA",
        "compressed_air": "yes",
        "email": "chomutov@km-prona.cz",
        "fuel:diesel": "yes",
        "fuel:lpg": "yes",
        "fuel:octane_95": "yes",
        "fuel:octane_98": "yes",
        "internet_access": "wlan",
        "name": "KM-Prona, Chomutov",
        "opening_hours": "05:30-21:00",
        "operator": "KM - PRONA, a.s.",
        "shop": "yes",
        "website": "https://km-prona.cz/seznam-stanic/50-chomutov"
      },
      "geometry": {
        "type": "Point",
        "coordinates": [
          13.4148008,
          50.4710022
        ]
      },
      "id": "node/12649725655"
    },
    {
      "type": "Feature",
      "properties": {
        "@id": "node/12651834593",
        "amenity": "fuel",
        "branch": "Hodonín, Měšťanská",
        "brand": "ČSAD Hodonín",
        "brand:wikidata": "Q54980179",
        "compressed_air": "yes",
        "contact:facebook": "https://www.facebook.com/csadhodonin",
        "fuel:adblue:canister": "yes",
        "fuel:diesel": "yes",
        "fuel:e85": "yes",
        "fuel:octane_95": "yes",
        "fuel:octane_98": "yes",
        "full_service": "no",
        "full_service:conditional": "yes @ Mo-Su 05:00-22:00",
        "name": "ČSAD Hodonín",
        "opening_hours": "24/7",
        "operator": "ČSAD Hodonín",
        "payment:american_express": "yes",
        "payment:cash": "yes",
        "payment:ccs": "yes",
        "payment:csad": "yes",
        "payment:dfc": "yes",
        "payment:maestro": "yes",
        "payment:mastercard": "yes",
        "payment:mastercard_electronic": "yes",
        "payment:visa": "yes",
        "payment:visa_electron": "yes",
        "self_service": "yes",
        "shop": "convenience",
        "toilets": "yes",
        "website": "http://www.phmcsad.com/",
        "wheelchair": "yes"
      },
      "geometry": {
        "type": "Point",
        "coordinates": [
          17.1358537,
          48.8577737
        ]
      },
      "id": "node/12651834593"
    },
    {
      "type": "Feature",
      "properties": {
        "@id": "node/12677364669",
        "amenity": "fuel",
        "cafe": "yes",
        "fuel:diesel": "yes",
        "fuel:lpg": "yes",
        "fuel:octane_95": "yes",
        "fuel:octane_98": "yes",
        "name": "LXM Group",
        "shop": "yes",
        "wheelchair": "yes"
      },
      "geometry": {
        "type": "Point",
        "coordinates": [
          18.007321,
          49.6034498
        ]
      },
      "id": "node/12677364669"
    },
    {
      "type": "Feature",
      "properties": {
        "@id": "node/12687808351",
        "amenity": "fuel",
        "branch": "Šlovice, D5, směr Rozvadov",
        "brand": "Orlen",
        "brand:facebook": "https://www.facebook.com/orlencz",
        "brand:website": "https://www.orlen.cz",
        "brand:wikidata": "Q971649",
        "compressed_air": "yes",
        "fuel:GTL_diesel": "yes",
        "fuel:adblue:canister": "yes",
        "fuel:diesel": "yes",
        "fuel:octane_100": "yes",
        "fuel:octane_95": "yes",
        "internet_access": "wlan",
        "internet_access:fee": "customers",
        "name": "Orlen",
        "opening_hours": "24/7",
        "operator": "Orlen Unipetrol RPA s.r.o. - Benzina, odštěpný závod",
        "toilets": "yes",
        "wheelchair": "yes"
      },
      "geometry": {
        "type": "Point",
        "coordinates": [
          13.3311205,
          49.6782758
        ]
      },
      "id": "node/12687808351"
    },
    {
      "type": "Feature",
      "properties": {
        "@id": "node/12687808355",
        "amenity": "fuel",
        "branch": "Šlovice, D5, směr Praha",
        "brand": "Orlen",
        "brand:facebook": "https://www.facebook.com/orlencz",
        "brand:website": "https://www.orlen.cz",
        "brand:wikidata": "Q971649",
        "compressed_air": "yes",
        "fuel:GTL_diesel": "yes",
        "fuel:adblue:canister": "yes",
        "fuel:diesel": "yes",
        "fuel:octane_100": "yes",
        "fuel:octane_95": "yes",
        "internet_access": "wlan",
        "internet_access:fee": "customers",
        "name": "Orlen",
        "opening_hours": "24/7",
        "operator": "Orlen Unipetrol RPA s.r.o. - Benzina, odštěpný závod",
        "toilets": "yes",
        "wheelchair": "yes"
      },
      "geometry": {
        "type": "Point",
        "coordinates": [
          13.3244858,
          49.6766445
        ]
      },
      "id": "node/12687808355"
    },
    {
      "type": "Feature",
      "properties": {
        "@id": "node/12688120963",
        "amenity": "fuel",
        "branch": "Kladruby, D5, směr Rozvadov",
        "brand": "Orlen",
        "brand:facebook": "https://www.facebook.com/orlencz",
        "brand:website": "https://www.orlen.cz",
        "brand:wikidata": "Q971649",
        "compressed_air": "yes",
        "fuel:GTL_diesel": "yes",
        "fuel:HGV_diesel": "yes",
        "fuel:adblue": "yes",
        "fuel:diesel": "yes",
        "fuel:octane_100": "yes",
        "fuel:octane_95": "yes",
        "internet_access": "wlan",
        "internet_access:fee": "customers",
        "name": "Orlen",
        "opening_hours": "24/7",
        "operator": "Orlen Unipetrol RPA s.r.o. - Benzina, odštěpný závod",
        "toilets": "yes",
        "wheelchair": "yes"
      },
      "geometry": {
        "type": "Point",
        "coordinates": [
          12.9870993,
          49.7031753
        ]
      },
      "id": "node/12688120963"
    },
    {
      "type": "Feature",
      "properties": {
        "@id": "node/12694876623",
        "amenity": "fuel",
        "branch": "Neratovice, Byškovická",
        "brand": "MOL",
        "brand:facebook": "https://www.facebook.com/molcesko",
        "brand:instagram": "https://www.instagram.com/mol_cesko",
        "brand:website": "https://molcesko.cz/cz",
        "brand:wikidata": "Q549181",
        "compressed_air": "yes",
        "fuel:GTL_diesel": "yes",
        "fuel:diesel": "yes",
        "fuel:octane_100": "yes",
        "fuel:octane_95": "yes",
        "internet_access": "wlan",
        "internet_access:fee": "customers",
        "name": "MOL",
        "opening_hours": "Mo-Fr 05:30-21:30; Sa,Su 06:00-21:30",
        "operator": "MOL Česká republika",
        "payment:american_express": "yes",
        "payment:cash": "yes",
        "payment:ccs": "yes",
        "payment:dkv": "yes",
        "payment:e100": "yes",
        "payment:eurooil": "yes",
        "payment:ina": "yes",
        "payment:maestro": "yes",
        "payment:mastercard": "yes",
        "payment:mol": "yes",
        "payment:slovnaft": "yes",
        "payment:uta": "yes",
        "payment:v_pay": "yes",
        "payment:visa": "yes",
        "toilets": "yes",
        "wheelchair": "yes"
      },
      "geometry": {
        "type": "Point",
        "coordinates": [
          14.49906,
          50.2549565
        ]
      },
      "id": "node/12694876623"
    },
    {
      "type": "Feature",
      "properties": {
        "@id": "node/12791121087",
        "amenity": "fuel",
        "branch": "Příbram, Brodská",
        "brand": "Orlen",
        "brand:facebook": "orlencz",
        "brand:website": "https://www.orlen.cz",
        "brand:wikidata": "Q971649",
        "brand:wikipedia": "cs:Orlen",
        "compressed_air": "yes",
        "fuel:adblue": "yes",
        "fuel:diesel": "yes",
        "fuel:octane_100": "yes",
        "fuel:octane_95": "yes",
        "internet_access": "wlan",
        "internet_access:fee": "customers",
        "name": "Orlen",
        "opening_hours": "Mo-Su 05:00-22:00",
        "operator": "Orlen Unipetrol RPA",
        "toilets": "yes",
        "wheelchair": "yes"
      },
      "geometry": {
        "type": "Point",
        "coordinates": [
          13.995007,
          49.6684275
        ]
      },
      "id": "node/12791121087"
    },
    {
      "type": "Feature",
      "properties": {
        "@id": "node/12791252751",
        "amenity": "fuel",
        "brand": "Orlen express",
        "brand:facebook": "https://www.facebook.com/orlencz",
        "brand:website": "https://www.orlen.cz",
        "brand:wikidata": "Q971649",
        "compressed_air": "no",
        "email": "info@orlen.cz",
        "fuel:diesel": "yes",
        "fuel:octane_100": "yes",
        "fuel:octane_95": "yes",
        "name": "Orlen express",
        "opening_hours": "24/7",
        "operator": "Orlen Unipetrol RPA s.r.o. - Benzina, odštěpný závod",
        "phone": "+420 800 102 800",
        "self_service": "only",
        "wheelchair": "yes"
      },
      "geometry": {
        "type": "Point",
        "coordinates": [
          14.2794402,
          50.0308576
        ]
      },
      "id": "node/12791252751"
    },
    {
      "type": "Feature",
      "properties": {
        "@id": "node/12838205025",
        "amenity": "fuel",
        "brand": "Orlen",
        "brand:wikidata": "Q971649",
        "changing_table": "no",
        "compressed_air": "yes",
        "fuel:diesel": "yes",
        "fuel:octane_100": "yes",
        "fuel:octane_95": "yes",
        "name": "Orlen",
        "opening_hours": "24/7",
        "valves": "schrader",
        "wheelchair": "yes"
      },
      "geometry": {
        "type": "Point",
        "coordinates": [
          14.6878968,
          49.395036
        ]
      },
      "id": "node/12838205025"
    },
    {
      "type": "Feature",
      "properties": {
        "@id": "node/13002050494",
        "amenity": "fuel",
        "branch": "Kroměříž, Hulínská",
        "brand": "OMV",
        "brand:facebook": "https://www.facebook.com/omvceskarepublika",
        "brand:website": "https://www.omv.cz/cs-cz",
        "brand:wikidata": "Q168238",
        "brand:wikipedia": "cs:OMV",
        "compressed_air": "yes",
        "fuel:HGV_diesel": "yes",
        "fuel:diesel": "yes",
        "fuel:octane_100": "yes",
        "fuel:octane_95": "yes",
        "name": "OMV",
        "opening_hours": "24/7",
        "operator": "OMV Česká republika",
        "payment:cash": "yes",
        "payment:dkv": "yes",
        "payment:mastercard": "yes",
        "payment:omv_card": "yes",
        "payment:routex": "yes",
        "payment:uta": "yes",
        "payment:visa": "yes",
        "wheelchair": "yes"
      },
      "geometry": {
        "type": "Point",
        "coordinates": [
          17.4054649,
          49.3061205
        ]
      },
      "id": "node/13002050494"
    },
    {
      "type": "Feature",
      "properties": {
        "@id": "node/13002091676",
        "amenity": "fuel",
        "branch": "Prostějov, Plumlovská",
        "brand": "OMV",
        "brand:facebook": "https://www.facebook.com/omvceskarepublika",
        "brand:website": "https://www.omv.cz/cs-cz",
        "brand:wikidata": "Q168238",
        "brand:wikipedia": "cs:OMV",
        "compressed_air": "yes",
        "fuel:HGV_diesel": "yes",
        "fuel:diesel": "yes",
        "fuel:lpg": "yes",
        "fuel:octane_100": "yes",
        "fuel:octane_95": "yes",
        "name": "OMV",
        "opening_hours": "24/7",
        "operator": "OMV Česká republika",
        "payment:cash": "yes",
        "payment:dkv": "yes",
        "payment:mastercard": "yes",
        "payment:omv_card": "yes",
        "payment:routex": "yes",
        "payment:uta": "yes",
        "payment:visa": "yes",
        "wheelchair": "yes"
      },
      "geometry": {
        "type": "Point",
        "coordinates": [
          17.0919356,
          49.4725403
        ]
      },
      "id": "node/13002091676"
    },
    {
      "type": "Feature",
      "properties": {
        "@id": "node/13002206129",
        "amenity": "fuel",
        "branch": "Praha, Slánská",
        "brand": "OMV",
        "brand:facebook": "https://www.facebook.com/omvceskarepublika",
        "brand:website": "https://www.omv.cz/cs-cz",
        "brand:wikidata": "Q168238",
        "brand:wikipedia": "cs:OMV",
        "compressed_air": "yes",
        "fuel:diesel": "yes",
        "fuel:octane_100": "yes",
        "fuel:octane_95": "yes",
        "name": "OMV",
        "opening_hours": "24/7",
        "operator": "OMV Česká republika",
        "payment:cash": "yes",
        "payment:dkv": "yes",
        "payment:mastercard": "yes",
        "payment:omv_card": "yes",
        "payment:routex": "yes",
        "payment:uta": "yes",
        "payment:visa": "yes",
        "phone": "+420235302326",
        "wheelchair": "yes"
      },
      "geometry": {
        "type": "Point",
        "coordinates": [
          14.3092852,
          50.0664347
        ]
      },
      "id": "node/13002206129"
    },
    {
      "type": "Feature",
      "properties": {
        "@id": "node/13002271559",
        "amenity": "fuel",
        "branch": "Klíčany, D8, směr Praha",
        "brand": "OMV",
        "brand:facebook": "https://www.facebook.com/omvceskarepublika",
        "brand:website": "https://www.omv.cz/cs-cz",
        "brand:wikidata": "Q168238",
        "brand:wikipedia": "cs:OMV",
        "compressed_air": "yes",
        "fuel:HGV_diesel": "yes",
        "fuel:adblue": "yes",
        "fuel:diesel": "yes",
        "fuel:octane_100": "yes",
        "fuel:octane_95": "yes",
        "name": "OMV",
        "opening_hours": "24/7",
        "operator": "OMV Česká republika",
        "payment:cash": "yes",
        "payment:dkv": "yes",
        "payment:mastercard": "yes",
        "payment:omv_card": "yes",
        "payment:routex": "yes",
        "payment:uta": "yes",
        "payment:visa": "yes",
        "phone": "+420 284 892 328",
        "wheelchair": "yes"
      },
      "geometry": {
        "type": "Point",
        "coordinates": [
          14.4332753,
          50.2078988
        ]
      },
      "id": "node/13002271559"
    },
    {
      "type": "Feature",
      "properties": {
        "@id": "node/13002548390",
        "amenity": "fuel",
        "branch": "Mladá Boleslav, Jičínská",
        "brand": "OMV",
        "brand:facebook": "https://www.facebook.com/omvceskarepublika",
        "brand:website": "https://www.omv.cz/cs-cz",
        "brand:wikidata": "Q168238",
        "brand:wikipedia": "cs:OMV",
        "compressed_air": "yes",
        "email": "station.mladaboleslav.jicinskasever@omv.com",
        "fuel:HGV_diesel": "yes",
        "fuel:adblue": "yes",
        "fuel:diesel": "yes",
        "fuel:octane_100": "yes",
        "fuel:octane_95": "yes",
        "name": "OMV",
        "opening_hours": "24/7",
        "operator": "OMV Česká republika",
        "payment:cash": "yes",
        "payment:dkv": "yes",
        "payment:mastercard": "yes",
        "payment:omv_card": "yes",
        "payment:routex": "yes",
        "payment:uta": "yes",
        "payment:visa": "yes",
        "phone": "+420-734491935",
        "wheelchair": "yes"
      },
      "geometry": {
        "type": "Point",
        "coordinates": [
          14.9351623,
          50.4108262
        ]
      },
      "id": "node/13002548390"
    },
    {
      "type": "Feature",
      "properties": {
        "@id": "node/13114343824",
        "amenity": "fuel",
        "branch": "Humpolec, Vystrkov",
        "brand": "Orlen",
        "brand:facebook": "https://www.facebook.com/orlencz",
        "brand:website": "https://www.orlen.cz",
        "brand:wikidata": "Q971649",
        "brand:wikipedia": "cs:Orlen",
        "compressed_air": "yes",
        "fuel:diesel": "yes",
        "fuel:octane_100": "yes",
        "fuel:octane_95": "yes",
        "internet_access": "wlan",
        "internet_access:fee": "customers",
        "name": "Orlen",
        "operator": "Orlen Unipetrol RPA s.r.o. - Benzina, odštěpný závod",
        "toilets": "yes",
        "wheelchair": "yes"
      },
      "geometry": {
        "type": "Point",
        "coordinates": [
          15.3475927,
          49.5219968
        ]
      },
      "id": "node/13114343824"
    },
    {
      "type": "Feature",
      "properties": {
        "@id": "node/13114838436",
        "amenity": "fuel",
        "branch": "Český Krumlov",
        "brand": "Orlen",
        "brand:facebook": "orlencz",
        "brand:website": "https://www.orlen.cz/",
        "brand:wikidata": "Q971649",
        "compressed_air": "yes",
        "fuel:adblue": "yes",
        "fuel:diesel": "yes",
        "fuel:octane_100": "yes",
        "fuel:octane_95": "yes",
        "internet_access": "wlan",
        "internet_access:fee": "customers",
        "name": "Orlen",
        "opening_hours": "Mo-Su 05:00-23:00",
        "operator": "Orlen Unipetrol RPA",
        "smoking": "no",
        "toilets": "yes",
        "wheelchair": "yes"
      },
      "geometry": {
        "type": "Point",
        "coordinates": [
          14.3339259,
          48.8249802
        ]
      },
      "id": "node/13114838436"
    },
    {
      "type": "Feature",
      "properties": {
        "@id": "node/13114989792",
        "amenity": "fuel",
        "brand": "Orlen",
        "brand:facebook": "https://www.facebook.com/orlencz",
        "brand:website": "https://www.orlen.cz",
        "brand:wikidata": "Q971649",
        "brand:wikipedia": "cs:Orlen",
        "compressed_air": "yes",
        "fuel:diesel": "yes",
        "fuel:octane_100": "yes",
        "fuel:octane_95": "yes",
        "internet_access": "wlan",
        "internet_access:fee": "customers",
        "name": "Orlen",
        "opening_hours": "Mo-Su 05:00-22:00",
        "operator": "Orlen Unipetrol RPA s.r.o. - Benzina, odštěpný závod",
        "toilets": "yes",
        "wheelchair": "yes"
      },
      "geometry": {
        "type": "Point",
        "coordinates": [
          13.673742,
          50.504242
        ]
      },
      "id": "node/13114989792"
    },
    {
      "type": "Feature",
      "properties": {
        "@id": "node/13115000329",
        "amenity": "fuel",
        "brand": "Orlen",
        "brand:facebook": "https://www.facebook.com/orlencz",
        "brand:website": "https://www.orlen.cz",
        "brand:wikidata": "Q971649",
        "brand:wikipedia": "cs:Orlen",
        "compressed_air": "yes",
        "fuel:diesel": "yes",
        "fuel:octane_100": "yes",
        "fuel:octane_95": "yes",
        "internet_access": "wlan",
        "internet_access:fee": "customers",
        "name": "Orlen",
        "opening_hours": "Mo-Su 05:00-23:00",
        "operator": "Orlen Unipetrol RPA s.r.o. - Benzina, odštěpný závod",
        "toilets": "yes",
        "wheelchair": "yes"
      },
      "geometry": {
        "type": "Point",
        "coordinates": [
          13.6304456,
          50.5244557
        ]
      },
      "id": "node/13115000329"
    },
    {
      "type": "Feature",
      "properties": {
        "@id": "node/13115018531",
        "amenity": "fuel",
        "brand": "Orlen",
        "brand:facebook": "https://www.facebook.com/orlencz",
        "brand:website": "https://www.orlen.cz",
        "brand:wikidata": "Q971649",
        "brand:wikipedia": "cs:Orlen",
        "compressed_air": "yes",
        "fuel:HGV_diesel": "yes",
        "fuel:diesel": "yes",
        "fuel:octane_100": "yes",
        "fuel:octane_95": "yes",
        "internet_access": "wlan",
        "internet_access:fee": "customers",
        "name": "Orlen",
        "opening_hours": "24/7",
        "operator": "Orlen Unipetrol RPA s.r.o. - Benzina, odštěpný závod",
        "payment:american_express": "yes",
        "payment:cash": "yes",
        "payment:dkv": "yes",
        "payment:maestro": "yes",
        "payment:mastercard": "yes",
        "payment:uta": "yes",
        "payment:visa": "yes",
        "phone": "+420 417 531 006",
        "toilets": "yes",
        "wheelchair": "yes"
      },
      "geometry": {
        "type": "Point",
        "coordinates": [
          13.8431089,
          50.6303617
        ]
      },
      "id": "node/13115018531"
    },
    {
      "type": "Feature",
      "properties": {
        "@id": "node/13115056115",
        "amenity": "fuel",
        "brand": "Orlen",
        "brand:facebook": "https://www.facebook.com/orlencz",
        "brand:website": "https://www.orlen.cz",
        "brand:wikidata": "Q971649",
        "brand:wikipedia": "cs:Orlen",
        "compressed_air": "yes",
        "fuel:HGV_diesel": "yes",
        "fuel:diesel": "yes",
        "fuel:octane_100": "yes",
        "fuel:octane_95": "yes",
        "internet_access": "wlan",
        "internet_access:fee": "customers",
        "name": "Orlen",
        "opening_hours": "24/7",
        "operator": "Orlen Unipetrol RPA s.r.o. - Benzina, odštěpný závod",
        "source:addr": "cuzk:ruian",
        "toilets": "yes",
        "wheelchair": "yes"
      },
      "geometry": {
        "type": "Point",
        "coordinates": [
          13.8068366,
          50.6547922
        ]
      },
      "id": "node/13115056115"
    },
    {
      "type": "Feature",
      "properties": {
        "@id": "node/13146895474",
        "amenity": "fuel",
        "branch": "Studená",
        "brand": "MOL",
        "brand:facebook": "https://www.facebook.com/molcesko",
        "brand:instagram": "https://www.instagram.com/mol_cesko",
        "brand:website": "https://molcesko.cz/cz",
        "brand:wikidata": "Q549181",
        "brand:wikipedia": "cs:MOL (holding)",
        "compressed_air": "yes",
        "fuel:HGV_diesel": "yes",
        "fuel:diesel": "yes",
        "fuel:octane_100": "yes",
        "fuel:octane_95": "yes",
        "internet_access": "wlan",
        "internet_access:fee": "customers",
        "name": "MOL",
        "opening_hours": "Mo-Fr 06:00-21:00; Sa-Su 07:00-21:00",
        "operator": "MOL Česká republika",
        "payment:american_express": "yes",
        "payment:cash": "yes",
        "payment:ccs": "yes",
        "payment:dkv": "yes",
        "payment:e100": "yes",
        "payment:eurooil": "yes",
        "payment:ina": "yes",
        "payment:maestro": "yes",
        "payment:mastercard": "yes",
        "payment:mol": "yes",
        "payment:slovnaft": "yes",
        "payment:uta": "yes",
        "payment:v_pay": "yes",
        "payment:visa": "yes",
        "toilets": "yes",
        "wheelchair": "yes"
      },
      "geometry": {
        "type": "Point",
        "coordinates": [
          15.2806494,
          49.1792361
        ]
      },
      "id": "node/13146895474"
    },
    {
      "type": "Feature",
      "properties": {
        "@id": "node/13278111937",
        "amenity": "fuel",
        "branch": "Bruntál, Staroměstská",
        "brand": "OMV",
        "brand:facebook": "omvceskarepublika",
        "brand:website": "https://www.omv.cz/cs-cz",
        "brand:wikidata": "Q168238",
        "brand:wikipedia": "cs:OMV",
        "compressed_air": "yes",
        "fuel:HGV_diesel": "yes",
        "fuel:diesel": "yes",
        "fuel:octane_100": "yes",
        "fuel:octane_95": "yes",
        "name": "OMV",
        "opening_hours": "24/7",
        "operator": "OMV Česká republika",
        "payment:cash": "yes",
        "payment:dkv": "yes",
        "payment:mastercard": "yes",
        "payment:omv_card": "yes",
        "payment:routex": "yes",
        "payment:uta": "yes",
        "payment:visa": "yes",
        "wheelchair": "yes"
      },
      "geometry": {
        "type": "Point",
        "coordinates": [
          17.4500207,
          49.9952648
        ]
      },
      "id": "node/13278111937"
    },
    {
      "type": "Feature",
      "properties": {
        "@id": "node/13287711427",
        "amenity": "fuel",
        "branch": "Praha, Plzeňská, směr z centra",
        "brand": "OMV",
        "brand:facebook": "omvceskarepublika",
        "brand:website": "https://www.omv.cz/cs-cz",
        "brand:wikidata": "Q168238",
        "brand:wikipedia": "cs:OMV",
        "check_date": "2026-05-08",
        "compressed_air": "yes",
        "fuel:HGV_diesel": "yes",
        "fuel:diesel": "yes",
        "fuel:octane_100": "yes",
        "fuel:octane_95": "yes",
        "name": "OMV",
        "opening_hours": "24/7",
        "operator": "OMV Česká republika",
        "payment:cash": "yes",
        "payment:dkv": "yes",
        "payment:mastercard": "yes",
        "payment:omv_card": "yes",
        "payment:routex": "yes",
        "payment:uta": "yes",
        "payment:visa": "yes",
        "wheelchair": "yes"
      },
      "geometry": {
        "type": "Point",
        "coordinates": [
          14.3605634,
          50.0697584
        ]
      },
      "id": "node/13287711427"
    },
    {
      "type": "Feature",
      "properties": {
        "@id": "node/13287735969",
        "amenity": "fuel",
        "branch": "Praha, K Horkám",
        "brand": "OMV",
        "brand:facebook": "omvceskarepublika",
        "brand:website": "https://www.omv.cz/cs-cz",
        "brand:wikidata": "Q168238",
        "brand:wikipedia": "cs:OMV",
        "compressed_air": "yes",
        "fuel:HGV_diesel": "yes",
        "fuel:diesel": "yes",
        "fuel:octane_100": "yes",
        "fuel:octane_95": "yes",
        "name": "OMV",
        "opening_hours": "24/7",
        "operator": "OMV Česká republika",
        "payment:cash": "yes",
        "payment:dkv": "yes",
        "payment:mastercard": "yes",
        "payment:omv_card": "yes",
        "payment:routex": "yes",
        "payment:uta": "yes",
        "payment:visa": "yes",
        "phone": "+420 272940816",
        "wheelchair": "yes"
      },
      "geometry": {
        "type": "Point",
        "coordinates": [
          14.5113115,
          50.0401774
        ]
      },
      "id": "node/13287735969"
    },
    {
      "type": "Feature",
      "properties": {
        "@id": "node/13293885361",
        "amenity": "fuel",
        "branch": "Hluboká nad Vltavou",
        "brand": "Orlen",
        "brand:facebook": "orlencz",
        "brand:website": "https://www.orlen.cz",
        "brand:wikidata": "Q971649",
        "brand:wikipedia": "cs:Orlen",
        "changing_table": "no",
        "compressed_air": "yes",
        "fuel:diesel": "yes",
        "fuel:octane_100": "yes",
        "fuel:octane_95": "yes",
        "internet_access": "wlan",
        "internet_access:fee": "customers",
        "name": "Orlen",
        "opening_hours": "Mo-Su 05:00-23:00",
        "operator": "Orlen Unipetrol RPA s.r.o. - Benzina",
        "phone": "+420 387 967 019",
        "toilets": "yes",
        "valves": "schrader",
        "wheelchair": "yes"
      },
      "geometry": {
        "type": "Point",
        "coordinates": [
          14.4298451,
          49.0502806
        ]
      },
      "id": "node/13293885361"
    },
    {
      "type": "Feature",
      "properties": {
        "@id": "node/13293888802",
        "amenity": "fuel",
        "branch": "České Budějovice, Lidická tř.",
        "brand": "Orlen",
        "brand:facebook": "orlencz",
        "brand:website": "https://www.orlen.cz",
        "brand:wikidata": "Q971649",
        "brand:wikipedia": "cs:Orlen",
        "compressed_air": "yes",
        "fuel:diesel": "yes",
        "fuel:octane_100": "yes",
        "fuel:octane_95": "yes",
        "internet_access": "wlan",
        "internet_access:fee": "customers",
        "name": "Orlen",
        "opening_hours": "Mo-Su 05:00-23:00",
        "operator": "Orlen Unipetrol RPA s.r.o. - Benzina",
        "toilets": "yes",
        "wheelchair": "yes"
      },
      "geometry": {
        "type": "Point",
        "coordinates": [
          14.466096,
          48.9517546
        ]
      },
      "id": "node/13293888802"
    },
    {
      "type": "Feature",
      "properties": {
        "@id": "node/13294043828",
        "amenity": "fuel",
        "branch": "Brno, Cimburkova",
        "brand": "OMV",
        "brand:facebook": "omvceskarepublika",
        "brand:website": "https://www.omv.cz/cs-cz",
        "brand:wikidata": "Q168238",
        "brand:wikipedia": "cs:OMV",
        "compressed_air": "yes",
        "contact:phone": "+420 5 41218677",
        "fuel:HGV_diesel": "yes",
        "fuel:diesel": "yes",
        "fuel:octane_100": "yes",
        "fuel:octane_95": "yes",
        "name": "OMV",
        "opening_hours": "24/7",
        "operator": "OMV Česká republika",
        "payment:cash": "yes",
        "payment:dkv": "yes",
        "payment:mastercard": "yes",
        "payment:omv_card": "yes",
        "payment:routex": "yes",
        "payment:uta": "yes",
        "payment:visa": "yes",
        "ref": "2134",
        "wheelchair": "yes"
      },
      "geometry": {
        "type": "Point",
        "coordinates": [
          16.6052495,
          49.2156148
        ]
      },
      "id": "node/13294043828"
    },
    {
      "type": "Feature",
      "properties": {
        "@id": "node/13294049305",
        "amenity": "fuel",
        "branch": "Brno, D2 - 1 km, vpravo",
        "brand": "OMV",
        "brand:facebook": "omvceskarepublika",
        "brand:website": "https://www.omv.cz/cs-cz",
        "brand:wikidata": "Q168238",
        "brand:wikipedia": "cs:OMV",
        "compressed_air": "yes",
        "fuel:HGV_diesel": "yes",
        "fuel:diesel": "yes",
        "fuel:octane_100": "yes",
        "fuel:octane_95": "yes",
        "name": "OMV",
        "opening_hours": "24/7",
        "operator": "OMV Česká republika",
        "payment:cash": "yes",
        "payment:dkv": "yes",
        "payment:mastercard": "yes",
        "payment:omv_card": "yes",
        "payment:routex": "yes",
        "payment:uta": "yes",
        "payment:visa": "yes",
        "phone": "+420543234647",
        "wheelchair": "yes"
      },
      "geometry": {
        "type": "Point",
        "coordinates": [
          16.6293927,
          49.153448
        ]
      },
      "id": "node/13294049305"
    },
    {
      "type": "Feature",
      "properties": {
        "@id": "node/13390649845",
        "amenity": "fuel",
        "branch": "Ladná, D2, směr Brno",
        "brand": "Shell",
        "brand:facebook": "ShellCeskaRepublika",
        "brand:website": "https://www.shell.cz/",
        "brand:wikidata": "Q110716465",
        "brand:wikipedia": "en:Royal Dutch Shell",
        "compressed_air": "yes",
        "fuel:GTL_diesel": "yes",
        "fuel:HGV_diesel": "yes",
        "fuel:adblue": "yes",
        "fuel:adblue:canister": "yes",
        "fuel:diesel": "yes",
        "fuel:octane_100": "yes",
        "fuel:octane_95": "yes",
        "name": "Shell",
        "opening_hours": "24/7",
        "operator": "Shell Czech Republic",
        "ref": "8048",
        "toilets": "yes",
        "wheelchair": "yes"
      },
      "geometry": {
        "type": "Point",
        "coordinates": [
          16.8940572,
          48.8099712
        ]
      },
      "id": "node/13390649845"
    },
    {
      "type": "Feature",
      "properties": {
        "@id": "node/13395181048",
        "amenity": "fuel",
        "branch": "Vyškov",
        "brand": "OMV",
        "brand:facebook": "omvceskarepublika",
        "brand:website": "https://www.omv.cz/cs-cz",
        "brand:wikidata": "Q168238",
        "brand:wikipedia": "cs:OMV",
        "compressed_air": "yes",
        "fuel:HGV_diesel": "yes",
        "fuel:diesel": "yes",
        "fuel:octane_100": "yes",
        "fuel:octane_95": "yes",
        "name": "OMV",
        "opening_hours": "Mo-Su 05:00-22:00",
        "operator": "OMV Česká republika",
        "payment:cash": "yes",
        "payment:dkv": "yes",
        "payment:mastercard": "yes",
        "payment:omv_card": "yes",
        "payment:routex": "yes",
        "payment:uta": "yes",
        "payment:visa": "yes",
        "phone": "+420 602 558 421",
        "wheelchair": "yes"
      },
      "geometry": {
        "type": "Point",
        "coordinates": [
          16.9765292,
          49.2649443
        ]
      },
      "id": "node/13395181048"
    },
    {
      "type": "Feature",
      "properties": {
        "@id": "node/13576311291",
        "amenity": "fuel",
        "branch": "Blansko",
        "brand": "Orlen",
        "brand:facebook": "orlencz",
        "brand:website": "https://www.orlen.cz",
        "brand:wikidata": "Q971649",
        "brand:wikipedia": "cs:Orlen",
        "compressed_air": "yes",
        "fuel:adblue": "yes",
        "fuel:diesel": "yes",
        "fuel:octane_100": "yes",
        "fuel:octane_95": "yes",
        "internet_access": "wlan",
        "internet_access:fee": "customers",
        "name": "Orlen",
        "opening_hours": "24/7",
        "operator": "Orlen Unipetrol RPA",
        "toilets": "yes",
        "wheelchair": "yes"
      },
      "geometry": {
        "type": "Point",
        "coordinates": [
          16.6423361,
          49.3595024
        ]
      },
      "id": "node/13576311291"
    },
    {
      "type": "Feature",
      "properties": {
        "@id": "node/13581740570",
        "amenity": "fuel",
        "email": "cargas.cz@seznam.cz",
        "fuel:adblue": "yes",
        "fuel:diesel": "yes",
        "fuel:octane_95": "yes",
        "fuel:octane_98": "yes",
        "name": "Čerpací stanice Janov",
        "opening_hours": "24/7",
        "website": "https://csjanov.cz/",
        "wheelchair": "yes"
      },
      "geometry": {
        "type": "Point",
        "coordinates": [
          16.3888905,
          49.8334532
        ]
      },
      "id": "node/13581740570"
    },
    {
      "type": "Feature",
      "properties": {
        "@id": "node/13608167409",
        "amenity": "fuel",
        "branch": "Velké Meziříčí, D1, směr Brno",
        "brand": "MOL",
        "brand:facebook": "molcesko",
        "brand:instagram": "mol_cesko",
        "brand:website": "https://molcesko.cz/cz",
        "brand:wikidata": "Q549181",
        "brand:wikipedia": "cs:MOL (holding)",
        "compressed_air": "yes",
        "fuel:HGV_diesel": "yes",
        "fuel:adblue": "yes",
        "fuel:diesel": "yes",
        "fuel:lpg": "yes",
        "fuel:octane_100": "yes",
        "fuel:octane_95": "yes",
        "internet_access": "wlan",
        "internet_access:fee": "customers",
        "name": "MOL",
        "opening_hours": "24/7",
        "operator": "MOL Česká republika",
        "payment:american_express": "yes",
        "payment:cash": "yes",
        "payment:ccs": "yes",
        "payment:dkv": "yes",
        "payment:e100": "yes",
        "payment:eurooil": "yes",
        "payment:ina": "yes",
        "payment:maestro": "yes",
        "payment:mastercard": "yes",
        "payment:mol": "yes",
        "payment:slovnaft": "yes",
        "payment:uta": "yes",
        "payment:v_pay": "yes",
        "payment:visa": "yes",
        "toilets": "yes",
        "wheelchair": "yes"
      },
      "geometry": {
        "type": "Point",
        "coordinates": [
          16.0192636,
          49.3582785
        ]
      },
      "id": "node/13608167409"
    },
    {
      "type": "Feature",
      "properties": {
        "@id": "node/13609569249",
        "amenity": "fuel",
        "branch": "Praha, Kbelská",
        "brand": "MOL",
        "brand:facebook": "molcesko",
        "brand:instagram": "mol_cesko",
        "brand:website": "https://molcesko.cz/cz",
        "brand:wikidata": "Q549181",
        "brand:wikipedia": "cs:MOL (holding)",
        "check_date": "2026-03-01",
        "compressed_air": "yes",
        "fuel:HGV_diesel": "yes",
        "fuel:adblue": "yes",
        "fuel:diesel": "yes",
        "fuel:lpg": "yes",
        "fuel:octane_100": "yes",
        "fuel:octane_95": "yes",
        "internet_access": "wlan",
        "internet_access:fee": "customers",
        "name": "MOL",
        "opening_hours": "24/7",
        "operator": "MOL Česká republika",
        "payment:american_express": "yes",
        "payment:cash": "yes",
        "payment:ccs": "yes",
        "payment:dkv": "yes",
        "payment:e100": "yes",
        "payment:eurooil": "yes",
        "payment:ina": "yes",
        "payment:maestro": "yes",
        "payment:mastercard": "yes",
        "payment:mol": "yes",
        "payment:slovnaft": "yes",
        "payment:uta": "yes",
        "payment:v_pay": "yes",
        "payment:visa": "yes",
        "phone": "+420 724 634 142",
        "toilets": "yes",
        "wheelchair": "yes"
      },
      "geometry": {
        "type": "Point",
        "coordinates": [
          14.5125332,
          50.1226253
        ]
      },
      "id": "node/13609569249"
    },
    {
      "type": "Feature",
      "properties": {
        "@id": "node/13708407918",
        "amenity": "fuel",
        "branch": "Mladá Boleslav,  Jičínská",
        "brand": "OMV",
        "brand:wikidata": "Q168238",
        "email": "station.mladaboleslav.jicinskajih@omv.com",
        "fuel:diesel": "yes",
        "fuel:lpg": "yes",
        "fuel:octane_100": "yes",
        "fuel:octane_95": "yes",
        "fuel:octane_98": "yes",
        "name": "OMV",
        "opening_hours": "Mo-Su 05:00-23:00",
        "operator": "OMV Česká republika, s.r.o.",
        "phone": "+420 326330073",
        "website": "https://www.omv.cz/"
      },
      "geometry": {
        "type": "Point",
        "coordinates": [
          14.930646,
          50.4099482
        ]
      },
      "id": "node/13708407918"
    },
    {
      "type": "Feature",
      "properties": {
        "@id": "node/13727243768",
        "amenity": "fuel",
        "branch": "Návsí",
        "brand": "Shell",
        "brand:wikidata": "Q110716465",
        "contact:email": "romana.mikulova@jurtrans.cz.",
        "contact:phone": "+420 603 202 246",
        "fuel:adblue": "yes",
        "fuel:diesel": "yes",
        "fuel:lpg": "yes",
        "fuel:octane_100": "yes",
        "fuel:octane_95": "yes",
        "name": "Shell",
        "opening_hours": "24/7",
        "operator": "JUR Trans",
        "payment:cash": "yes",
        "payment:credit_cards": "yes",
        "payment:debit_cards": "yes",
        "payment:nfc": "yes",
        "self_service": "no",
        "toilets": "yes",
        "website": "https://www.jurtrans.cz/návsí"
      },
      "geometry": {
        "type": "Point",
        "coordinates": [
          18.7465936,
          49.5984336
        ]
      },
      "id": "node/13727243768"
    },
    {
      "type": "Feature",
      "properties": {
        "@id": "node/13733028594",
        "amenity": "fuel",
        "brand": "Orlen",
        "brand:wikidata": "Q971649",
        "brand:wikipedia": "en:Orlen",
        "fuel:diesel": "yes",
        "fuel:octane_100": "yes",
        "fuel:octane_95": "yes",
        "name": "Orlen",
        "opening_hours": "24/7",
        "operator": "Orlen"
      },
      "geometry": {
        "type": "Point",
        "coordinates": [
          18.3464628,
          49.6678427
        ]
      },
      "id": "node/13733028594"
    },
    {
      "type": "Feature",
      "properties": {
        "@id": "node/13761229514",
        "amenity": "fuel",
        "branch": "D3, Mitrovice, směr České Budějovice",
        "brand": "Orlen",
        "brand:facebook": "orlencz",
        "brand:website": "https://www.orlen.cz",
        "brand:wikidata": "Q971649",
        "brand:wikipedia": "cs:Orlen",
        "compressed_air": "yes",
        "fuel:HGV_diesel": "yes",
        "fuel:adblue": "yes",
        "fuel:diesel": "yes",
        "fuel:octane_100": "yes",
        "fuel:octane_95": "yes",
        "internet_access": "wlan",
        "internet_access:fee": "customers",
        "name": "Orlen",
        "opening_hours": "24/7",
        "operator": "Orlen Unipetrol RPA",
        "toilets": "yes",
        "wheelchair": "yes"
      },
      "geometry": {
        "type": "Point",
        "coordinates": [
          14.6636069,
          49.5338067
        ]
      },
      "id": "node/13761229514"
    },
    {
      "type": "Feature",
      "properties": {
        "@id": "node/13761229526",
        "amenity": "fuel",
        "branch": "D3, Mitrovice, směr Praha",
        "brand": "Orlen",
        "brand:facebook": "orlencz",
        "brand:website": "https://www.orlen.cz",
        "brand:wikidata": "Q971649",
        "brand:wikipedia": "cs:Orlen",
        "compressed_air": "yes",
        "fuel:HGV_diesel": "yes",
        "fuel:adblue": "yes",
        "fuel:diesel": "yes",
        "fuel:octane_100": "yes",
        "fuel:octane_95": "yes",
        "internet_access": "wlan",
        "internet_access:fee": "customers",
        "name": "Orlen",
        "opening_hours": "24/7",
        "operator": "Orlen Unipetrol RPA",
        "phone": "+420 736 506 309",
        "toilets": "yes",
        "wheelchair": "yes"
      },
      "geometry": {
        "type": "Point",
        "coordinates": [
          14.665145,
          49.5317497
        ]
      },
      "id": "node/13761229526"
    }
  ]
}